Time,Tt_actual,wt_actual,Ts_actual,fa_dot,fw_dot,u3,Tt_ref,wt_ref,Ts_ref
0.0,24.0,8.0,18.0,0.0,0.0,0.0,24.0,8.0,15.0
0.1,24.00105,8.000224,17.516603,2.0,0.001,0.002,24.003199991466673,7.998000002083333,15.0
0.2,24.001883,8.000448,17.120934,2.0,0.001,0.002,24.00639993173355,7.996000016666645,15.0
0.30000000000000004,24.002535,8.000672,16.797062,2.0,0.001,0.002,24.00959976960166,7.994000056249842,15.0
0.4,24.00304,8.000896,16.53195,2.0,0.001,0.002,24.012799453873658,7.992000133332667,15.0
0.5,24.003426,8.001121,16.31493,2.0,0.001,0.002,24.015998933354666,7.990000260414632,15.0
0.6000000000000001,24.003714,8.001345,16.13727,2.0,0.001,0.002,24.019198156853083,7.988000449994938,15.0
0.7000000000000001,24.003922,8.001568,15.991822,2.0,0.001,0.002,24.022397073181402,7.986000714572391,15.0
0.8,24.004063,8.001791,15.872739,2.0,0.001,0.002,24.025595631157024,7.984001066645334,15.0
0.9,24.00415,8.002014,15.775232,2.0,0.001,0.002,24.028793779603095,7.982001518711557,15.0
1.0,24.004194,8.002237,15.695385,2.0,0.001,0.002,24.031991467349307,7.98000208326823,15.0
1.1,24.004202,8.0024605,15.629991,2.0,0.001,0.002,24.035188643232726,7.978002772811817,15.0
1.2000000000000002,24.00418,8.002684,15.576425,2.0,0.001,0.002,24.0383852560986,7.976003599838004,15.0
1.3,24.004135,8.002907,15.532539,2.0,0.001,0.002,24.041581254801198,7.974004576841613,15.0
1.4000000000000001,24.00407,8.00313,15.496577,2.0,0.001,0.002,24.044776588204606,7.972005716316531,15.0
1.5,24.00399,8.003353,15.467099,2.0,0.001,0.002,24.047971205183554,7.970007030755632,15.0
1.6,24.003897,8.003575,15.442928,2.0,0.001,0.002,24.051165054624246,7.968008532650693,15.0
1.7000000000000002,24.003792,8.003798,15.423101,2.0,0.001,0.002,24.054358085425157,7.9660102344923205,15.0
1.8,24.007755,7.9988217,15.527981,0.1,0.0,-0.05,24.057550246497858,7.964012148769871,15.0
1.9000000000000001,24.01172,7.9938464,15.631876,0.1,0.0,-0.05,24.060741486767846,7.9620142879713764,15.0
2.0,24.008654,7.98888,19.135935,4.4477043,0.000120788034,-0.05,24.06393175517534,7.960016664583457,15.0
2.1,24.008718,7.9839196,21.383139,4.4477043,0.000120788034,-0.05,24.067121000676114,7.958019291091254,15.0
2.2,24.010792,7.9863677,23.189215,5.0,0.0,0.024052564,24.070309172242307,7.956022179978346,15.0
2.3000000000000003,24.014645,7.988813,24.285433,5.0,0.0,0.024052564,24.073496218863248,7.954025343726669,15.0
2.4000000000000004,24.019566,7.9838543,24.952282,5.0,0.0,-0.05,24.076682089546253,7.952028794816444,15.0
2.5,24.025122,7.978902,25.359636,5.0,0.0,-0.05,24.079866733317463,7.950032545726096,15.0
2.6,24.031065,7.9785113,25.609097,5.0,0.0,-0.0044132355,24.083050099222643,7.948036608932174,15.0
2.7,24.037247,7.9781213,25.762348,5.0,0.0,-0.0044132355,24.086232136328007,7.946040996909277,15.0
2.8000000000000003,24.04357,7.9763546,25.857454,5.0,0.0,-0.01819427,24.089412793721028,7.944045722129974,15.0
2.9000000000000004,24.049973,7.9745903,25.917458,5.0,0.0,-0.01819427,24.09259202051126,7.942050797064725,15.0
3.0,24.056423,7.973386,25.956106,5.0,0.0,-0.012613698,24.095769765831136,7.940056234181806,15.0
3.1,24.062902,7.9721828,25.981749,5.0,0.0,-0.012613698,24.098945978836802,7.938062045947229,15.0
3.2,24.069397,7.971461,25.999443,5.0,0.0,-0.007816104,24.10212060870892,7.9360682448246616,15.0
3.3000000000000003,24.0759,7.97074,26.012266,5.0,0.0,-0.007816104,24.105293604653475,7.934074843275357,15.0
3.4000000000000004,24.082403,7.970269,26.022095,4.9937897,0.0,-0.005317592,24.1084649159026,7.932081853758067,15.0
3.5,24.08891,7.969799,26.030088,4.9937897,0.0,-0.005317592,24.11163449171539,7.93008928872897,15.0
3.6,24.095413,7.969737,26.036915,4.990883,0.0,-0.0012424937,24.11480228137869,7.928097160641591,15.0
3.7,24.101917,7.969675,26.04299,4.990883,0.0,-0.0012424937,24.11796823420794,7.926105481946724,15.0
3.8000000000000003,24.108423,7.969654,26.048613,4.9985294,0.0,-0.0008319637,24.121132299547956,7.924114265092354,15.0
3.9000000000000004,24.11493,7.969633,26.053947,4.9985294,0.0,-0.0008319637,24.124294426773766,7.922123522523581,15.0
4.0,24.120298,7.9695897,24.386158,4.998553,0.0010006926,-0.0010581972,24.127454565291398,7.920133266682537,15.0
4.1000000000000005,24.124023,7.9695463,23.375355,4.998553,0.0010006926,-0.0010581972,24.130612664538702,7.918143510008318,15.0
4.2,24.127914,7.9645867,23.85172,1.9419361,0.0,-0.05,24.133768673986165,7.916154264936894,15.0
4.3,24.132008,7.9596295,24.245062,1.9419361,0.0,-0.05,24.136922543137693,7.914165543901041,15.0
4.4,24.135143,7.954684,21.399446,2.800208,0.0017776809,-0.05,24.140074221531453,7.9121773593302605,15.0
4.5,24.136532,7.9497414,19.249905,2.800208,0.0017776809,-0.05,24.14322365874066,7.9101897236506975,15.0
4.6000000000000005,24.140505,7.944767,12.973524,0.1,0.003,-0.05,24.14637080437438,7.9082026492850686,15.0
4.7,24.144321,7.9397926,6.7596536,0.1,0.003,-0.05,24.149515608078353,7.906216148652584,15.0
4.800000000000001,24.131742,7.9348955,14.364911,5.0,0.0,-0.05,24.152658019535785,7.904230234168865,15.0
4.9,24.126635,7.930004,18.978304,5.0,0.0,-0.05,24.155797988468162,7.90224491824587,15.0
5.0,24.122648,7.925119,16.762964,5.0,0.003,-0.05,24.15893546463605,7.900260213291818,15.0
5.1000000000000005,24.116474,7.92024,15.418357,5.0,0.003,-0.05,24.16207039783989,7.898276131711108,15.0
5.2,24.118923,7.922676,9.838266,0.59,0.003,0.024004275,24.165202737920826,7.896292685904244,15.0
5.300000000000001,24.120573,7.9251122,4.5778813,0.59,0.003,0.024004275,24.168332434761478,7.894309888267755,15.0
5.4,24.105833,7.9202332,13.037157,5.0,0.0,-0.05,24.171459438286764,7.892327751194121,15.0
5.5,24.099405,7.9153605,18.168247,5.0,0.0,-0.05,24.174583698464694,7.890346287071692,15.0
5.6000000000000005,24.101427,7.9143176,19.30449,1.5489984,0.0,-0.010999515,24.177705165307177,7.888365508284611,15.0
5.7,24.103855,7.9132752,20.278013,1.5489984,0.0,-0.010999515,24.180823788870804,7.88638542721274,15.0
5.800000000000001,24.10663,7.9124236,21.11213,1.5488536,0.0,-0.009096484,24.183939519257667,7.884406056231579,15.0
5.9,24.109703,7.9115725,21.82695,1.5488536,0.0,-0.009096484,24.187052306616145,7.88242740771219,15.0
6.0,24.109594,7.9109325,19.14287,4.344295,0.00243,-0.0076083154,24.19016210114171,7.8804494940211205,15.0
6.1000000000000005,24.10712,7.910293,17.403992,4.344295,0.00243,-0.0076083154,24.193268853077708,7.878472327520324,15.0
6.2,24.103117,7.9097333,16.276867,4.34429,0.002429997,-0.006819017,24.196372512716184,7.876495920567085,15.0
6.300000000000001,24.098124,7.909174,15.545677,4.34429,0.002429997,-0.006819017,24.199473030398647,7.874520285513941,15.0
6.4,24.09258,7.908601,15.075052,4.305314,0.0024076821,-0.006955166,24.202570356516876,7.872545434708603,15.0
6.5,24.08663,7.908028,14.76762,4.305314,0.0024076821,-0.006955166,24.205664441513726,7.8705713804938835,15.0
6.6000000000000005,24.080462,7.907427,14.567371,4.2864504,0.0023968823,-0.0072453064,24.208755235883896,7.868598135207615,15.0
6.7,24.074121,7.906826,14.435396,4.2864504,0.0023968823,-0.0072453064,24.211842690174745,7.866625711182574,15.0
6.800000000000001,24.072908,7.904013,14.440315,2.183373,0.0011928005,-0.028887603,24.214926754987072,7.864654120746403,15.0
6.9,24.071695,7.9012017,14.444422,2.183373,0.0011928005,-0.028887603,24.218007380975905,7.862683376221537,15.0
7.0,24.075626,7.896229,14.560158,0.1,0.0,-0.05,24.221084518851292,7.860713489925123,15.0
7.1000000000000005,24.07956,7.891256,14.674802,0.1,0.0,-0.05,24.224158119379094,7.858744474168944,15.0
7.2,24.083494,7.8868465,14.7883625,0.1,0.0,-0.04436228,24.227228133381768,7.856776341259341,15.0
7.300000000000001,24.087433,7.8824377,14.900848,0.1,0.0,-0.04436228,24.230294511739153,7.854809103497138,15.0
7.4,24.091373,7.8776703,15.012272,0.1,0.0,-0.047947355,24.233357205389268,7.852842773177567,15.0
7.5,24.095316,7.872903,15.122644,0.1,0.0,-0.047947355,24.23641616532907,7.850877362590184,15.0
7.6000000000000005,24.099262,7.8761415,15.231953,0.1,0.0,0.032110672,24.239471342615275,7.8489128840188,15.0
7.7,24.10321,7.87938,15.340184,0.1,0.0,0.032110672,24.242522688365103,7.846949349741398,15.0
7.800000000000001,24.107162,7.8805413,15.447354,0.1,0.0,0.011335256,24.245570153757093,7.844986772030063,15.0
7.9,24.111116,7.8817024,15.553481,0.1,0.0,0.011335256,24.248613690031863,7.843025163150897,15.0
8.0,24.108831,7.883195,18.256317,3.4833624,0.00022437332,0.013656479,24.251653248492893,7.841064535363951,15.0
8.1,24.108538,7.884686,20.163733,3.4833624,0.00022437332,0.013656479,24.25468878050732,7.839104900923141,15.0
8.200000000000001,24.109816,7.886419,21.87266,3.484009,2.243732e-05,0.016087597,24.25772023750669,7.837146272076177,15.0
8.3,24.112352,7.88815,23.07905,3.484009,2.243732e-05,0.016087597,24.260747570987757,7.835188661064483,15.0
8.4,24.115704,7.893311,24.271282,5.0,0.0,0.05,24.26377073251325,7.83323208012312,15.0
8.5,24.120237,7.8984656,24.99467,5.0,0.0,0.05,24.26678967371265,7.8312765414807135,15.0
8.6,24.125477,7.89362,25.43513,5.0,0.0,-0.05,24.269804346282964,7.8293220573593745,15.0
8.700000000000001,24.13113,7.8887806,25.705145,5.0,0.0,-0.05,24.272814701989493,7.82736863997462,15.0
8.8,24.137032,7.885866,25.871588,5.0,0.0,-0.0307978,24.27582069266661,7.825416301535305,15.0
8.9,24.143082,7.882955,25.975035,5.0,0.0,-0.0307978,24.27882227021853,7.8234650542435356,15.0
9.0,24.149225,7.8846073,26.039705,5.0,0.0,0.014827266,24.28181938662007,7.821514910294604,15.0
9.1,24.15543,7.8862576,26.08038,5.0,0.0,0.014827266,24.28481199391744,7.819565881876901,15.0
9.200000000000001,24.161673,7.8880343,26.10649,5.0,0.0,0.016113421,24.287800044228984,7.817617981171849,15.0
9.3,24.16794,7.889809,26.123758,5.0,0.0,0.016113421,24.29078348974596,7.8156712203538214,15.0
9.4,24.174213,7.8849745,26.136517,5.0,0.0,-0.05,24.2937622827333,7.813725611590066,15.0
9.5,24.18048,7.8801455,26.147245,5.0,0.0,-0.05,24.296736375530386,7.811781167040633,15.0
9.600000000000001,24.186743,7.881031,26.15601,5.0,0.0,0.007120612,24.299705720551792,7.809837898858293,15.0
9.700000000000001,24.19301,7.8819156,26.162968,5.0,0.0,0.007120612,24.302670270288065,7.807895819188465,15.0
9.8,24.199286,7.8857565,26.168451,5.0,0.0,0.03671206,24.30562997730647,7.805954940169142,15.0
9.9,24.20557,7.8895926,26.172726,5.0,0.0,0.03671206,24.308584794251757,7.804015273930812,15.0
10.0,24.211863,7.8925204,26.176384,5.0,0.0,0.027673103,24.31153467384692,7.802076832596382,15.0
10.100000000000001,24.21816,7.8954444,26.179771,5.0,0.0,0.027673103,24.314479568893947,7.800139628281103,15.0
10.200000000000001,24.224464,7.89786,26.18306,5.0,0.0,0.022621987,24.317419432274583,7.798203673092497,15.0
10.3,24.230772,7.900273,26.186344,5.0,0.0,0.022621987,24.32035421695107,7.796268979130278,15.0
10.4,24.237078,7.8992934,26.190063,5.0,0.0,-0.011290699,24.323283875966922,7.794335558486276,15.0
10.5,24.243378,7.8983154,26.19441,5.0,0.0,-0.011290699,24.326208362447655,7.792403423244363,15.0
10.600000000000001,24.249672,7.896721,26.199215,5.0,0.0,-0.017468631,24.32912762960155,7.79047258548038,15.0
10.700000000000001,24.255959,7.8951283,26.204361,5.0,0.0,-0.017468631,24.33204163072039,7.788543057262056,15.0
10.8,24.262241,7.894512,26.209587,5.0,0.0,-0.007721366,24.334950319180223,7.786614850648935,15.0
10.9,24.26852,7.8938966,26.214756,5.0,0.0,-0.007721366,24.337853648442096,7.784687977692303,15.0
11.0,24.274794,7.8918524,26.220072,5.0,0.0,-0.02202662,24.3407515720528,7.78276245043511,15.0
11.100000000000001,24.28106,7.8898106,26.225628,5.0,0.0,-0.02202662,24.34364404364562,7.780838280911894,15.0
11.200000000000001,24.287317,7.886867,26.231443,5.0,0.0,-0.031073662,24.346531016941075,7.778915481148709,15.0
11.3,24.293566,7.8839273,26.23751,5.0,0.0,-0.031073662,24.34941244574765,7.776994063163047,15.0
11.4,24.299805,7.880543,26.243784,5.0,0.0,-0.035555974,24.352288283962547,7.775074038963765,15.0
11.5,24.306032,7.8771634,26.250225,5.0,0.0,-0.035555974,24.355158485572417,7.7731554205510065,15.0
11.600000000000001,24.31225,7.8734264,26.256813,5.0,0.0,-0.039174084,24.358023004654093,7.771238219916132,15.0
11.700000000000001,24.318457,7.8696938,26.263523,5.0,0.0,-0.039174084,24.360881795375334,7.7693224490416375,15.0
11.8,24.324652,7.865947,26.270306,5.0,0.0,-0.039364878,24.363734811995545,7.767408119901086,15.0
11.9,24.330835,7.8622046,26.27713,5.0,0.0,-0.039364878,24.366582008866526,7.765495244459028,15.0
12.0,24.337008,7.857404,26.284111,5.0,0.0,-0.05,24.369423340433187,7.7635838346709285,15.0
12.100000000000001,24.343164,7.8526096,26.291296,5.0,0.0,-0.05,24.37225876123428,7.761673902483093,15.0
12.200000000000001,24.349308,7.847821,26.298601,5.0,0.0,-0.05,24.375088225903134,7.7597654598325905,15.0
12.3,24.355438,7.843039,26.305971,5.0,0.0,-0.05,24.37791168916838,7.757858518647183,15.0
12.4,24.361555,7.8382626,26.313377,5.0,0.0,-0.05,24.380729105854655,7.755953090845245,15.0
12.5,24.367659,7.8334923,26.320799,5.0,0.0,-0.05,24.38354043088336,7.754049188335696,15.0
12.600000000000001,24.373749,7.8287277,26.328224,5.0,0.0,-0.05,24.386345619273357,7.752146823017918,15.0
12.700000000000001,24.379826,7.8239694,26.335648,5.0,0.0,-0.05,24.389144626141686,7.75024600678169,15.0
12.8,24.385891,7.8192167,26.343063,5.0,0.0,-0.05,24.391937406704297,7.748346751507106,15.0
12.9,24.391943,7.81447,26.350471,5.0,0.0,-0.05,24.394723916276764,7.746449069064506,15.0
13.0,24.397985,7.812735,26.357483,5.0,0.0,-0.019922018,24.39750411027499,7.744552971314399,15.0
13.100000000000001,24.404024,7.8110023,26.363928,5.0,0.0,-0.019922018,24.400277944215933,7.74265847010739,15.0
13.200000000000001,24.410053,7.806266,26.37041,5.0,0.0,-0.05,24.403045373718307,7.7407655772841055,15.0
13.3,24.416067,7.801535,26.377237,5.0,0.0,-0.05,24.405806354503298,7.738874304675119,15.0
13.4,24.422068,7.7968106,26.384268,5.0,0.0,-0.05,24.408560842395275,7.736984664100877,15.0
13.5,24.428055,7.792092,26.391415,5.0,0.0,-0.05,24.41130879332249,7.7350966673716295,15.0
13.600000000000001,24.434029,7.7873793,26.398626,5.0,0.0,-0.05,24.414050163317786,7.733210326287349,15.0
13.700000000000001,24.43999,7.7826724,26.405874,5.0,0.0,-0.05,24.416784908519304,7.7313256526376595,15.0
13.8,24.445936,7.7779713,26.413137,5.0,0.0,-0.05,24.419512985171174,7.729442658201767,15.0
13.9,24.451872,7.7732763,26.420404,5.0,0.0,-0.05,24.422234349624233,7.72756135474838,15.0
14.0,24.457794,7.768587,26.42767,5.0,0.0,-0.05,24.424948958336707,7.725681754035639,15.0
14.100000000000001,24.463703,7.7639036,26.434927,5.0,0.0,-0.05,24.42765676787491,7.723803867811042,15.0
14.200000000000001,24.469599,7.759226,26.442177,5.0,0.0,-0.05,24.430357734913954,7.721927707811372,15.0
14.3,24.475483,7.7545543,26.449415,5.0,0.0,-0.05,24.433051816238418,7.720053285762624,15.0
14.4,24.481354,7.7498884,26.456642,5.0,1.1570041e-12,-0.05,24.43573896874306,7.7181806133799284,15.0
14.5,24.487211,7.7452283,26.463856,5.0,1.1570041e-12,-0.05,24.4384191494335,7.716309702367481,15.0
14.600000000000001,24.49177,7.7404814,24.765448,3.5564678,0.00095272105,-0.05,24.4410923154269,7.714440564418471,15.0
14.700000000000001,24.495045,7.7357388,23.576975,3.5564678,0.00095272105,-0.05,24.443758423952662,7.712573211215004,15.0
14.8,24.497627,7.7358365,23.667223,4.1623755,0.00051871926,-0.0020153774,24.446417432353112,7.71070765442803,15.0
14.9,24.500284,7.7359343,23.727404,4.1623755,0.00051871926,-0.0020153774,24.449069298084165,7.708843905717275,15.0
15.0,24.502983,7.7359953,23.739336,4.1402893,0.00053220935,-0.002363963,24.45171397871603,7.706981976731162,15.0
15.100000000000001,24.50569,7.7360563,23.7479,4.1402893,0.00053220935,-0.002363963,24.45435143193387,7.70512187910674,15.0
15.200000000000001,24.507587,7.7312284,18.577621,2.2195857,0.003,-0.05,24.456981615538492,7.7032636244696135,15.0
15.3,24.506907,7.726403,14.437125,2.2195857,0.003,-0.05,24.459604487447017,7.7014072244338685,15.0
15.4,24.504162,7.7254286,11.121011,2.2197127,0.003,-0.011513186,24.462220005693545,7.699552690601999,15.0
15.5,24.499767,7.7244544,8.464567,2.2197127,0.003,-0.011513186,24.464828128429843,7.697700034564835,15.0
15.600000000000001,24.487854,7.719826,15.555128,5.0,0.0,-0.05,24.467428813926006,7.695849267901471,15.0
15.700000000000001,24.482904,7.715204,19.856262,5.0,0.0,-0.05,24.470022020571115,7.694000402179192,15.0
15.8,24.486868,7.710235,13.577833,0.1,0.003,-0.05,24.47260770687392,7.692153448953404,15.0
15.9,24.490675,7.705267,7.3619347,0.1,0.003,-0.05,24.4751858314635,7.6903084197675575,15.0
16.0,24.47763,7.7006626,14.887729,5.0,0.0,-0.05,24.477756353089912,7.6884653261530795,15.0
16.1,24.47198,7.696064,19.452686,5.0,0.0,-0.05,24.48031923062487,7.686624179629299,15.0
16.2,24.476011,7.691096,19.522802,0.1,1.3093423e-11,-0.05,24.482874423062384,7.684784991703376,15.0
16.3,24.480045,7.686128,19.59228,0.1,1.3093423e-11,-0.05,24.48542188951943,7.682947773870228,15.0
16.400000000000002,24.484009,7.6811604,13.951079,0.1,0.0027,-0.05,24.487961589236598,7.681112537612462,15.0
16.5,24.487831,7.6761928,8.366069,0.1,0.0027,-0.05,24.490493481578746,7.679279294400297,15.0
16.6,24.47569,7.6716247,15.503182,5.0,0.0,-0.05,24.493017526035658,7.677448055691499,15.0
16.7,24.47056,7.6670623,19.83249,5.0,0.0,-0.05,24.495533682222668,7.675618832931302,15.0
16.8,24.471128,7.672238,15.121563,1.8287525,0.003,0.05,24.498041909881334,7.673791637552344,15.0
16.900000000000002,24.469734,7.677411,11.197376,1.8287525,0.003,0.05,24.500542168880067,7.671966480974589,15.0
17.0,24.47275,7.682388,5.319389,0.27287525,0.003,0.04930448,24.503034419214774,7.67014337460526,15.0
17.1,24.47537,7.687364,-0.4003948,0.27287525,0.003,0.04930448,24.505518621009507,7.668322329838766,15.0
17.2,24.454662,7.682782,10.176149,5.0,0.0,-0.05,24.50799473451709,7.666503358056631,15.0
17.3,24.444353,7.678206,16.59047,5.0,0.0,-0.05,24.510462720119754,7.664686470627423,15.0
17.400000000000002,24.448315,7.674321,16.688961,0.1,0.0,-0.039174024,24.51292253832979,7.662871678906681,15.0
17.5,24.452278,7.6704364,16.786526,0.1,0.0,-0.039174024,24.51537414979015,7.66105899423685,15.0
17.6,24.456244,7.6655774,16.883175,0.1,0.0,-0.0489174,24.517817515275112,7.6592484279472,15.0
17.7,24.46021,7.6607184,16.978922,0.1,0.0,-0.0489174,24.520252595690877,7.657439991353767,15.0
17.8,24.46418,7.6559234,17.073774,0.1,0.0,-0.04827799,24.52267935207621,7.655633695759273,15.0
17.900000000000002,24.468151,7.651129,17.167742,0.1,0.0,-0.04827799,24.52509774560306,7.653829552453059,15.0
18.0,24.472067,7.649706,12.719885,0.1,0.0021471856,-0.014559219,24.527507737577178,7.652027572711016,15.0
18.1,24.475872,7.648283,8.316322,0.1,0.0021471856,-0.014559219,24.529909289438752,7.65022776779551,15.0
18.2,24.463612,7.6437497,15.476031,5.0,0.0,-0.05,24.532302362762998,7.648430148955318,15.0
18.3,24.458385,7.639222,19.81901,5.0,0.0,-0.05,24.534686919260796,7.646634727425549,15.0
18.400000000000002,24.457434,7.644694,22.45319,5.0,0.0,0.05,24.537062920779295,7.6448415144275845,15.0
18.5,24.459087,7.650159,24.050417,5.0,0.0,0.05,24.539430329302515,7.643050521168998,15.0
18.6,24.462309,7.6460366,25.020267,5.0,0.0,-0.04586373,24.541789106951978,7.641261758843492,15.0
18.7,24.466469,7.6419196,25.61083,5.0,0.0,-0.04586373,24.544139215987286,7.639475238630826,15.0
18.8,24.471207,7.647388,25.970236,5.0,0.0,0.05,24.546480618806743,7.637690971696745,15.0
18.900000000000002,24.476309,7.6528497,26.188484,5.0,0.0,0.05,24.548813277947964,7.635908969192911,15.0
19.0,24.48163,7.6547637,26.321619,5.0,0.0,0.014571145,24.55113715608844,7.634129242256836,15.0
19.1,24.487083,7.6566753,26.403543,5.0,0.0,0.014571145,24.55345221604618,7.632351802011804,15.0
19.200000000000003,24.492617,7.658365,26.454453,5.0,0.0,0.012369409,24.55575842078027,7.630576659566813,15.0
19.3,24.498198,7.6600523,26.486584,5.0,0.0,0.012369409,24.55805573339148,7.628803826016498,15.0
19.400000000000002,24.503807,7.659428,26.50763,5.0,0.0,-0.010738951,24.560344117122863,7.627033312441061,15.0
19.5,24.50943,7.658805,26.522203,5.0,0.0,-0.010738951,24.562623535360327,7.625265129906208,15.0
19.6,24.515062,7.660946,26.5325,5.0,0.0,0.01691679,24.564893951633227,7.623499289463074,15.0
19.700000000000003,24.520706,7.6630845,26.539904,5.0,0.0,0.01691679,24.567155329614955,7.621735802148153,15.0
19.8,24.526354,7.6626577,26.545887,5.0,0.0,-0.008727672,24.569407633123504,7.619974678983239,15.0
19.900000000000002,24.532,7.6622314,26.551283,5.0,0.0,-0.008727672,24.571650826122074,7.618215930975344,15.0
20.0,24.537643,7.661713,26.556334,5.0,0.0,-0.009650648,24.573884872719617,7.616459569116637,15.0
20.1,24.543285,7.6611958,26.561186,5.0,0.0,-0.009650648,24.576109737171443,7.614705604384375,15.0
20.200000000000003,24.548918,7.656679,26.566427,5.0,0.0,-0.049671475,24.578325383879765,7.612954047740832,15.0
20.3,24.554537,7.6521683,26.57233,5.0,0.0,-0.049671475,24.580531777394278,7.61120491013323,15.0
20.400000000000002,24.560152,7.6546865,26.577732,5.0,0.0,0.020608202,24.58272888241274,7.609458202493673,15.0
20.5,24.565775,7.657202,26.582073,5.0,0.0,0.020608202,24.584916663781517,7.607713935739081,15.0
20.6,24.571392,7.6526575,26.586678,5.0,0.0,-0.05,24.58709508649615,7.6059721207711135,15.0
20.700000000000003,24.576994,7.648119,26.592196,5.0,0.0,-0.05,24.589264115701923,7.604232768476107,15.0
20.8,24.582584,7.6446104,26.598133,5.0,0.0,-0.039748445,24.59142371669442,7.60249588972501,15.0
20.900000000000002,24.588165,7.641106,26.60421,5.0,0.0,-0.039748445,24.59357385492006,7.600761495373309,15.0
21.0,24.593737,7.6382656,26.610283,5.0,0.0,-0.03315224,24.595714495976686,7.599029596260962,15.0
21.1,24.599298,7.635429,26.61628,5.0,0.0,-0.03315224,24.597845605614086,7.597300203212333,15.0
21.200000000000003,24.604853,7.632561,26.62223,5.0,0.0,-0.033497933,24.599967149734553,7.5955733270361225,15.0
21.3,24.610397,7.629697,26.628155,5.0,0.0,-0.033497933,24.60207909439342,7.593848978525302,15.0
21.400000000000002,24.615932,7.625201,26.634268,5.0,0.0,-0.049856223,24.604181405799622,7.5921271684570435,15.0
21.5,24.621454,7.6207113,26.640667,5.0,0.0,-0.049856223,24.606274050316223,7.590407907592654,15.0
21.6,24.626968,7.6199813,26.646755,5.0,0.0,-0.012289957,24.608356994460948,7.58869120667751,15.0
21.700000000000003,24.63248,7.619252,26.652246,5.0,0.0,-0.012289957,24.610430204906745,7.586977076440984,15.0
21.8,24.63799,7.6185074,26.657377,5.0,0.0,-0.012456333,24.612493648482282,7.585265527596387,15.0
21.900000000000002,24.643497,7.6177635,26.66229,5.0,0.0,-0.012456333,24.61454729217251,7.583556570840891,15.0
22.0,24.649002,7.617242,26.667044,5.0,0.0,-0.010242248,24.616591103119177,7.5818502168554724,15.0
22.1,24.654503,7.6167207,26.671673,5.0,0.0,-0.010242248,24.618625048621343,7.580146476304837,15.0
22.200000000000003,24.659996,7.612227,26.676735,5.0,0.0,-0.05,24.62064909613593,7.5784453598373585,15.0
22.3,24.665474,7.607739,26.682484,5.0,0.0,-0.05,24.622663213278223,7.576746878085009,15.0
22.400000000000002,24.670938,7.6032567,26.688644,5.0,0.0,-0.05,24.624667367822383,7.5750510416632935,15.0
22.5,24.676392,7.5987797,26.69505,5.0,0.0,-0.05,24.626661527701987,7.573357861171184,15.0
22.6,24.681831,7.5943084,26.701597,5.0,1.1217216e-12,-0.05,24.628645661010516,7.571667347191053,15.0
22.700000000000003,24.687258,7.589843,26.708225,5.0,1.1217216e-12,-0.05,24.63061973600188,7.569979510288609,15.0
22.8,24.692673,7.5853825,26.7149,5.0,1.1217217e-13,-0.05,24.632583721090917,7.568294361012825,15.0
22.900000000000002,24.698074,7.580928,26.721596,5.0,1.1217217e-13,-0.05,24.634537584853916,7.566611909895879,15.0
23.0,24.703465,7.576479,26.7283,4.9999995,3.78028e-10,-0.04999999,24.636481296029093,7.564932167453086,15.0
23.1,24.708843,7.5720353,26.735004,4.9999995,3.78028e-10,-0.04999999,24.638414823517113,7.56325514418283,15.0
23.200000000000003,24.714209,7.5675974,26.741703,4.9999976,1.3619156e-09,-0.049999945,24.640338136381573,7.561580850566501,15.0
23.3,24.719563,7.563165,26.748394,4.9999976,1.3619156e-09,-0.049999945,24.642251203849515,7.55990929706843,15.0
23.400000000000002,24.72359,7.5624332,24.609528,3.085916,0.0011718892,-0.010937034,24.644153995311893,7.558240494135818,15.0
23.5,24.726196,7.561702,23.039288,3.085916,0.0011718892,-0.010937034,24.64604648032409,7.556574452198681,15.0
23.6,24.727669,7.562599,23.006134,3.8625255,0.0006964131,0.004504185,24.647928628606387,7.554911181669773,15.0
23.700000000000003,24.729116,7.563496,22.98378,3.8625255,0.0006964131,0.004504185,24.649800410044445,7.553250692944531,15.0
23.8,24.730606,7.563422,22.074892,3.2397335,0.0010777143,-0.004517619,24.651661794689804,7.551592996401005,15.0
23.900000000000002,24.731466,7.5633483,21.417746,3.2397335,0.0010777143,-0.004517619,24.653512752760353,7.549938102399791,15.0
24.0,24.731123,7.5586705,17.105225,2.7122934,0.003,-0.05,24.655353254640797,7.548286021283972,15.0
24.1,24.728212,7.5539956,13.817484,2.7122934,0.003,-0.05,24.657183270883152,7.546636763379049,15.0
24.200000000000003,24.723345,7.552225,11.310678,2.7124536,0.003,-0.020978147,24.659002772207188,7.54499033899288,15.0
24.3,24.71699,7.550456,9.398625,2.7124536,0.003,-0.020978147,24.660811729500928,7.543346758415611,15.0
24.400000000000002,24.70525,7.5460453,16.227013,5.0,0.0,-0.05,24.662610113821096,7.541706031919615,15.0
24.5,24.700218,7.54164,20.369022,5.0,0.0,-0.05,24.664397896393577,7.540068169759428,15.0
24.6,24.70418,7.5466757,14.0881195,0.1,0.003,0.05,24.666175048613887,7.538433182171683,15.0
24.700000000000003,24.707985,7.551711,7.869712,0.1,0.003,0.05,24.667941542047636,7.536801079375046,15.0
24.8,24.694756,7.5472984,15.296102,5.0,0.0,-0.05,24.669697348430958,7.535171871570156,15.0
24.900000000000002,24.688824,7.5428915,19.800627,5.0,0.0,-0.05,24.671442439670994,7.533545568939555,15.0
25.0,24.691673,7.547983,14.010146,0.5932825,0.003,0.05,24.673176787846316,7.53192218164763,15.0
25.1,24.69369,7.5530744,8.553142,0.5932825,0.003,0.05,24.674900365207396,7.530301719840546,15.0
25.200000000000003,24.68115,7.5486603,15.706369,5.0,0.0,-0.05,24.676613144177033,7.528684193646185,15.0
25.3,24.67564,7.5442514,20.045305,5.0,0.0,-0.05,24.678315097350794,7.527069613174078,15.0
25.400000000000002,24.67311,7.549679,16.683275,3.5568461,0.003,0.05,24.68000619749747,7.52545798851535,15.0
25.5,24.668077,7.5551014,14.325514,3.5568461,0.003,0.05,24.68168641755949,7.5238493297426485,15.0
25.6,24.671968,7.550137,14.44895,0.1,0.0,-0.05,24.683355730653375,7.522243646910086,15.0
25.700000000000003,24.675863,7.5451727,14.571217,0.1,0.0,-0.05,24.685014110070146,7.520640950053176,15.0
25.8,24.677074,7.5413766,15.860726,1.1200101,0.0,-0.03948397,24.68666152927577,7.519041249188767,15.0
25.900000000000002,24.678623,7.5375814,17.013956,1.1200101,0.0,-0.03948397,24.688297961911573,7.517444554314985,15.0
26.0,24.68258,7.5326176,17.110825,0.1,0.0,-0.05,24.68992338179467,7.515850875411168,15.0
26.1,24.68654,7.5276537,17.206789,0.1,0.0,-0.05,24.69153776291838,7.5142602224378034,15.0
26.200000000000003,24.683205,7.5246367,20.520813,4.3660893,3.6989823e-05,-0.03558421,24.69314107945263,7.512672605336468,15.0
26.3,24.682793,7.521623,22.663025,4.3660893,3.6989823e-05,-0.03558421,24.6947333057444,7.511088034029763,15.0
26.400000000000002,24.683323,7.519206,23.057545,4.8528795,0.0007010496,-0.030234937,24.6963144163181,7.509506518421253,15.0
26.5,24.684225,7.516792,23.301233,4.8528795,0.0007010496,-0.030234937,24.697884385875987,7.507928068395406,15.0
26.6,24.684591,7.5148396,22.292196,4.8528795,0.0013901732,-0.025639826,24.699443189298595,7.506352693817531,15.0
26.700000000000003,24.683983,7.51289,21.671295,4.8528795,0.0013901732,-0.025639826,24.700990801645094,7.504780404533712,15.0
26.8,24.684225,7.509268,23.674822,5.0,0.0,-0.042574786,24.70252719815372,7.503211210370752,15.0
26.900000000000002,24.686424,7.5056505,24.89177,5.0,0.0,-0.042574786,24.70405235424216,7.501645121136111,15.0
27.0,24.68965,7.503135,25.39614,5.0,0.00014093971,-0.031593245,24.70556624550796,7.5000821466178405,15.0
27.1,24.69336,7.5006227,25.703804,5.0,0.00014093971,-0.031593245,24.707068847728877,7.498522296584525,15.0
27.200000000000003,24.697285,7.4990516,25.769573,4.867878,0.00020777702,-0.022041002,24.708560136863316,7.496965580785226,15.0
27.3,24.701265,7.4974823,25.811514,4.867878,0.00020777702,-0.022041002,24.710040089050683,7.495412008949407,15.0
27.400000000000002,24.703047,7.4967384,22.453463,4.867839,0.0022204623,-0.0138011165,24.71150868061177,7.493861590786891,15.0
27.5,24.701593,7.4959955,20.389036,4.867839,0.0022204623,-0.0138011165,24.712965888049148,7.492314335987785,15.0
27.6,24.698845,7.494706,20.257206,4.907361,0.0015559559,-0.019327719,24.714411688047527,7.490770254222426,15.0
27.700000000000003,24.695969,7.493418,20.175953,4.907361,0.0015559559,-0.019327719,24.71584605747414,7.48922935514132,15.0
27.8,24.694672,7.4891148,22.775442,5.0,0.0,-0.04963792,24.7172689733791,7.487691648375082,15.0
27.900000000000002,24.695917,7.4848166,24.353811,5.0,0.0,-0.04963792,24.71868041299579,7.486157143534374,15.0
28.0,24.698711,7.4884443,25.312153,5.0,0.0,0.029616585,24.720080353741203,7.484625850209847,15.0
28.1,24.702454,7.4920673,25.893782,5.0,0.0,0.029616585,24.72146877321632,7.483097777972078,15.0
28.200000000000003,24.706778,7.497723,26.246786,5.0,0.0,0.05,24.722845649206455,7.481572936371514,15.0
28.3,24.71146,7.5033717,26.460981,5.0,0.0,0.05,24.724210959681624,7.480051334938411,15.0
28.400000000000002,24.716352,7.500978,26.592066,5.0,0.0,-0.030405132,24.72556468279689,7.47853298318277,15.0
28.5,24.721363,7.498587,26.673632,5.0,0.0,-0.030405132,24.726906796892706,7.477017890594288,15.0
28.6,24.72644,7.4964375,26.725145,5.0,0.0,-0.028021399,24.728237280495282,7.4755060666422875,15.0
28.700000000000003,24.731558,7.4942904,26.758413,5.0,0.0,-0.028021399,24.729556112316903,7.473997520775663,15.0
28.8,24.736696,7.492359,26.780592,5.0,0.0,-0.02588918,24.730863271256293,7.472492262422821,15.0
28.900000000000002,24.741844,7.4904304,26.796022,5.0,0.0,-0.02588918,24.732158736398937,7.470990300991622,15.0
29.0,24.746998,7.488695,26.807335,5.0,0.0,-0.02397837,24.733442487017413,7.46949164586932,15.0
29.1,24.752151,7.486962,26.816128,5.0,0.0,-0.02397837,24.734714502571748,7.467996306422505,15.0
29.200000000000003,24.757307,7.487991,26.823038,5.0,0.0,0.0036412284,24.735974762709713,7.466504291997042,15.0
29.3,24.762468,7.489019,26.82851,5.0,0.0,0.0036412284,24.737223247267174,7.465015611918018,15.0
29.400000000000002,24.76763,7.489221,26.833216,5.0,0.0,-0.0046055173,24.73845993626841,7.463530275489677,15.0
29.5,24.77279,7.4894233,26.837545,5.0,0.0,-0.0046055173,24.739684809926416,7.462048291995369,15.0
29.6,24.777954,7.49061,26.84152,5.0,0.0,0.0052501243,24.740897848643247,7.460569670697484,15.0
29.700000000000003,24.78312,7.4917955,26.845177,5.0,0.0,0.0052501243,24.7420990330103,7.459094420837402,15.0
29.8,24.788286,7.492956,26.848642,5.0,0.0,0.005015729,24.74328834380866,7.457622551635428,15.0
29.900000000000002,24.793455,7.4941154,26.851995,5.0,0.0,0.005015729,24.744465762009376,7.456154072290741,15.0
30.0,24.798616,7.4897747,26.855984,5.0,0.0,-0.05,24.74563126877378,7.454688991981333,15.0
30.1,24.803762,7.48544,26.860949,5.0,0.0,-0.05,24.746784845453792,7.453227319863949,15.0
30.200000000000003,24.808895,7.48111,26.866497,5.0,0.0,-0.05,24.74792647359221,7.451769065074036,15.0
30.3,24.814016,7.4767857,26.872396,5.0,0.0,-0.05,24.749056134923002,7.450314236725682,15.0
30.400000000000002,24.819004,7.4789314,26.877075,4.311804,0.0,0.015585712,24.750173811371617,7.4488628439115585,15.0
30.5,24.823997,7.481075,26.880976,4.311804,0.0,0.015585712,24.751279485055253,7.447414895702868,15.0
30.6,24.828356,7.4771543,26.882011,0.96791464,0.0,-0.040711336,24.752373138283158,7.445970401149279,15.0
30.700000000000003,24.832712,7.4732347,26.88347,0.96791464,0.0,-0.040711336,24.7534547535569,7.44452936927888,15.0
30.8,24.83687,7.4684334,24.214771,0.11409326,0.0012628923,-0.048407402,24.754524313570656,7.443091809098115,15.0
30.900000000000002,24.840954,7.463632,21.576416,0.11409326,0.0012628923,-0.048407402,24.755581801211495,7.441657729591729,15.0
31.0,24.841341,7.4652567,21.158625,3.1425366,0.0010180097,0.011795815,24.75662719955963,7.440227139722717,15.0
31.1,24.84145,7.4668803,20.853271,3.1425366,0.0010180097,0.011795815,24.757660491888718,7.43880004843226,15.0
31.200000000000003,24.845415,7.461918,14.56908,0.1,0.003,-0.05,24.758681661666095,7.437376464639672,15.0
31.3,24.849222,7.456956,8.347477,0.1,0.003,-0.05,24.75969069255307,7.435956397242349,15.0
31.400000000000002,24.836035,7.452662,15.650002,5.0,0.0,-0.05,24.760687568405174,7.434539855115707,15.0
31.5,24.830023,7.4483733,20.079332,5.0,0.0,-0.05,24.761672273272413,7.43312684711313,15.0
31.6,24.833967,7.4434114,13.802867,0.1,0.003,-0.05,24.762644791399527,7.431717382065914,15.0
31.700000000000003,24.837755,7.43845,7.5889125,0.1,0.003,-0.05,24.763605107226248,7.430311468783209,15.0
31.8,24.82378,7.434179,15.190572,5.0,0.0,-0.05,24.764553205387543,7.428909116051971,15.0
31.900000000000002,24.817274,7.429913,19.801222,5.0,0.0,-0.05,24.765489070713862,7.427510332636897,15.0
32.0,24.820528,7.434993,13.820264,0.39049158,0.003,0.05,24.76641268823138,7.426115127280382,15.0
32.1,24.82321,7.440072,8.068324,0.39049158,0.003,0.05,24.767324043162237,7.424723508702453,15.0
32.2,24.809725,7.435799,15.476878,5.0,0.0,-0.05,24.768223120924773,7.423335485600721,15.0
32.300000000000004,24.80352,7.4315314,19.970469,5.0,0.0,-0.05,24.769109907133764,7.421951066650328,15.0
32.4,24.807463,7.43657,13.69496,0.1,0.003,0.05,24.769984387600648,7.420570260503886,15.0
32.5,24.811249,7.4416084,7.4818916,0.1,0.003,0.05,24.770846548333754,7.41919307579143,15.0
32.6,24.797205,7.4373336,15.117061,5.0,0.0,-0.05,24.771696375538532,7.41781952112036,15.0
32.7,24.790665,7.433064,19.74803,5.0,0.0,-0.05,24.772533855617766,7.416449605075387,15.0
32.800000000000004,24.78769,7.4385815,16.474115,3.4952009,0.003,0.05,24.773358975171792,7.415083336218483,15.0
32.9,24.782314,7.444094,14.163854,3.4952009,0.003,0.05,24.774171720998712,7.413720723088824,15.0
33.0,24.784857,7.449179,8.472462,0.4395201,0.003,0.05,24.774972080094614,7.412361774202737,15.0
33.1,24.786789,7.4542637,3.0257413,0.4395201,0.003,0.05,24.775760039653765,7.4110064980536485,15.0
33.2,24.76843,7.449973,12.40225,5.0,0.0,-0.05,24.776535587068828,7.409654903112029,15.0
33.300000000000004,24.75929,7.445688,18.088842,5.0,0.0,-0.05,24.777298709931067,7.408306997825345,15.0
33.4,24.758553,7.441107,20.256592,2.8378599,0.0,-0.05,24.778049396030532,7.406962790617998,15.0
33.5,24.759146,7.436529,21.88946,2.8378599,0.0,-0.05,24.778787633356256,7.405622289891278,15.0
33.6,24.760742,7.435925,23.119495,2.8378599,0.0,-0.010287223,24.77951341009646,7.404285504023313,15.0
33.7,24.763096,7.435321,24.046104,2.8378599,0.0,-0.010287223,24.780226714638733,7.402952441369007,15.0
33.800000000000004,24.765284,7.434717,22.760298,2.8378599,0.001072245,-0.010287223,24.780927535570218,7.40162311026,15.0
33.9,24.766674,7.434114,21.792574,2.8378599,0.001072245,-0.010287223,24.781615861677793,7.400297519004606,15.0
34.0,24.767466,7.4335113,21.06422,2.8378599,0.001072245,-0.010287223,24.78229168194825,7.398975675887765,15.0
34.1,24.767805,7.432909,20.516003,2.8378599,0.001072245,-0.010287223,24.78295498556849,7.397657589170995,15.0
34.2,24.766586,7.428645,23.017248,5.0,0.0,-0.05,24.783605761925667,7.396343267092331,15.0
34.300000000000004,24.767815,7.4243865,24.536001,5.0,0.0,-0.05,24.784244000607366,7.3950327178662825,15.0
34.4,24.770521,7.420133,25.45916,5.0,0.0,-0.05,24.784869691401784,7.393725949683779,15.0
34.5,24.774118,7.415885,26.021263,5.0,0.0,-0.05,24.785482824297887,7.392422970712115,15.0
34.6,24.778252,7.411642,26.364487,5.0,0.0,-0.05,24.786083389485558,7.391123789094907,15.0
34.7,24.782705,7.4074044,26.57502,5.0,0.0,-0.05,24.786671377355766,7.389828412952035,15.0
34.800000000000004,24.787348,7.403172,26.70511,5.0,0.0,-0.05,24.78724677850072,7.388536850379596,15.0
34.9,24.7921,7.398945,26.786432,5.0,0.0,-0.05,24.787809583714008,7.387249109449852,15.0
35.0,24.796917,7.3947234,26.838186,5.0,0.0,-0.05,24.788359783990767,7.385965198211178,15.0
35.1,24.801767,7.390507,26.87201,5.0,0.0,-0.05,24.788897370527803,7.384685124688017,15.0
35.2,24.806633,7.3862963,26.89496,5.0,0.0,-0.05,24.789422334723735,7.383408896880825,15.0
35.300000000000004,24.811502,7.3820906,26.911316,5.0,0.0,-0.05,24.789934668179153,7.382136522766019,15.0
35.4,24.816372,7.37789,26.923666,5.0,0.0,-0.05,24.790434362696736,7.380868010295934,15.0
35.5,24.821236,7.373695,26.933586,5.0,0.0,-0.05,24.790921410281374,7.37960336739877,15.0
35.6,24.826092,7.369505,26.942028,5.0,0.0,-0.05,24.791395803140325,7.378342601978541,15.0
35.7,24.830938,7.36532,26.949568,5.0,0.0,-0.05,24.791857533683306,7.377085721915025,15.0
35.800000000000004,24.835781,7.3654428,26.956007,5.0,0.0,-0.006953281,24.792306594522643,7.375832735063719,15.0
35.9,24.840626,7.365565,26.961313,5.0,0.0,-0.006953281,24.792742978473367,7.374583649255788,15.0
36.0,24.84547,7.365687,26.965935,5.0,0.0,-0.006953281,24.793166678553348,7.3733384722980135,15.0
36.1,24.850315,7.365809,26.970139,5.0,0.0,-0.006953281,24.793577687983394,7.372097211972746,15.0
36.2,24.85516,7.3659306,26.974089,5.0,0.0,-0.006953281,24.793976000187364,7.37085987603786,15.0
36.300000000000004,24.860003,7.366052,26.977886,5.0,0.0,-0.006953281,24.794361608792265,7.3696264722267015,15.0
36.4,24.864845,7.3661737,26.981588,5.0,0.0,-0.006953281,24.794734507628377,7.3683970082480394,15.0
36.5,24.869686,7.366295,26.985235,5.0,0.0,-0.006953281,24.795094690729314,7.36717149178602,15.0
36.6,24.874527,7.366416,26.988846,5.0,0.0,-0.006953281,24.795442152332168,7.365949930500117,15.0
36.7,24.879366,7.366537,26.992437,5.0,0.0,-0.006953281,24.79577688687755,7.364732332025083,15.0
36.800000000000004,24.884203,7.3666577,26.996014,5.0,0.0,-0.006953281,24.79609888900972,7.363518703970907,15.0
36.9,24.88904,7.3667784,26.999582,5.0,0.0,-0.006953281,24.79640815357665,7.362309053922759,15.0
37.0,24.893875,7.366899,27.003145,5.0,0.0,-0.006953281,24.796704675630114,7.361103389440949,15.0
37.1,24.898708,7.367019,27.006704,5.0,0.0,-0.006953281,24.79698845042576,7.359901718060874,15.0
37.2,24.903542,7.3671393,27.010262,5.0,0.0,-0.006953281,24.797259473423203,7.358704047292978,15.0
37.300000000000004,24.908373,7.3672595,27.013817,5.0,0.0,-0.006953281,24.797517740286082,7.3575103846226995,15.0
37.4,24.913202,7.367379,27.01737,5.0,0.0,-0.006953281,24.797763246882127,7.3563207375104245,15.0
37.5,24.918032,7.367499,27.020922,5.0,0.0,-0.006953281,24.797995989283244,7.355135113391445,15.0
37.6,24.92286,7.3676186,27.024473,5.0,0.0,-0.006953281,24.798215963765553,7.353953519675908,15.0
37.7,24.927687,7.367738,27.028023,5.0,0.0,-0.006953281,24.798423166809474,7.352775963748771,15.0
37.800000000000004,24.931797,7.362778,20.683628,0.1,0.003,-0.05,24.798617595099756,7.351602452969752,15.0
37.9,24.93575,7.3578186,14.402421,0.1,0.003,-0.05,24.798799245525554,7.350432994673293,15.0
38.0,24.924723,7.353648,14.358784,5.0,0.003,-0.05,24.798968115180465,7.349267596168501,15.0
38.1,24.913652,7.349483,14.33003,5.0,0.003,-0.05,24.79912420136258,7.3481062647391155,15.0
38.2,24.902555,7.346516,14.310143,5.0,0.003,-0.03806275,24.79926750157452,7.346949007643453,15.0
38.300000000000004,24.891441,7.343553,14.2955,5.0,0.003,-0.03806275,24.799398013523483,7.3457958321143675,15.0
38.400000000000006,24.88032,7.3425665,14.283781,5.0,0.003,-0.018321453,24.799515735121286,7.344646745359201,15.0
38.5,24.869194,7.3415813,14.2736225,5.0,0.003,-0.018321453,24.799620664484383,7.343501754559743,15.0
38.6,24.859903,7.341812,16.96616,5.0,0.0013837203,-0.006166535,24.799712799933907,7.342360866872182,15.0
38.7,24.853268,7.3420424,18.59758,5.0,0.0013837203,-0.006166535,24.79979213999569,7.341224089427063,15.0
38.800000000000004,24.852837,7.342072,16.136284,2.009082,0.0020720065,-0.0032533128,24.7998586834003,7.34009142932924,15.0
38.900000000000006,24.851286,7.3421016,14.122825,2.009082,0.0020720065,-0.0032533128,24.799912429083037,7.338962893657835,15.0
39.0,24.848927,7.3424397,12.883554,2.0090327,0.0018600745,-0.00016500182,24.79995337618397,7.337838489466193,15.0
39.1,24.846004,7.3427777,11.869439,2.0090327,0.0018600745,-0.00016500182,24.799981524047958,7.336718223781838,15.0
39.2,24.844154,7.343333,9.769779,1.535858,0.0021581736,0.0027857109,24.79999687222462,7.335602103606424,15.0
39.300000000000004,24.841558,7.343888,7.9687653,1.535858,0.0021581736,0.0027857109,24.799999420468396,7.334490135915699,15.0
39.400000000000006,24.827671,7.339735,15.444491,5.0,0.0,-0.05,24.79998916873851,7.333382327659459,15.0
39.5,24.82113,7.3355875,19.978704,5.0,0.0,-0.05,24.79996611719899,7.332278685761501,15.0
39.6,24.819765,7.335262,19.749786,3.3463702,0.0012281275,-0.009062417,24.799930266218663,7.331179217119583,15.0
39.7,24.818237,7.334936,19.58571,3.3463702,0.0012281275,-0.009062417,24.79988161637114,7.330083928605382,15.0
39.800000000000004,24.817366,7.334138,18.784523,2.7603967,0.0013907758,-0.012820266,24.79982016843482,7.328992827064446,15.0
39.900000000000006,24.81601,7.33334,18.176497,2.7603967,0.0013907758,-0.012820266,24.79974592339287,7.327905919316156,15.0
40.0,24.814287,7.332543,17.714962,2.7603967,0.0013907758,-0.012820266,24.799658882433203,7.326823212153682,15.0
40.1,24.812286,7.331746,17.364527,2.7603967,0.0013907758,-0.012820266,24.79955904694848,7.325744712343942,15.0
40.2,24.809559,7.3310075,17.795687,3.1062872,0.001167715,-0.012820266,24.79944641853606,7.324670426627555,15.0
40.300000000000004,24.80712,7.33027,18.111336,3.1062872,0.001167715,-0.012820266,24.799320998998,7.323600361718802,15.0
40.400000000000006,24.804861,7.330204,18.354742,3.1228852,0.001167715,-0.00612844,24.799182790341007,7.3225345243055875,15.0
40.5,24.802769,7.3301387,18.53244,3.1228852,0.001167715,-0.00612844,24.79903179477642,7.3214729210493905,15.0
40.6,24.800797,7.3300734,18.662083,3.1228852,0.001167715,-0.00612844,24.79886801472016,7.320415558585228,15.0
40.7,24.798912,7.330008,18.756577,3.1228852,0.001167715,-0.00612844,24.79869145279271,7.319362443521613,15.0
40.800000000000004,24.796791,7.3299737,18.95514,3.3096354,0.001167715,-0.00612844,24.79850211181905,7.31831358244051,15.0
40.900000000000006,24.794811,7.32994,19.097334,3.3096354,0.001167715,-0.00612844,24.79829999482864,7.317268981897297,15.0
41.0,24.79198,7.330013,19.611504,3.9498258,0.001167715,-0.00612844,24.79808510505534,7.316228648420725,15.0
41.1,24.789572,7.3300858,19.957285,3.9498258,0.001167715,-0.00612844,24.797857445937385,7.315192588512875,15.0
41.2,24.787373,7.3301682,20.221794,4.006615,0.001167715,-0.00612844,24.797617021117315,7.314160808649117,15.0
41.300000000000004,24.785395,7.3302507,20.398474,4.006615,0.001167715,-0.00612844,24.797363834441924,7.313133315278073,15.0
41.400000000000006,24.783564,7.330333,20.516357,4.006615,0.001167715,-0.00612844,24.797097889962195,7.312110114821572,15.0
41.5,24.781832,7.3304152,20.59488,4.006615,0.001167715,-0.00612844,24.79681919193323,7.311091213674615,15.0
41.6,24.780474,7.3295336,21.724648,4.211652,0.00060735043,-0.01611314,24.796527744814192,7.310076618205329,15.0
41.7,24.780085,7.328653,22.466187,4.211652,0.00060735043,-0.01611314,24.79622355326823,7.3090663347549345,15.0
41.800000000000004,24.78046,7.3245196,24.229046,5.0,0.0,-0.049991753,24.795906622162402,7.308060369637698,15.0
41.900000000000006,24.782557,7.3203917,25.300081,5.0,0.0,-0.049991753,24.795576956567597,7.307058729140898,15.0
42.0,24.785704,7.325196,25.950584,5.0,0.0,0.039334007,24.795234561758463,7.306061419524786,15.0
42.1,24.789501,7.329994,26.3452,5.0,0.0,0.039334007,24.7948794432133,7.305068447022544,15.0
42.2,24.793695,7.3347616,26.584702,5.0,0.0,0.039083436,24.79451160661401,7.304079817840244,15.0
42.300000000000004,24.798136,7.339523,26.730179,5.0,0.0,0.039083436,24.79413105784596,7.3030955381568186,15.0
42.400000000000006,24.802729,7.344256,26.818666,5.0,0.0,0.038860694,24.793737802997924,7.302115614124011,15.0
42.5,24.807417,7.3489833,26.872614,5.0,0.0,0.038860694,24.793331848361976,7.3011400518663425,15.0
42.6,24.812157,7.3464537,26.906553,5.0,0.0,-0.0336921,24.792913200433375,7.300168857481076,15.0
42.7,24.816917,7.3439274,26.929146,5.0,0.0,-0.0336921,24.79248186591049,7.299202037038172,15.0
42.800000000000004,24.821686,7.3397746,26.945065,5.0,0.0,-0.05,24.792037851694648,7.298239596580254,15.0
42.900000000000006,24.826452,7.335627,26.957108,5.0,0.0,-0.05,24.79158116489008,7.297281542122574,15.0
43.0,24.831213,7.3314843,26.966799,5.0,0.0,-0.04999993,24.791111812803763,7.296327879652969,15.0
43.1,24.835966,7.327347,26.975058,5.0,0.0,-0.04999993,24.790629802945315,7.295378615131824,15.0
43.2,24.840721,7.331309,26.98141,5.0,0.0,0.030992752,24.790135143026887,7.294433754492042,15.0
43.300000000000004,24.84549,7.3352656,26.985733,5.0,0.0,0.030992752,24.789627840963025,7.293493303638997,15.0
43.400000000000006,24.850267,7.3375216,26.98905,5.0,0.0,0.014022021,24.789107904870555,7.292557268450505,15.0
43.5,24.85505,7.3397746,26.99194,5.0,0.0,0.014022021,24.788575343068445,7.291625654776782,15.0
43.6,24.859835,7.34167,26.99462,5.0,0.0,0.010470458,24.788030164077664,7.29069846844041,15.0
43.7,24.864624,7.343563,26.99721,5.0,0.0,0.010470458,24.787472376621068,7.289775715236302,15.0
43.800000000000004,24.869417,7.3454843,26.999744,5.0,0.0,0.010773054,24.78690198962325,7.288857400931661,15.0
43.900000000000006,24.874212,7.347403,27.002243,5.0,0.0,0.010773054,24.78631901221038,7.287943531265951,15.0
44.0,24.878487,7.34256,27.002869,0.8080093,0.0,-0.05,24.785723453710094,7.2870341119508515,15.0
44.1,24.88276,7.3377175,27.003922,0.8080093,0.0,-0.05,24.78511532365131,7.2861291486702315,15.0
44.2,24.886948,7.3327594,27.004118,0.10629158,0.0,-0.05,24.784494631764098,7.285228647080109,15.0
44.300000000000004,24.891136,7.3278017,27.004377,0.10629158,0.0,-0.05,24.78386138797951,7.284332612808615,15.0
44.400000000000006,24.895676,7.3297224,27.012424,3.3209782,0.0,0.013388793,24.783215602429436,7.283441051455962,15.0
44.5,24.90022,7.331641,27.018835,3.3209782,0.0,0.013388793,24.782557285446437,7.282553968594405,15.0
44.6,24.904408,7.3266826,27.019037,0.1,0.0,-0.05,24.78188644756356,7.281671369768207,15.0
44.7,24.908594,7.321724,27.019299,0.1,0.0,-0.05,24.781203099514205,7.280793260493612,15.0
44.800000000000004,24.912706,7.316766,21.203331,0.10259465,0.002750597,-0.05,24.780507252231924,7.279919646258795,15.0
44.900000000000006,24.91667,7.3118076,15.446788,0.10259465,0.002750597,-0.05,24.779798916850257,7.279050532523847,15.0
45.0,24.906553,7.307695,14.997857,5.0,0.003,-0.05,24.779078104702556,7.278185924720724,15.0
45.1,24.895994,7.3035874,14.723368,5.0,0.003,-0.05,24.7783448273218,7.277325828253221,15.0
45.2,24.885164,7.2994847,14.554623,5.0,0.003,-0.05,24.77759909644041,7.276470248496939,15.0
45.300000000000004,24.874168,7.2953873,14.449978,5.0,0.003,-0.05,24.77684092399007,7.275619190799249,15.0
45.400000000000006,24.86307,7.291295,14.384188,5.0,0.003,-0.05,24.776070322101518,7.274772660479258,15.0
45.5,24.851904,7.287208,14.3419485,5.0,0.003,-0.05,24.775287303104363,7.2739306628277784,15.0
45.6,24.840698,7.2834086,14.313946,5.0,0.003,-0.04717123,24.774491879526902,7.273093203107293,15.0
45.7,24.829466,7.279614,14.294541,5.0,0.003,-0.04717123,24.773684064095892,7.272260286551922,15.0
45.800000000000004,24.83138,7.282166,8.8460045,0.59964883,0.003,0.024197929,24.772863869736362,7.271431918367391,15.0
45.900000000000006,24.832504,7.2847176,3.7145627,0.59964883,0.003,0.024197929,24.7720313095714,7.270608103730998,15.0
46.0,24.814272,7.2806387,12.8736925,5.0,0.0,-0.05,24.77118639692196,7.269788847791583,15.0
46.1,24.805046,7.2765646,18.428335,5.0,0.0,-0.05,24.77032914530662,7.2689741556694925,15.0
46.2,24.799753,7.276987,19.543617,5.0,0.001348179,-0.005060702,24.769459568441384,7.268164032456548,15.0
46.300000000000004,24.795563,7.277409,20.21887,5.0,0.001348179,-0.005060702,24.76857768023947,7.26735848321602,15.0
46.400000000000006,24.796877,7.2727833,15.036328,1.2673,0.003,-0.0487999,24.76768349481107,7.266557512982587,15.0
46.5,24.796644,7.268159,10.47103,1.2673,0.003,-0.0487999,24.76677702646313,7.2657611267623095,15.0
46.6,24.799776,7.2644315,4.520819,0.21833763,0.003,-0.037917018,24.765858289699125,7.264969329532599,15.0
46.7,24.802586,7.2607045,-1.300788,0.21833763,0.003,-0.037917018,24.764927299218822,7.264182126242187,15.0
46.800000000000004,24.779387,7.2566557,9.826499,5.0,0.0,-0.05,24.763984069918052,7.263399521811092,15.0
46.900000000000006,24.767132,7.2526116,16.574228,5.0,0.0,-0.05,24.76302861688846,7.262621521130586,15.0
47.0,24.762379,7.250325,19.097017,4.1000485,0.0005605384,-0.03077998,24.762060955417276,7.261848129063173,15.0
47.1,24.759743,7.248041,20.771053,4.1000485,0.0005605384,-0.03077998,24.761081100987063,7.261079350442552,15.0
47.2,24.75809,7.2456546,21.112225,4.1000743,0.0010022278,-0.031831086,24.76008906927547,7.260315190073584,15.0
47.300000000000004,24.756718,7.2432704,21.338778,4.1000743,0.0010022278,-0.031831086,24.759084876154983,7.25955565273227,15.0
47.400000000000006,24.755743,7.240859,21.874409,4.1000423,0.00078131165,-0.032125648,24.758068537692672,7.258800743165716,15.0
47.5,24.755213,7.23845,22.230232,4.1000423,0.00078131165,-0.032125648,24.75704007014993,7.258050466092106,15.0
47.6,24.755016,7.236153,22.541391,4.1000886,0.000738526,-0.031028846,24.75599948998222,7.2573048262006665,15.0
47.7,24.755077,7.2338586,22.74837,4.1000886,0.000738526,-0.031028846,24.754946813838792,7.256563828151646,15.0
47.800000000000004,24.755083,7.2318134,22.478834,4.1000547,0.00097221596,-0.028557597,24.75388205856245,7.255827476576279,15.0
47.900000000000006,24.754858,7.2297707,22.300314,4.1000547,0.00097221596,-0.028557597,24.752805241189254,7.255095776076762,15.0
48.0,24.753983,7.227876,21.278467,4.1000876,0.001490612,-0.027092846,24.75171637894826,7.254368731226219,15.0
48.1,24.752245,7.2259836,20.600267,4.1000876,0.001490612,-0.027092846,24.75061548926124,7.2536463465686785,15.0
48.2,24.749573,7.2240105,19.492191,4.1001096,0.0018679639,-0.027917836,24.749502589742402,7.252928626619043,15.0
48.300000000000004,24.745968,7.2220397,18.756315,4.1001096,0.0018679639,-0.027917836,24.74837769819812,7.252215575863058,15.0
48.400000000000006,24.741589,7.219962,17.987185,4.1001368,0.002028662,-0.029005354,24.74724083262663,7.251507198757292,15.0
48.5,24.736563,7.2178864,17.47591,4.1001368,0.002028662,-0.029005354,24.746092011217762,7.250803499729095,15.0
48.6,24.73123,7.216095,17.362173,4.1001096,0.0018986871,-0.026185835,24.74493125235263,7.250104483176587,15.0
48.7,24.725803,7.2143054,17.285685,4.1001096,0.0018986871,-0.026185835,24.743758574603348,7.2494101534686175,15.0
48.800000000000004,24.720686,7.212503,17.916576,4.100107,0.001507073,-0.026331743,24.742573996732744,7.248720514944746,15.0
48.900000000000006,24.716099,7.2107024,18.334469,4.100107,0.001507073,-0.026331743,24.74137753769403,7.24803557191521,15.0
49.0,24.712427,7.2113714,19.63638,4.100106,0.00091877003,-0.0016408293,24.740169216630534,7.247355328660902,15.0
49.1,24.709856,7.21204,20.499598,4.100106,0.00091877003,-0.0016408293,24.73894905287536,7.24667978943334,15.0
49.2,24.709433,7.2125115,20.471611,2.9703758,0.00091877003,-0.001377564,24.737717065951106,7.246008958454642,15.0
49.300000000000004,24.708992,7.2129827,20.450659,2.9703758,0.00091877003,-0.001377564,24.73647327556953,7.245342839917499,15.0
49.400000000000006,24.70854,7.2134614,20.434921,2.9703586,0.00091877003,-0.0013003722,24.73521770163126,7.24468143798515,15.0
49.5,24.708078,7.2139397,20.423067,2.9703586,0.00091877003,-0.0013003722,24.733950364225446,7.2440247567913545,15.0
49.6,24.707611,7.2141414,20.414118,2.9703584,0.00091877003,-0.0040625595,24.732671283629465,7.243372800440369,15.0
49.7,24.707138,7.214343,20.407347,2.9703584,0.00091877003,-0.0040625595,24.731380480308577,7.242725573006917,15.0
49.800000000000004,24.706661,7.2145057,20.402193,2.9703531,0.00091877003,-0.0044535855,24.730077974915602,7.242083078536169,15.0
49.900000000000006,24.706182,7.214668,20.398247,2.9703531,0.00091877003,-0.0044535855,24.728763788290607,7.241445321043713,15.0
50.0,24.705702,7.214663,20.395206,2.9703484,0.00091877003,-0.0061225705,24.727437941460547,7.240812304515531,15.0
50.1,24.70522,7.2146583,20.392857,2.9703484,0.00091877003,-0.0061225705,24.72610045563894,7.240184032907974,15.0
50.2,24.704735,7.2145705,20.391026,2.9703505,0.00091877003,-0.0069509647,24.72475135222553,7.239560510147739,15.0
50.300000000000004,24.704248,7.2144833,20.389585,2.9703505,0.00091877003,-0.0069509647,24.723390652805953,7.23894174013184,15.0
50.400000000000006,24.703762,7.2142954,20.388443,2.9703517,0.00091877003,-0.007957984,24.722018379151358,7.238327726727587,15.0
50.5,24.703276,7.2141075,20.38753,2.9703517,0.00091877003,-0.007957984,24.7206345532181,7.2377184737725635,15.0
50.6,24.702787,7.2138743,20.386793,2.9703572,0.00091877003,-0.008412736,24.719239197147367,7.237113985074597,15.0
50.7,24.7023,7.213641,20.386187,2.9703572,0.00091877003,-0.008412736,24.717832333264823,7.23651426441174,15.0
50.800000000000004,24.70181,7.213431,20.385675,2.9703562,0.00091877003,-0.008185745,24.71641398408026,7.2359193155322465,15.0
50.900000000000006,24.701323,7.213221,20.385235,2.9703562,0.00091877003,-0.008185745,24.71498417228723,7.2353291421545425,15.0
51.0,24.700832,7.2130113,20.384846,2.9703562,0.00091877003,-0.008185745,24.713542920762706,7.234743747967212,15.0
51.1,24.700342,7.2128015,20.384495,2.9703562,0.00091877003,-0.008185745,24.712090252566664,7.234163136628964,15.0
51.2,24.699852,7.212592,20.38417,2.9703562,0.00091877003,-0.008185745,24.710626190941774,7.23358731176862,15.0
51.300000000000004,24.699362,7.212383,20.383867,2.9703562,0.00091877003,-0.008185745,24.70915075931299,7.233016276985083,15.0
51.400000000000006,24.698872,7.2121735,20.383581,2.9703562,0.00091877003,-0.008185745,24.707663981287187,7.232450035847317,15.0
51.5,24.698381,7.211964,20.383307,2.9703562,0.00091877003,-0.008185745,24.70616588065278,7.23188859189433,15.0
51.6,24.697891,7.2117553,20.38304,2.9703562,0.00091877003,-0.008185745,24.704656481379345,7.231331948635142,15.0
51.7,24.6974,7.2115464,20.382778,2.9703562,0.00091877003,-0.008185745,24.703135807617244,7.230780109548773,15.0
51.800000000000004,24.696907,7.2113376,20.382523,2.9703562,0.00091877003,-0.008185745,24.701603883697217,7.230233078084216,15.0
51.900000000000006,24.696415,7.211129,20.382269,2.9703562,0.00091877003,-0.008185745,24.70006073413002,7.229690857660414,15.0
52.0,24.695923,7.210921,20.382017,2.9703562,0.00091877003,-0.008185745,24.698506383606013,7.229153451666246,15.0
52.1,24.69543,7.2107124,20.381767,2.9703562,0.00091877003,-0.008185745,24.696940856994768,7.2286208634604945,15.0
52.2,24.694939,7.2105045,20.38152,2.9703562,0.00091877003,-0.008185745,24.695364179344683,7.228093096371835,15.0
52.300000000000004,24.694447,7.2102966,20.381273,2.9703562,0.00091877003,-0.008185745,24.693776375882557,7.227570153698812,15.0
52.400000000000006,24.693954,7.2100887,20.381027,2.9703562,0.00091877003,-0.008185745,24.69217747201322,7.227052038709813,15.0
52.5,24.693462,7.2098813,20.380781,2.9703562,0.00091877003,-0.008185745,24.6905674933191,7.226538754643055,15.0
52.6,24.692968,7.209674,20.380535,2.9703562,0.00091877003,-0.008185745,24.688946465559816,7.226030304706565,15.0
52.7,24.692474,7.2094665,20.38029,2.9703562,0.00091877003,-0.008185745,24.687314414671782,7.22552669207815,15.0
52.800000000000004,24.69198,7.2092595,20.380043,2.9703562,0.00091877003,-0.008185745,24.685671366767775,7.225027919905388,15.0
52.900000000000006,24.691486,7.2090526,20.379797,2.9703562,0.00091877003,-0.008185745,24.684017348136525,7.224533991305604,15.0
53.0,24.690996,7.2088637,20.363503,2.9644234,0.0009256608,-0.007993098,24.6823523852423,7.22404490936585,15.0
53.1,24.690495,7.2086754,20.35132,2.9644234,0.0009256608,-0.007993098,24.68067650472447,7.223560677142887,15.0
53.2,24.689983,7.2085166,20.320004,2.960694,0.0009365647,-0.0076882523,24.67898973339708,7.223081297663164,15.0
53.300000000000004,24.689451,7.208358,20.296635,2.960694,0.0009365647,-0.0076882523,24.677292098248447,7.222606773922802,15.0
53.400000000000006,24.688894,7.208237,20.272116,2.965357,0.000941863,-0.007317815,24.675583626440687,7.222137108887573,15.0
53.5,24.688322,7.2081165,20.253798,2.965357,0.000941863,-0.007317815,24.673864345309315,7.22167230549288,15.0
53.6,24.687717,7.20804,20.216026,2.9722311,0.00095711526,-0.0068930495,24.672134282362798,7.221212366643744,15.0
53.7,24.68709,7.207964,20.187859,2.9722311,0.00095711526,-0.0068930495,24.6703934652821,7.220757295214782,15.0
53.800000000000004,24.686455,7.207939,20.144812,2.9604027,0.00096530915,-0.006352108,24.66864192192026,7.220307094050189,15.0
53.900000000000006,24.685793,7.2079144,20.112673,2.9604027,0.00096530915,-0.006352108,24.666879680301932,7.219861765963719,15.0
54.0,24.685371,7.208392,19.576704,2.6919787,0.0011535484,-0.00079402176,24.665106768622948,7.219421313738673,15.0
54.1,24.684635,7.2088695,19.16705,2.6919787,0.0011535484,-0.00079402176,24.663323215249854,7.2189857401278745,15.0
54.2,24.683992,7.209877,18.28876,2.4243467,0.0013528422,0.005040674,24.661529048719466,7.218555047853658,15.0
54.300000000000004,24.682878,7.210884,17.599272,2.4243467,0.0013528422,0.005040674,24.65972429773841,7.218129239607849,15.0
54.400000000000006,24.680597,7.21111,17.310326,2.8061202,0.0013897616,-0.0035191192,24.657908991182666,7.217708318051747,15.0
54.5,24.67814,7.211336,17.091604,2.8061202,0.0013897616,-0.0035191192,24.6560831580971,7.217292285816111,15.0
54.6,24.675484,7.211279,16.954277,2.838899,0.0013897616,-0.0064137015,24.654246827694998,7.21688114550114,15.0
54.7,24.672743,7.2112217,16.850397,2.838899,0.0013897616,-0.0064137015,24.65240002935761,7.216474899676461,15.0
54.800000000000004,24.670053,7.2111645,17.079405,2.838899,0.0012234524,-0.0064137015,24.650542792633672,7.2160735508811085,15.0
54.900000000000006,24.667507,7.2111073,17.25134,2.838899,0.0012234524,-0.0064137015,24.648675147238933,7.215677101623511,15.0
55.0,24.665007,7.2110057,17.363562,2.8634317,0.0012436197,-0.0069084913,24.646797123055673,7.215285554381476,15.0
55.1,24.662577,7.210904,17.447397,2.8634317,0.0012436197,-0.0069084913,24.64490875013224,7.2148989116021705,15.0
55.2,24.660229,7.2108135,17.91394,2.9185045,0.0010489117,-0.0069084913,24.643010058682567,7.214517175702112,15.0
55.300000000000004,24.658176,7.210723,18.262,2.9185045,0.0010489117,-0.0069084913,24.641101079085672,7.214140349067149,15.0
55.400000000000006,24.655125,7.2097335,14.861334,2.848495,0.003,-0.015764423,24.639181841885186,7.2137684340524455,15.0
55.5,24.649965,7.2087445,12.302915,2.848495,0.003,-0.015764423,24.63725237778887,7.2134014329824705,15.0
55.6,24.642902,7.2078695,10.50872,2.9450738,0.003,-0.014824136,24.6353127176681,7.2130393481509785,15.0
55.7,24.634699,7.206995,9.170859,2.9450738,0.003,-0.014824136,24.633362892557404,7.212682181820999,15.0
55.800000000000004,24.621805,7.203013,16.145332,5.0,0.0,-0.05,24.631402933653938,7.212329936224821,15.0
55.900000000000006,24.615765,7.199036,20.375566,5.0,0.0,-0.05,24.629432872317,7.2119826135639755,15.0
56.0,24.610487,7.205058,17.925903,5.0,0.003,0.05,24.627452740067536,7.211640216009232,15.0
56.1,24.602827,7.2110724,16.436129,5.0,0.003,0.05,24.625462568587615,7.211302745700571,15.0
56.2,24.60675,7.2072525,16.540127,0.1,0.0,-0.038642887,24.62346238971994,7.210970204747182,15.0
56.300000000000004,24.610678,7.2034326,16.643143,0.1,0.0,-0.038642887,24.62145223546733,7.210642595227446,15.0
56.400000000000006,24.614597,7.2003446,16.098104,0.1,0.00030597174,-0.03132329,24.619432137992213,7.21031991918892,15.0
56.5,24.618504,7.1972566,15.5585375,0.1,0.00030597174,-0.03132329,24.6174021296161,7.2100021786483275,15.0
56.6,24.622385,7.1947856,14.155026,0.1,0.0007170486,-0.025154373,24.615362242819085,7.209689375591548,15.0
56.7,24.626232,7.1923146,12.765524,0.1,0.0007170486,-0.025154373,24.613312510239314,7.209381511973597,15.0
56.800000000000004,24.617033,7.188332,18.246582,4.9051013,0.0,-0.05,24.61125296467246,7.209078589718624,15.0
56.900000000000006,24.613138,7.1843543,21.603065,4.9051013,0.0,-0.05,24.609183639071215,7.20878061071989,15.0
57.0,24.609026,7.1903944,18.673605,5.0,0.003,0.05,24.607104566544738,7.208487576839763,15.0
57.1,24.602058,7.196427,16.89296,5.0,0.003,0.05,24.605015780358148,7.208199489909705,15.0
57.2,24.605957,7.192756,14.088063,0.1,0.0013733626,-0.037150748,24.60291731393198,7.207916351730257,15.0
57.300000000000004,24.609785,7.1890855,11.311127,0.1,0.0013733626,-0.037150748,24.600809200841653,7.207638164071033,15.0
57.400000000000006,24.6135,7.1941214,5.166765,0.1,0.002978729,0.04991451,24.598691474816928,7.207364928670704,15.0
57.5,24.617064,7.199157,-0.91646194,0.1,0.002978729,0.04991451,24.596564169741377,7.207096647236991,15.0
57.6,24.594254,7.195185,10.019563,5.0,0.0,-0.05,24.594427319651835,7.206833321446651,15.0
57.7,24.582201,7.191218,16.651302,5.0,0.0,-0.05,24.592280958737863,7.20657495294547,15.0
57.800000000000004,24.578716,7.1922035,16.405563,3.0403433,0.001597309,0.0034689065,24.590125121341188,7.206321543348251,15.0
57.900000000000006,24.575075,7.193188,16.223387,3.0403433,0.001597309,0.0034689065,24.587959841955158,7.206073094238802,15.0
58.0,24.572008,7.1948204,17.809055,3.0401547,0.00065812096,0.009954109,24.5857851552242,7.205829607169929,15.0
58.1,24.569984,7.1964517,18.978327,3.0401547,0.00065812096,0.009954109,24.58360109594326,7.2055910836634265,15.0
58.2,24.567133,7.19749,16.731539,3.2007837,0.0024235959,0.0037145226,24.581407699057227,7.205357525210065,15.0
58.300000000000004,24.562748,7.198528,15.099174,3.2007837,0.0024235959,0.0037145226,24.579204999660416,7.2051289332695845,15.0
58.400000000000006,24.557278,7.1997156,13.915739,3.1922529,0.002416927,0.0052434565,24.57699303299597,7.204905309270684,15.0
58.5,24.551006,7.2009025,13.054285,3.1922529,0.002416927,0.0052434565,24.5747718344553,7.204686654611012,15.0
58.6,24.544823,7.2019024,12.467243,3.0032775,0.00226914,0.0037572295,24.572541439577545,7.20447297065716,15.0
58.7,24.538265,7.2029014,12.031084,3.0032775,0.00226914,0.0037572295,24.570301884048966,7.204264258744651,15.0
58.800000000000004,24.54208,7.1991587,12.17848,0.1,0.0,-0.037868124,24.568053203702412,7.2040605201779355,15.0
58.900000000000006,24.545898,7.1954165,12.32446,0.1,0.0,-0.037868124,24.56579543451672,7.203861756230378,15.0
59.0,24.54972,7.1924925,12.469036,0.1,0.0,-0.029683162,24.563528612616143,7.203667968144251,15.0
59.1,24.553547,7.1895685,12.61222,0.1,0.0,-0.029683162,24.561252774269782,7.203479157130732,15.0
59.2,24.557375,7.1873302,12.754023,0.1,0.0,-0.022827936,24.55896795589101,7.203295324369888,15.0
59.300000000000004,24.561207,7.185092,12.894457,0.1,0.0,-0.022827936,24.55667419403687,7.203116471010673,15.0
59.400000000000006,24.565042,7.1834197,13.033534,0.1,0.0,-0.01717243,24.5543715254075,7.20294259817092,15.0
59.5,24.568882,7.1817474,13.171266,0.1,0.0,-0.01717243,24.55205998684555,7.202773706937334,15.0
59.6,24.57243,7.180612,13.313124,0.1879609,5.3853604e-05,-0.011982135,24.549739615335586,7.2026097983654855,15.0
59.7,24.575983,7.1794767,13.452403,0.1879609,5.3853604e-05,-0.011982135,24.547410448003507,7.2024508734798,15.0
59.800000000000004,24.579588,7.1793,10.714409,0.15717411,0.0013977,-0.0023369673,24.545072522115934,7.20229693327356,15.0
59.900000000000006,24.583086,7.179123,8.0191555,0.15717411,0.0013977,-0.0023369673,24.54272587507964,7.20214797870889,15.0
60.0,24.569033,7.1751757,15.43766,5.0,0.0,-0.05,24.540370544440922,7.202004010716756,15.0
60.1,24.562271,7.1712337,19.937046,5.0,0.0,-0.05,24.53800656788502,7.201865030196958,15.0
60.2,24.566202,7.1762786,13.661623,0.1,0.003,0.05,24.535633983235506,7.2017310380181225,15.0
60.300000000000004,24.569977,7.1813235,7.4486403,0.1,0.003,0.05,24.53325282845369,7.201602035017701,15.0
60.400000000000006,24.555382,7.177374,15.087009,5.0,0.0,-0.05,24.530863141637997,7.201478022001961,15.0
60.5,24.548296,7.173429,19.71968,5.0,0.0,-0.05,24.52846496102336,7.2013589997459855,15.0
60.6,24.552221,7.178474,13.446303,0.1,0.003,0.05,24.52605832498062,7.201244968993661,15.0
60.7,24.55599,7.183519,7.235346,0.1,0.003,0.05,24.523643272015907,7.20113593045768,15.0
60.800000000000004,24.541208,7.1795664,14.952913,5.0,0.0,-0.05,24.52121984077001,7.201031884819534,15.0
60.900000000000006,24.534012,7.1756186,19.633598,5.0,0.0,-0.05,24.51878807001778,7.200932832729507,15.0
61.0,24.537935,7.1806636,13.360958,0.1,0.003,0.05,24.516347998667495,7.200838774806673,15.0
61.1,24.541704,7.1857085,7.15073,0.1,0.003,0.05,24.51389966576025,7.200749711638895,15.0
61.2,24.52686,7.181753,14.896831,5.0,0.0,-0.05,24.511443110469315,7.200665643782819,15.0
61.300000000000004,24.519629,7.1778026,19.594816,5.0,0.0,-0.05,24.508978372099524,7.200586571763867,15.0
61.400000000000006,24.523552,7.1828475,13.322441,0.1,0.003,0.05,24.506505490086635,7.2005124960762386,15.0
61.5,24.527319,7.1878924,7.112476,0.1,0.003,0.05,24.504024503996714,7.200443417182908,15.0
61.6,24.512459,7.183934,14.868858,5.0,0.0,-0.05,24.50153545352548,7.200379335515617,15.0
61.7,24.505222,7.179981,19.573082,5.0,0.0,-0.05,24.499038378497687,7.200320251474876,15.0
61.800000000000004,24.509146,7.185026,13.300803,0.1,0.003,0.05,24.496533318866486,7.20026616542996,15.0
61.900000000000006,24.512913,7.1900706,7.090933,0.1,0.003,0.05,24.494020314712778,7.200217077718907,15.0
62.0,24.498053,7.18611,14.851025,5.0,0.0,-0.05,24.491499406244568,7.200172988648514,15.0
62.1,24.49082,7.182154,19.557499,5.0,0.0,-0.05,24.48897063379635,7.2001338984943395,15.0
62.2,24.494743,7.187199,13.2852545,0.1,0.003,0.05,24.486434037828417,7.2000998075006954,15.0
62.300000000000004,24.49851,7.1922436,7.0754185,0.1,0.003,0.05,24.48388965892626,7.20007071588065,15.0
62.400000000000006,24.483656,7.18828,14.836852,5.0,0.0,-0.05,24.48133753779988,7.200046623816027,15.0
62.5,24.47643,7.1843214,19.544144,5.0,0.0,-0.05,24.478777715283165,7.200027531457401,15.0
62.6,24.480354,7.189366,13.271912,0.1,0.003,0.05,24.47621023233322,7.200013438924099,15.0
62.7,24.484121,7.1944103,7.062088,0.1,0.003,0.05,24.473635130029717,7.2000043463042,15.0
62.800000000000004,24.469276,7.190444,14.82401,5.0,0.0,-0.05,24.471052449574238,7.200000253654532,15.0
62.900000000000006,24.46206,7.186483,19.5316,5.0,0.0,-0.05,24.46846223228961,7.200001161000675,15.0
63.0,24.465984,7.1915274,13.259374,0.1,0.003,0.05,24.465864519619267,7.200007068336958,15.0
63.1,24.469753,7.196572,7.0495543,0.1,0.003,0.05,24.463259353126542,7.200017975626459,15.0
63.2,24.454918,7.192603,14.811659,5.0,0.0,-0.05,24.460646774494055,7.200033882801008,15.0
63.300000000000004,24.447712,7.188639,19.519365,5.0,0.0,-0.05,24.458026825523,7.200054789761186,15.0
63.400000000000006,24.451635,7.1936836,13.24714,0.1,0.003,0.05,24.455399548132508,7.2000806963763235,15.0
63.5,24.455404,7.198728,7.0373225,0.1,0.003,0.05,24.45276498435896,7.200111602484505,15.0
63.6,24.440578,7.1947565,14.799499,5.0,0.0,-0.05,24.450123176355326,7.200147507892567,15.0
63.7,24.433382,7.1907897,19.507252,5.0,0.0,-0.05,24.44747416639047,7.200188412376102,15.0
63.800000000000004,24.437305,7.195834,13.235027,0.1,0.003,0.05,24.444817996848496,7.200234315679455,15.0
63.900000000000006,24.441074,7.2008786,7.025211,0.1,0.003,0.05,24.442154710228063,7.200285217515732,15.0
64.0,24.426258,7.196904,14.787417,5.0,0.0,-0.05,24.4394843491417,7.200341117566796,15.0
64.10000000000001,24.419071,7.192935,19.495193,5.0,0.0,-0.05,24.436806956315127,7.200402015483272,15.0
64.2,24.422997,7.1979795,13.222969,0.1,0.003,0.05,24.43412257458657,7.200467910884549,15.0
64.3,24.426765,7.203024,7.013153,0.1,0.003,0.05,24.431431246906083,7.20053880335878,15.0
64.4,24.411959,7.199047,14.775377,5.0,0.0,-0.05,24.428733016334846,7.200614692462888,15.0
64.5,24.404781,7.195075,19.483166,5.0,0.0,-0.05,24.426027926044497,7.200695577722565,15.0
64.60000000000001,24.408707,7.2001195,13.210941,0.1,0.003,0.05,24.423316019316417,7.20078145863228,15.0
64.7,24.412476,7.205164,7.0011253,0.1,0.003,0.05,24.42059733954106,7.200872334655276,15.0
64.8,24.397678,7.2011843,14.763362,5.0,0.0,-0.05,24.417871930217245,7.200968205223581,15.0
64.9,24.39051,7.19721,19.47116,5.0,0.0,-0.05,24.41513983495146,7.201069069738001,15.0
65.0,24.394436,7.2022543,13.198936,0.1,0.003,0.05,24.41240109745717,7.201174927568134,15.0
65.10000000000001,24.398205,7.2072988,6.9891205,0.1,0.003,0.05,24.40965576155412,7.2012857780523705,15.0
65.2,24.383417,7.2033167,14.751367,5.0,0.0,-0.05,24.406903871167625,7.201401620497894,15.0
65.3,24.376259,7.1993394,19.459175,5.0,0.0,-0.05,24.404145470327872,7.201522454180689,15.0
65.4,24.380184,7.204384,13.186952,0.1,0.003,0.05,24.401380603169216,7.201648278345547,15.0
65.5,24.383953,7.209428,6.977136,0.1,0.003,0.05,24.39860931392947,7.201779092206067,15.0
65.60000000000001,24.369175,7.205443,14.739391,5.0,0.0,-0.05,24.395831646949205,7.201914894944661,15.0
65.7,24.362026,7.2014627,19.44721,5.0,0.0,-0.05,24.393047646671036,7.202055685712565,15.0
65.8,24.365952,7.206507,13.174987,0.1,0.003,0.05,24.3902573576389,7.202201463629835,15.0
65.9,24.36972,7.211551,6.9651713,0.1,0.003,0.05,24.387460824497374,7.20235222778536,15.0
66.0,24.354952,7.2075634,14.727435,5.0,0.0,-0.05,24.384658091990918,7.2025079772368645,15.0
66.10000000000001,24.347813,7.203581,19.43526,5.0,0.0,-0.05,24.381849204963196,7.202668711010917,15.0
66.2,24.351818,7.208625,19.507534,0.1,0.0,0.05,24.379034208356344,7.202834428102928,15.0
66.3,24.355825,7.213669,19.579086,0.1,0.0,0.05,24.37621314721024,7.20300512747717,15.0
66.4,24.355152,7.2133565,19.92849,2.9570613,0.00080060086,-0.009180254,24.37338606666181,7.2031808080667705,15.0
66.5,24.354702,7.2130446,20.188396,2.9570613,0.00080060086,-0.009180254,24.370553011944278,7.203361468773727,15.0
66.60000000000001,24.35435,7.212726,20.20206,2.9570599,0.0008982641,-0.009245998,24.36771402838646,7.20354710846891,15.0
66.7,24.354004,7.212408,20.21221,2.9570599,0.0008982641,-0.009245998,24.364869161412027,7.203737725992073,15.0
66.8,24.353067,7.210777,21.199064,3.6597435,0.00056227023,-0.023768578,24.362018456538802,7.203933320151856,15.0
66.9,24.352884,7.209147,21.8837,3.6597435,0.00056227023,-0.023768578,24.359161959377992,7.204133889725797,15.0
67.0,24.353983,7.2073736,19.381617,2.1428978,0.0017934882,-0.022220027,24.356299715633497,7.204339433460336,15.0
67.10000000000001,24.353872,7.205601,17.362411,2.1428978,0.0017934882,-0.022220027,24.35343177110115,7.2045499500708265,15.0
67.2,24.346848,7.201621,17.395803,5.0,0.0021767777,-0.05,24.35055817166801,7.204765438241539,15.0
67.3,24.339851,7.1976457,17.414936,5.0,0.0021767777,-0.05,24.347678963311598,7.204985896625675,15.0
67.4,24.335339,7.1936755,21.0643,5.0,0.0,-0.05,24.34479419209919,7.205211323845368,15.0
67.5,24.334404,7.18971,23.278856,5.0,0.0,-0.05,24.341903904187063,7.2054417184917,15.0
67.60000000000001,24.333704,7.194563,21.75707,5.0,0.0017140945,0.03818428,24.339008145819765,7.205677079124705,15.0
67.7,24.331524,7.1994095,20.832088,5.0,0.0017140945,0.03818428,24.336106963329367,7.2059174042733805,15.0
67.8,24.330198,7.201671,22.848104,5.0,0.00017140945,0.012381103,24.333200403134725,7.206162692435694,15.0
67.9,24.33086,7.20393,24.070786,5.0,0.00017140945,0.012381103,24.33028851174074,7.206412942078595,15.0
68.0,24.332726,7.2035866,24.812878,5.0,0.00017140945,-0.013630652,24.327371335737613,7.206668151638025,15.0
68.10000000000001,24.335318,7.2032437,25.263914,5.0,0.00017140945,-0.013630652,24.3244489218001,7.206928319518925,15.0
68.2,24.338346,7.200905,25.538767,5.0,0.00017140945,-0.03360584,24.32152131668676,7.207193444095246,15.0
68.3,24.341635,7.198569,25.70703,5.0,0.00017140945,-0.03360584,24.31858856723921,7.207463523709961,15.0
68.4,24.345078,7.196236,25.810646,5.0,0.0001714263,-0.03360534,24.31565072038138,7.207738556675073,15.0
68.5,24.348612,7.1939063,25.8751,5.0,0.0001714263,-0.03360534,24.31270782311876,7.2080185412716276,15.0
68.60000000000001,24.3522,7.1920743,25.915771,5.0,0.00017141023,-0.028650984,24.309759922537644,7.20830347574972,15.0
68.7,24.355818,7.1902447,25.941946,5.0,0.00017141023,-0.028650984,24.30680706580437,7.208593358328512,15.0
68.8,24.359453,7.188566,25.95931,5.0,0.00017141023,-0.027158534,24.303849300164593,7.208888187196239,15.0
68.9,24.363096,7.18689,25.971315,5.0,0.00017141023,-0.027158534,24.300886672942493,7.20918796051022,15.0
69.0,24.366743,7.185403,25.980045,4.9999995,0.00017141055,-0.025287105,24.297919231540043,7.209492676396874,15.0
69.10000000000001,24.37039,7.1839175,25.986769,4.9999995,0.00017141055,-0.025287105,24.294947023436247,7.2098023329517265,15.0
69.2,24.374035,7.1826487,25.992247,4.9999995,0.00017141092,-0.023140253,24.29197009618637,7.210116928239427,15.0
69.3,24.377678,7.1813817,25.996944,4.9999995,0.00017141092,-0.023140253,24.28898849742118,7.210436460293754,15.0
69.4,24.381319,7.1807714,26.001083,4.999999,0.00017141107,-0.016582647,24.286002274846194,7.210760927117634,15.0
69.5,24.384958,7.180162,26.004812,4.999999,0.00017141107,-0.016582647,24.283011476240915,7.21109032668315,15.0
69.60000000000001,24.388597,7.180105,26.008219,4.999997,0.00017141235,-0.011058076,24.280016149458053,7.211424656931557,15.0
69.7,24.392237,7.1800485,26.011372,4.999997,0.00017141235,-0.011058076,24.277016342422773,7.211763915773291,15.0
69.8,24.395876,7.1813912,26.014193,4.9999976,0.00017141206,0.0029432154,24.274012103131923,7.212108101087986,15.0
69.9,24.399519,7.1827326,26.016663,4.9999976,0.00017141206,0.0029432154,24.27100347965327,7.212457210724484,15.0
70.0,24.403164,7.184143,26.018883,4.9999723,0.00017142747,0.003652757,24.267990520124723,7.21281124250085,15.0
70.10000000000001,24.40681,7.1855516,26.020973,4.9999723,0.00017142747,0.003652757,24.264973272753572,7.213170194204389,15.0
70.2,24.410461,7.1869583,26.022957,4.9999437,0.000171443,0.0036529445,24.26195178581571,7.213534063591654,15.0
70.3,24.414114,7.1883636,26.024906,4.9999437,0.000171443,0.0036529445,24.25892610765486,7.21390284838846,15.0
70.4,24.417768,7.1897664,26.02634,4.9994593,0.00017172248,0.0036476431,24.255896286681818,7.214276546289906,15.0
70.5,24.421425,7.1911674,26.027958,4.9994593,0.00017172248,0.0036476431,24.25286237137364,7.214655154960378,15.0
70.60000000000001,24.425083,7.192566,26.029293,4.999073,0.00017194485,0.003643667,24.24982441027292,7.215038672033577,15.0
70.7,24.428743,7.193963,26.030853,4.999073,0.00017194485,0.003643667,24.246782451986967,7.215427095112519,15.0
70.8,24.432405,7.1953583,26.03255,4.999094,0.00017194485,0.003643667,24.24373654518704,7.215820421769564,15.0
70.9,24.43607,7.1967516,26.034332,4.999094,0.00017194485,0.003643667,24.240686738607597,7.216218649546419,15.0
71.0,24.440157,7.1917963,19.697176,0.1,0.003,-0.05,24.237633081045466,7.216621775954164,15.0
71.10000000000001,24.444086,7.186841,13.423136,0.1,0.003,-0.05,24.23457562135911,7.217029798473258,15.0
71.2,24.447498,7.1820874,7.3580813,0.18973534,0.003,-0.048168667,24.231514408467813,7.217442714553564,15.0
71.3,24.450624,7.177334,1.4071174,0.18973534,0.003,-0.048168667,24.228449491350922,7.217860521614357,15.0
71.4,24.430208,7.173389,11.385918,5.0,0.0,-0.05,24.225380919047044,7.218283217044343,15.0
71.5,24.419605,7.169449,17.437378,5.0,0.0,-0.05,24.22230874065327,7.218710798201678,15.0
71.60000000000001,24.411552,7.170013,16.092442,5.0,0.003,-0.0049815923,24.219233005324387,7.219143262413981,15.0
71.7,24.402187,7.170576,15.273639,5.0,0.003,-0.0049815923,24.216153762272093,7.219580606978352,15.0
71.8,24.392029,7.171163,14.773777,5.0,0.003,-0.004736483,24.213071060764218,7.220022829161389,15.0
71.9,24.381392,7.1717496,14.4672575,5.0,0.003,-0.004736483,24.209984950123914,7.220469926199204,15.0
72.0,24.370466,7.1723633,14.277942,5.0,0.003,-0.0044583245,24.20689547972889,7.220921895297444,15.0
72.10000000000001,24.35937,7.172976,14.159673,5.0,0.003,-0.0044583245,24.203802699010602,7.221378733631301,15.0
72.2,24.34817,7.173617,14.084472,5.0,0.003,-0.004167585,24.200706657453477,7.22184043834554,15.0
72.3,24.336908,7.1742573,14.0353775,5.0,0.003,-0.004167585,24.197607404594116,7.222307006554505,15.0
72.4,24.325617,7.1768904,14.001855,5.0,0.003,0.015783135,24.194504990020494,7.222778435342148,15.0
72.5,24.314312,7.17952,13.977561,5.0,0.003,0.015783135,24.191399463371187,7.223254721762039,15.0
72.60000000000001,24.303005,7.1835437,13.958687,5.0,0.003,0.029761553,24.188290874334545,7.223735862837392,15.0
72.7,24.291702,7.1875625,13.942952,5.0,0.003,0.029761553,24.185179272647932,7.224221855561074,15.0
72.8,24.280409,7.1918516,13.92909,5.0,0.003,0.032518722,24.182064708096906,7.224712696895635,15.0
72.9,24.269127,7.1961355,13.916338,5.0,0.003,0.032518722,24.178947230514435,7.225208383773316,15.0
73.0,24.257854,7.199391,13.904396,5.0,0.003,0.022281975,24.175826889780094,7.225708913096076,15.0
73.10000000000001,24.246592,7.202642,13.89306,5.0,0.003,0.022281975,24.172703735819265,7.226214281735609,15.0
73.2,24.236046,7.203046,13.586981,4.7087464,0.003,-0.0055871494,24.16957781860235,7.226724486533362,15.0
73.3,24.225225,7.2034492,13.392688,4.7087464,0.003,-0.0055871494,24.166449188143954,7.227239524300557,15.0
73.4,24.21351,7.2087955,13.571642,5.0,0.003,0.04329399,24.1633178945021,7.22775939181821,15.0
73.5,24.202,7.214135,13.675546,5.0,0.003,0.04329399,24.160183987777415,7.22828408583715,15.0
73.60000000000001,24.193697,7.2188315,18.24033,4.9909654,0.0003,0.03694175,24.157047518112346,7.228813603078041,15.0
73.7,24.189896,7.2235217,21.00983,4.9909654,0.0003,0.03694175,24.153908535690338,7.229347940231404,15.0
73.8,24.192724,7.2223544,20.956964,1.0466833,0.0003,-0.013950043,24.150767090735037,7.22988709395763,15.0
73.9,24.195538,7.2211876,20.909634,1.0466833,0.0003,-0.013950043,24.147623233509506,7.230431060887013,15.0
74.0,24.19834,7.2183146,20.866762,1.0456203,0.0003,-0.031013433,24.144477014315385,7.23097983761976,15.0
74.10000000000001,24.201128,7.215442,20.828526,1.0456203,0.0003,-0.031013433,24.14132848349212,7.231533420726018,15.0
74.2,24.203907,7.21257,20.792894,1.0427562,0.0003,-0.031013433,24.138177691416132,7.232091806745896,15.0
74.3,24.206675,7.2096987,20.761168,1.0427562,0.0003,-0.031013433,24.13502468850003,7.232654992189482,15.0
74.4,24.209272,7.207041,19.526289,1.0427718,0.0008978459,-0.028884634,24.131869525191792,7.2332229735368685,15.0
74.5,24.211563,7.204384,18.414032,1.0427718,0.0008978459,-0.028884634,24.128712251973965,7.233795747238174,15.0
74.60000000000001,24.213438,7.201999,16.373577,1.042786,0.0014124507,-0.026167678,24.12555291936285,7.2343733097135665,15.0
74.7,24.214806,7.199615,14.53544,1.042786,0.0014124507,-0.026167678,24.122391577907706,7.2349556573532805,15.0
74.8,24.204214,7.205636,14.262971,5.0,0.003,0.05,24.119228278189926,7.2355427865176445,15.0
74.9,24.193382,7.2116494,14.09306,5.0,0.003,0.05,24.11606307082224,7.236134693537106,15.0
75.0,24.182407,7.213772,13.985823,5.0,0.003,0.011138448,24.112896006447894,7.236731374712245,15.0
75.10000000000001,24.171345,7.2158914,13.917002,5.0,0.003,0.011138448,24.109727135739853,7.237332826313808,15.0
75.2,24.16023,7.2169843,13.871603,5.0,0.003,0.00088939647,24.106556509399983,7.237939044582724,15.0
75.3,24.149088,7.2180758,13.840516,5.0,0.003,0.00088939647,24.103384178158237,7.23855002573013,15.0
75.4,24.141306,7.2184243,12.408397,3.6737833,0.003,-0.003935629,24.100210192771844,7.239165765937397,15.0
75.5,24.132431,7.218773,11.414511,3.6737833,0.003,-0.003935629,24.097034604024504,7.2397862613561506,15.0
75.60000000000001,24.124697,7.2173414,14.612886,3.6730645,0.0008130005,-0.021738362,24.09385746272557,7.240411508108296,15.0
75.7,24.119423,7.2159114,16.827042,3.6730645,0.0008130005,-0.021738362,24.090678819709236,7.241041502286042,15.0
75.8,24.111216,7.2119184,15.623171,5.0,0.003,-0.05,24.08749872583372,7.241676239951929,15.0
75.9,24.101822,7.20793,14.891011,5.0,0.003,-0.05,24.084317231980457,7.242315717138848,15.0
76.0,24.091707,7.203947,14.444803,5.0,0.003,-0.05,24.081134389053283,7.242959929850068,15.0
76.10000000000001,24.081152,7.199969,14.171937,5.0,0.003,-0.05,24.07795024797761,7.243608874059262,15.0
76.2,24.070673,7.1980815,13.860999,4.8546886,0.003,-0.028838133,24.074764859699638,7.244262545710532,15.0
76.3,24.059902,7.1961966,13.666945,4.8546886,0.003,-0.028838133,24.071578275185505,7.244920940718431,15.0
76.4,24.048952,7.1955376,13.544629,4.8546886,0.003,-0.016592382,24.068390545420492,7.245584054967992,15.0
76.5,24.037893,7.1948795,13.466306,4.8546886,0.003,-0.016592382,24.065201721408215,7.246251884314753,15.0
76.60000000000001,24.02685,7.1952114,13.536198,4.8546886,0.0029279373,-0.006693669,24.062011854169786,7.246924424584784,15.0
76.7,24.015886,7.195543,13.575977,4.8546886,0.0029279373,-0.006693669,24.058820994743012,7.24760167157471,15.0
76.80000000000001,24.019753,7.2005873,13.704121,0.1,0.0,0.05,24.055629194181577,7.2482836210517405,15.0
76.9,24.023623,7.2056317,13.830988,0.1,0.0,0.05,24.052436503554222,7.248970268753691,15.0
77.0,24.027424,7.201676,8.2465725,0.1,0.0027,-0.04,24.04924297394393,7.249661610389017,15.0
77.10000000000001,24.031086,7.19772,2.7177742,0.1,0.0027,-0.04,24.046048656447105,7.250357641636836,15.0
77.2,24.012457,7.19375,12.052957,5.0,0.0,-0.05,24.04285360217276,7.251058358146955,15.0
77.30000000000001,24.003008,7.1897845,17.714312,5.0,0.0,-0.05,24.039657862241693,7.251763755539898,15.0
77.4,24.006899,7.194829,11.456721,0.1,0.003,0.05,24.036461487785676,7.252473829406932,15.0
77.5,24.010633,7.1998734,5.261393,0.1,0.003,0.05,24.03326452994663,7.253188575310099,15.0
77.60000000000001,23.994532,7.1959004,13.59025,5.0,0.0,-0.05,24.03006703987582,7.25390798878224,15.0
77.7,23.986618,7.191932,18.64157,5.0,0.0,-0.05,24.02686906873301,7.254632065327021,15.0
77.80000000000001,23.990532,7.1969767,12.374617,0.1,0.003,0.05,24.023670667685675,7.255360800418969,15.0
77.9,23.99429,7.202021,6.17002,0.1,0.003,0.05,24.020471887908162,7.256094189503489,15.0
78.0,23.979105,7.1980453,14.136411,5.0,0.0,-0.05,24.01727278058088,7.256832227996904,15.0
78.10000000000001,23.97175,7.1940746,18.968006,5.0,0.0,-0.05,24.014073396889472,7.257574911286476,15.0
78.2,23.97567,7.199119,12.698675,0.100941874,0.003,0.05,24.010873788024018,7.258322234730434,15.0
78.30000000000001,23.979433,7.2041636,6.4923086,0.100941874,0.003,0.05,24.00767400517819,7.2590741936580105,15.0
78.4,23.964586,7.2001853,14.327139,5.0,0.0,-0.05,24.004474099548435,7.259830783369465,15.0
78.5,23.957441,7.196212,19.078983,5.0,0.0,-0.05,24.00127412233319,7.260591999136115,15.0
78.60000000000001,23.96136,7.2012568,12.810097,0.10255297,0.003,0.05,23.99807412473201,7.261357836200363,15.0
78.7,23.96512,7.2063017,6.60517,0.10255297,0.003,0.05,23.994874157944796,7.262128289775729,15.0
78.80000000000001,23.950405,7.2023206,14.390917,5.0,0.0,-0.05,23.991674273170947,7.262903355046884,15.0
78.9,23.943344,7.1983447,19.11301,5.0,0.0,-0.05,23.98847452160855,7.2636830271696695,15.0
79.0,23.947268,7.203389,12.842601,0.10153627,0.003,0.05,23.98527495445356,7.2644673012711385,15.0
79.10000000000001,23.951033,7.2084336,6.635535,0.10153627,0.003,0.05,23.982075622898982,7.26525617244958,15.0
79.2,23.936369,7.20445,14.404693,5.0,0.0,-0.05,23.978876578134056,7.266049635774552,15.0
79.30000000000001,23.929342,7.2004714,19.116734,5.0,0.0,-0.05,23.97567787134343,7.266847686286912,15.0
79.4,23.933266,7.205516,12.846167,0.10153568,0.003,0.05,23.972479553706343,7.267650318998845,15.0
79.5,23.93703,7.2105603,6.6389446,0.10153568,0.003,0.05,23.969281676395813,7.268457528893901,15.0
79.60000000000001,23.922392,7.206574,14.402135,5.0,0.0,-0.05,23.9660842905778,7.26926931092702,15.0
79.7,23.915384,7.2025924,19.110561,5.0,0.0,-0.05,23.96288744741042,7.2700856600245665,15.0
79.80000000000001,23.919308,7.207637,12.839937,0.10153449,0.003,0.05,23.959691198043085,7.270906571084363,15.0
79.9,23.923073,7.2126813,6.6326575,0.10153449,0.003,0.05,23.956495593615724,7.271732038975716,15.0
80.0,23.90845,7.208692,14.393706,5.0,0.0,-0.05,23.953300685257936,7.272562058539455,15.0
80.10000000000001,23.901453,7.204708,19.100838,5.0,0.0,-0.05,23.950106524088188,7.27339662458796,15.0
80.2,23.905378,7.2097526,12.830192,0.10153291,0.003,0.05,23.94691316121299,7.274235731905196,15.0
80.30000000000001,23.909145,7.214797,6.6228895,0.10153291,0.003,0.05,23.943720647726078,7.2750793752467455,15.0
80.4,23.894533,7.2108054,14.383175,5.0,0.0,-0.05,23.940529034707605,7.275927549339839,15.0
80.5,23.887548,7.2068186,19.089848,5.0,0.0,-0.05,23.93733837322331,7.276780248883393,15.0
80.60000000000001,23.891474,7.211863,12.819191,0.10152995,0.003,0.05,23.9341487143237,7.277637468548037,15.0
80.7,23.89524,7.2169075,6.611877,0.10152995,0.003,0.05,23.930960109043262,7.2784992029761515,15.0
80.80000000000001,23.880638,7.212913,14.371896,5.0,0.0,-0.05,23.927772608399604,7.279365446781898,15.0
80.9,23.873663,7.208924,19.078411,5.0,0.0,-0.05,23.92458626339267,7.280236194551257,15.0
81.0,23.877588,7.2139683,12.80775,0.101527706,0.003,0.05,23.921401125003914,7.281111440842056,15.0
81.10000000000001,23.881355,7.2190127,6.6004295,0.101527706,0.003,0.05,23.91821724419548,7.281991180184011,15.0
81.2,23.866762,7.215016,14.36036,5.0,0.0,-0.05,23.915034671909396,7.282875407078752,15.0
81.30000000000001,23.859797,7.211024,19.066824,5.0,0.0,-0.05,23.911853459066748,7.2837641159998645,15.0
81.4,23.863722,7.2160683,12.79616,0.10152508,0.003,0.05,23.908673656566872,7.284657301392921,15.0
81.5,23.867489,7.2211123,6.588835,0.10152508,0.003,0.05,23.905495315286547,7.285554957675513,15.0
81.60000000000001,23.852905,7.2171125,14.348742,5.0,0.0,-0.05,23.902318486079157,7.286457079237296,15.0
81.7,23.84595,7.213118,19.055195,5.0,0.0,-0.05,23.899143219773908,7.287363660440011,15.0
81.80000000000001,23.849874,7.2181625,12.784285,0.10128785,0.003,0.05,23.89596956717499,7.2882746956175275,15.0
81.9,23.853643,7.2232065,6.576569,0.10128785,0.003,0.05,23.89279757906078,7.28919017907588,15.0
82.0,23.839067,7.2192044,14.336723,5.0,0.0,-0.05,23.88962730618302,7.2901101050933,15.0
82.10000000000001,23.832119,7.215207,19.04333,5.0,0.0,-0.05,23.886458799266002,7.291034467920252,15.0
82.2,23.836044,7.2202516,12.772826,0.101679005,0.003,0.05,23.883292109005776,7.291963261779471,15.0
82.30000000000001,23.839811,7.2252955,6.565757,0.101679005,0.003,0.05,23.880127286069314,7.292896480865999,15.0
82.4,23.825247,7.2212906,14.325592,5.0,0.0,-0.05,23.876964381093718,7.2938341193472205,15.0
82.5,23.818308,7.217291,19.03201,5.0,0.0,-0.05,23.8738034446854,7.294776171362898,15.0
82.60000000000001,23.822231,7.2223353,12.762421,0.102564566,0.003,0.05,23.870644527419277,7.295722631025208,15.0
82.7,23.825994,7.22738,6.5568056,0.102564566,0.003,0.05,23.867487679837954,7.2966734924187815,15.0
82.80000000000001,23.811441,7.2233725,14.315597,5.0,0.0,-0.05,23.864332952450926,7.2976287496007375,15.0
82.9,23.804514,7.21937,19.021383,5.0,0.0,-0.05,23.861180395733765,7.298588396600723,15.0
83.0,23.80844,7.224414,12.750593,0.10141405,0.003,0.05,23.858030060127312,7.299552427420946,15.0
83.10000000000001,23.812208,7.229458,6.543075,0.10141405,0.003,0.05,23.854881996036866,7.300520836036218,15.0
83.2,23.797663,7.225448,14.302711,5.0,0.0,-0.05,23.85173625383139,7.301493616393987,15.0
83.30000000000001,23.790743,7.221443,19.009012,5.0,0.0,-0.05,23.848592883842688,7.30247076241438,15.0
83.4,23.794613,7.226492,12.762339,0.12472136,0.003,0.05,23.845451936364615,7.303452267990238,15.0
83.5,23.798288,7.23154,6.593088,0.12472136,0.003,0.05,23.842313461652264,7.304438126987153,15.0
83.60000000000001,23.783812,7.2275276,14.328473,5.0,0.0,-0.05,23.83917750992116,7.30542833324351,15.0
83.7,23.776937,7.2235203,19.020077,5.0,0.0,-0.05,23.83604413134647,7.306422880570524,15.0
83.80000000000001,23.780823,7.2285676,12.766459,0.11826141,0.003,0.05,23.83291337606218,7.307421762752275,15.0
83.9,23.784525,7.233615,6.586361,0.11826141,0.003,0.05,23.829785294160306,7.3084249735457565,15.0
84.0,23.770063,7.2296,14.319845,5.0,0.0,-0.05,23.826659935690095,7.309432506680901,15.0
84.10000000000001,23.763203,7.2255898,19.010302,5.0,0.0,-0.05,23.823537350657215,7.310444355860631,15.0
84.2,23.767109,7.230635,12.748402,0.11025387,0.003,0.05,23.820417589022963,7.311460514760892,15.0
84.30000000000001,23.770844,7.2356806,6.5551605,0.11025387,0.003,0.05,23.817300700703452,7.312480977030695,15.0
84.4,23.75637,7.2316628,14.29639,5.0,0.0,-0.05,23.814186735568835,7.313505736292153,15.0
84.5,23.749506,7.22765,18.991543,5.0,0.0,-0.05,23.811075743442483,7.314534786140524,15.0
84.60000000000001,23.753435,7.2326937,12.719678,0.1005344,0.003,0.05,23.807967774100206,7.315568120144252,15.0
84.7,23.757208,7.237737,6.51055,0.1005344,0.003,0.05,23.804862877269446,7.316605731845,15.0
84.80000000000001,23.742712,7.233717,14.264811,5.0,0.0,-0.05,23.801761102628486,7.317647614757699,15.0
84.9,23.735838,7.2297015,18.967869,5.0,0.0,-0.05,23.79866249980566,7.318693762370585,15.0
85.0,23.739767,7.234745,12.69639,0.10078975,0.003,0.05,23.795567118378536,7.319744168145238,15.0
85.10000000000001,23.743538,7.2397885,6.487803,0.10078975,0.003,0.05,23.792475007873158,7.3207988255166265,15.0
85.2,23.72904,7.2357655,14.246493,5.0,0.0,-0.05,23.789386217763226,7.3218577278931445,15.0
85.30000000000001,23.722168,7.2317476,18.952238,5.0,0.0,-0.05,23.78630079746932,7.322920868656655,15.0
85.4,23.726097,7.236791,12.68025,0.10025694,0.003,0.05,23.783218796358092,7.3239882411625326,15.0
85.5,23.729872,7.2418346,6.470827,0.10025694,0.003,0.05,23.7801402637415,7.325059838739703,15.0
85.60000000000001,23.715378,7.237809,14.23168,5.0,0.0,-0.05,23.777065248876,7.326135654690684,15.0
85.7,23.708511,7.233789,18.93874,5.0,0.0,-0.05,23.773993800961758,7.327215682291628,15.0
85.80000000000001,23.712442,7.2388325,12.666546,0.10003862,0.003,0.05,23.770925969141878,7.32829991479237,15.0
85.9,23.716217,7.243876,6.456784,0.10003862,0.003,0.05,23.76786180250161,7.329388345416457,15.0
86.0,23.701729,7.239848,14.218652,5.0,0.0,-0.05,23.764801350067547,7.3304809673612015,15.0
86.10000000000001,23.69487,7.235825,18.92633,5.0,0.0,-0.05,23.761744660806865,7.331577773797722,15.0
86.2,23.698801,7.2408686,12.654161,0.10005409,0.003,0.05,23.758691783626528,7.332678757870979,15.0
86.30000000000001,23.702576,7.245912,6.444434,0.10005409,0.003,0.05,23.755642767372503,7.333783912699828,15.0
86.4,23.688097,7.2418814,14.206656,5.0,0.0,-0.05,23.75259766082899,7.334893231377054,15.0
86.5,23.681248,7.237856,18.914553,5.0,0.0,-0.05,23.749556512717625,7.3360067069694175,15.0
86.60000000000001,23.685179,7.2428994,12.642579,0.10023876,0.003,0.05,23.746519371696714,7.3371243325177025,15.0
86.7,23.688953,7.247943,6.4331594,0.10023876,0.003,0.05,23.743486286360447,7.33824610103675,15.0
86.80000000000001,23.674482,7.24391,14.19532,5.0,0.0,-0.05,23.740457305238124,7.339372005515513,15.0
86.9,23.66764,7.239882,18.903183,5.0,0.0,-0.05,23.737432476793384,7.340502038917092,15.0
87.0,23.671568,7.2449255,12.632497,0.10148267,0.003,0.05,23.734411849423413,7.341636194178779,15.0
87.10000000000001,23.675337,7.249969,6.425124,0.10148267,0.003,0.05,23.731395471458185,7.34277446421211,15.0
87.2,23.66088,7.2459335,14.185953,5.0,0.0,-0.05,23.72838339115968,7.3439168419029,15.0
87.30000000000001,23.654049,7.241903,18.893011,5.0,0.0,-0.05,23.725375656721127,7.345063320111294,15.0
87.4,23.657976,7.2469463,12.622313,0.10148271,0.003,0.05,23.722372316266206,7.346213891671804,15.0
87.5,23.661745,7.25199,6.4149275,0.10148271,0.003,0.05,23.719373417848303,7.347368549393362,15.0
87.60000000000001,23.647297,7.2479515,14.1752825,5.0,0.0,-0.05,23.716379009449728,7.348527286059364,15.0
87.7,23.640476,7.2439184,18.882057,5.0,0.0,-0.05,23.71338913898095,7.3496900944277055,15.0
87.80000000000001,23.644403,7.248962,12.611348,0.10147669,0.003,0.05,23.710403854279836,7.350856967230841,15.0
87.9,23.648174,7.2540054,6.403949,0.10147669,0.003,0.05,23.70742320311087,7.352027897175818,15.0
88.0,23.633736,7.2499647,14.164145,5.0,0.0,-0.05,23.70444723316442,7.353202876944328,15.0
88.10000000000001,23.626925,7.2459292,18.870827,5.0,0.0,-0.05,23.70147599205593,7.354381899192751,15.0
88.2,23.630854,7.2509727,12.600107,0.10146757,0.003,0.05,23.698509527325196,7.355564956552204,15.0
88.30000000000001,23.634624,7.2560163,6.3926916,0.10146757,0.003,0.05,23.695547886435598,7.35675204162858,15.0
88.4,23.620195,7.251973,14.152845,5.0,0.0,-0.05,23.69259111677332,7.357943147002603,15.0
88.5,23.613394,7.2479353,18.859505,5.0,0.0,-0.05,23.689639265646615,7.359138265229865,15.0
88.60000000000001,23.617323,7.252979,12.588773,0.101456754,0.003,0.05,23.686692380285038,7.360337388840885,15.0
88.7,23.621094,7.258022,6.381339,0.101456754,0.003,0.05,23.683750507838695,7.3615405103411415,15.0
88.80000000000001,23.606674,7.2539763,14.141496,5.0,0.0,-0.05,23.68081369537748,7.362747622211131,15.0
88.9,23.599882,7.2499356,18.84816,5.0,0.0,-0.05,23.677881989890327,7.3639587169064065,15.0
89.0,23.603811,7.254979,12.577416,0.101445384,0.003,0.05,23.674955438284467,7.365173786857631,15.0
89.10000000000001,23.607582,7.260022,6.369964,0.101445384,0.003,0.05,23.67203408738466,7.366392824470622,15.0
89.2,23.59317,7.255974,14.130138,5.0,0.0,-0.05,23.669117983932455,7.367615822126396,15.0
89.30000000000001,23.586386,7.2519307,18.836817,5.0,0.0,-0.05,23.66620717458545,7.368842772181225,15.0
89.4,23.58828,7.257137,13.436535,0.97549117,0.003,0.05,23.66330170591653,7.370073666966672,15.0
89.5,23.588923,7.2623415,8.537964,0.97549117,0.003,0.05,23.660401624413133,7.3713084987896496,15.0
89.60000000000001,23.576668,7.2582903,15.439942,5.0,0.0,-0.05,23.6575069764765,7.372547259932464,15.0
89.7,23.571196,7.2542443,19.626383,5.0,0.0,-0.05,23.65461780842094,7.373789942652861,15.0
89.80000000000001,23.575144,7.2592874,13.34768,0.10159021,0.003,0.05,23.651734166473073,7.375036539184078,15.0
89.9,23.578934,7.2643304,7.1324387,0.10159021,0.003,0.05,23.648856096771116,7.376287041734892,15.0
90.0,23.565315,7.260277,14.583458,5.0,0.0,-0.05,23.64598364536412,7.3775414424896635,15.0
90.10000000000001,23.55902,7.2562284,19.102732,5.0,0.0,-0.05,23.643116858211243,7.378799733608393,15.0
90.2,23.557373,7.2617707,15.240982,2.796333,0.003,0.05,23.640255781181022,7.380061907226766,15.0
90.30000000000001,23.553383,7.267309,12.319865,2.796333,0.003,0.05,23.63740046005063,7.3813279554562,15.0
90.4,23.556314,7.272396,9.362009,0.3420689,0.0016367965,0.05,23.634550940505136,7.3825978703839,15.0
90.5,23.558998,7.2774825,6.5035896,0.3420689,0.0016367965,0.05,23.6317072681368,7.383871644072899,15.0
90.60000000000001,23.54482,7.2734127,14.192813,5.0,0.0,-0.05,23.62886948844432,7.385149268562117,15.0
90.7,23.5382,7.2693477,18.856503,5.0,0.0,-0.05,23.626037646832106,7.386430735866405,15.0
90.80000000000001,23.537144,7.2748127,14.741585,2.4225438,0.003,0.05,23.623211788609563,7.387716037976597,15.0
90.9,23.533882,7.2802744,11.510869,2.4225438,0.003,0.05,23.620391958990364,7.389005166859559,15.0
91.0,23.537714,7.2853165,11.6554575,0.1,0.0,0.05,23.617578203091725,7.390298114458238,15.0
91.10000000000001,23.54155,7.2903585,11.798606,0.1,0.0,0.05,23.61477056593368,7.3915948726917176,15.0
91.2,23.54539,7.2954006,11.940329,0.1,0.0,0.05,23.611969092438358,7.392895433455262,15.0
91.30000000000001,23.549232,7.3004427,12.08064,0.1,0.0,0.05,23.60917382742928,7.394199788620372,15.0
91.4,23.55308,7.3054843,12.219554,0.1,0.0,0.05,23.606384815630626,7.39550793003483,15.0
91.5,23.55693,7.310526,12.357084,0.1,0.0,0.05,23.603602101666525,7.396819849522759,15.0
91.60000000000001,23.560785,7.312738,12.493253,0.1,7.991555e-30,0.021705447,23.60082573006034,7.398135538884664,15.0
91.7,23.564644,7.31495,12.628082,0.1,7.991555e-30,0.021705447,23.598055745233957,7.3994549898974915,15.0
91.80000000000001,23.568426,7.3199916,6.4170814,0.1,0.003,0.05,23.595292191507077,7.400778194314677,15.0
91.9,23.572054,7.3250327,0.26787853,0.1,0.003,0.05,23.5925351130965,7.402105143866199,15.0
92.0,23.551878,7.3209033,10.400761,5.0,0.0,-0.05,23.589784554115422,7.403435830258624,15.0
92.10000000000001,23.541666,7.316779,16.545853,5.0,0.0,-0.05,23.587040558572724,7.404770245175168,15.0
92.2,23.545547,7.3218207,10.295688,0.1,0.003,0.05,23.58430317037228,7.406108380275743,15.0
92.30000000000001,23.549273,7.326862,4.107711,0.1,0.003,0.05,23.581572433312243,7.407450227197008,15.0
92.4,23.532898,7.32273,12.72417,5.0,0.0,-0.05,23.578848391084346,7.408795777552424,15.0
92.5,23.524994,7.3186035,17.950003,5.0,0.0,-0.05,23.576131087273204,7.410145022932305,15.0
92.60000000000001,23.52891,7.3236446,11.685731,0.1,0.003,0.05,23.573420565355626,7.411497954903873,15.0
92.7,23.532671,7.3286858,5.483788,0.1,0.003,0.05,23.570716868699904,7.412854565011307,15.0
92.80000000000001,23.517672,7.324552,13.554046,5.0,0.0,-0.05,23.56802004056512,7.414214844775799,15.0
92.9,23.510605,7.320423,18.448772,5.0,0.0,-0.05,23.565330124100473,7.415578785695604,15.0
93.0,23.514534,7.3254642,12.1794195,0.1,0.003,0.05,23.56264716234457,7.416946379246096,15.0
93.10000000000001,23.518307,7.3305054,5.9724464,0.1,0.003,0.05,23.559971198224737,7.41831761687982,15.0
93.2,23.503807,7.3263693,13.845971,5.0,0.0,-0.05,23.557302274556346,7.419692490026544,15.0
93.30000000000001,23.497046,7.3222384,18.62144,5.0,0.0,-0.05,23.554640434042117,7.421070990093318,15.0
93.4,23.500978,7.3272796,12.350258,0.1,0.003,0.05,23.551985719271443,7.422453108464518,15.0
93.5,23.504757,7.3323207,6.141473,0.1,0.003,0.05,23.549338172719704,7.42383883650191,15.0
93.60000000000001,23.490444,7.328182,13.9441395,5.0,0.0,-0.05,23.546697836747587,7.425228165544699,15.0
93.7,23.483799,7.324049,18.676659,5.0,0.0,-0.05,23.54406475360041,7.426621086909583,15.0
93.80000000000001,23.487734,7.32909,12.404817,0.1,0.003,0.05,23.54143896540745,7.428017591890806,15.0
93.9,23.491514,7.3341312,6.195379,0.1,0.003,0.05,23.53882051418126,7.429417671760218,15.0
94.0,23.477272,7.3299904,13.9725275,5.0,0.0,-0.05,23.536209441817004,7.430821317767324,15.0
94.10000000000001,23.470675,7.325855,18.689579,5.0,0.0,-0.05,23.533605790091787,7.432228521139343,15.0
94.2,23.474611,7.330896,12.4175,0.1,0.003,0.05,23.531009600663978,7.433639273081254,15.0
94.30000000000001,23.478392,7.335937,6.207827,0.1,0.003,0.05,23.52842091507255,7.435053564775866,15.0
94.4,23.464182,7.3317943,13.97579,5.0,0.0,-0.05,23.525839774736426,7.436471387383859,15.0
94.5,23.457605,7.3276563,18.687277,5.0,0.0,-0.05,23.52326622095379,7.437892732043847,15.0
94.60000000000001,23.461542,7.3326974,12.415112,0.1,0.003,0.05,23.520700294901445,7.439317589872429,15.0
94.7,23.465322,7.3377385,6.205354,0.1,0.003,0.05,23.51814203763416,7.440745951964249,15.0
94.80000000000001,23.45113,7.3335934,13.970014,5.0,0.0,-0.05,23.515591490083988,7.44217780939205,15.0
94.9,23.444567,7.3294535,18.6795,5.0,0.0,-0.05,23.513048693059645,7.443613153206726,15.0
95.0,23.448503,7.3344946,12.407305,0.1,0.003,0.05,23.510513687245826,7.445051974437383,15.0
95.10000000000001,23.452284,7.3395357,6.1975174,0.1,0.003,0.05,23.507986513202564,7.446494264091394,15.0
95.2,23.4381,7.335388,13.960991,5.0,0.0,-0.05,23.505467211364596,7.447940013154451,15.0
95.30000000000001,23.43155,7.331246,18.669762,5.0,0.0,-0.05,23.5029558220407,7.44938921259063,15.0
95.4,23.435486,7.336287,12.397555,0.1,0.003,0.05,23.500452385413045,7.450841853342437,15.0
95.5,23.439266,7.341328,6.187757,0.1,0.003,0.05,23.497956941536565,7.452297926330874,15.0
95.60000000000001,23.425093,7.337178,13.950809,5.0,0.0,-0.05,23.495469530338312,7.453757422455488,15.0
95.7,23.418549,7.3330336,18.659327,5.0,0.0,-0.05,23.49299019161681,7.455220332594434,15.0
95.80000000000001,23.422485,7.3380747,12.387116,0.1,0.003,0.05,23.490518965041424,7.456686647604528,15.0
95.9,23.426268,7.3431153,6.1773143,0.1,0.003,0.05,23.48805589015173,7.458156358321306,15.0
96.0,23.412104,7.3389635,13.940219,5.0,0.0,-0.05,23.485601006356873,7.45962945555908,15.0
96.10000000000001,23.40557,7.334817,18.648651,5.0,0.0,-0.05,23.48315435293494,7.461105930110997,15.0
96.2,23.409506,7.339858,12.376439,0.1,0.003,0.05,23.48071596903233,7.462585772749097,15.0
96.30000000000001,23.413288,7.3448987,6.1666355,0.1,0.003,0.05,23.478285893663145,7.46406897422437,15.0
96.4,23.399132,7.3407445,13.929492,5.0,0.0,-0.05,23.475864165708526,7.465555525266807,15.0
96.5,23.392605,7.3365955,18.637897,5.0,0.0,-0.05,23.473450823916075,7.4670454165854725,15.0
96.60000000000001,23.396542,7.3416367,12.365685,0.1,0.003,0.05,23.47104590689921,7.46853863886855,15.0
96.7,23.400324,7.3466773,6.155882,0.1,0.003,0.05,23.46864945313655,7.470035182783404,15.0
96.80000000000001,23.386177,7.3425207,13.918726,5.0,0.0,-0.05,23.466261500971303,7.47153503897664,15.0
96.9,23.37966,7.3383694,18.627127,5.0,0.0,-0.05,23.463882088610653,7.473038198074162,15.0
97.0,23.383598,7.34341,12.354915,0.1,0.003,0.05,23.46151125412515,7.474544650681231,15.0
97.10000000000001,23.38738,7.3484507,6.145111,0.1,0.003,0.05,23.459149035448092,7.476054387382523,15.0
97.2,23.373241,7.344292,13.907956,5.0,0.0,-0.05,23.45679547037493,7.477567398742188,15.0
97.30000000000001,23.366732,7.340139,18.616362,5.0,0.0,-0.05,23.454450596562655,7.479083675303911,15.0
97.4,23.37067,7.3451796,12.34415,0.1,0.003,0.05,23.452114451529194,7.480603207590967,15.0
97.5,23.374453,7.35022,6.134346,0.1,0.003,0.05,23.44978707265282,7.4821259861062845,15.0
97.60000000000001,23.360321,7.3460593,13.897196,5.0,0.0,-0.05,23.44746849717155,7.483652001332504,15.0
97.7,23.353819,7.3419037,18.605606,5.0,0.0,-0.05,23.445158762182533,7.4851812437320335,15.0
97.80000000000001,23.357758,7.3469443,12.333394,0.1,0.003,0.05,23.442857904641485,7.486713703747114,15.0
97.9,23.36154,7.351985,6.1235905,0.1,0.003,0.05,23.44056596136208,7.488249371799875,15.0
98.0,23.347418,7.347822,13.886446,5.0,0.0,-0.05,23.438282969015354,7.489788238292397,15.0
98.10000000000001,23.340925,7.343664,18.594864,5.0,0.0,-0.05,23.436008964129144,7.491330293606769,15.0
98.2,23.344864,7.348705,12.322652,0.1,0.003,0.05,23.433743983087474,7.49287552810515,15.0
98.30000000000001,23.348646,7.3537455,6.1128483,0.1,0.003,0.05,23.431488062129997,7.494423932129829,15.0
98.4,23.334532,7.3495803,13.875711,5.0,0.0,-0.05,23.4292412373514,7.495975496003286,15.0
98.5,23.328047,7.3454204,18.584137,5.0,0.0,-0.05,23.427003544700824,7.497530210028254,15.0
98.60000000000001,23.331985,7.350461,12.311926,0.1,0.003,0.05,23.42477501998131,7.499088064487772,15.0
98.7,23.335768,7.3555017,6.102123,0.1,0.003,0.05,23.422555698849205,7.500649049645257,15.0
98.80000000000001,23.321661,7.351334,13.864993,5.0,0.0,-0.05,23.420345616813602,7.502213155744556,15.0
98.9,23.315184,7.347172,18.573425,5.0,0.0,-0.05,23.41814480923576,7.503780373010012,15.0
99.0,23.319122,7.3522124,12.301214,0.1,0.003,0.05,23.41595331132856,7.5053506916465205,15.0
99.10000000000001,23.322905,7.357253,6.091411,0.1,0.003,0.05,23.413771158155917,7.506924101839597,15.0
99.2,23.308805,7.3530836,13.854288,5.0,0.0,-0.05,23.411598384632242,7.508500593755431,15.0
99.30000000000001,23.302336,7.3489194,18.562727,5.0,0.0,-0.05,23.409435025521855,7.510080157540954,15.0
99.4,23.306274,7.35396,12.290516,0.1,0.003,0.05,23.407281115438465,7.5116627833238985,15.0
99.5,23.310057,7.3590007,6.080713,0.1,0.003,0.05,23.405136688844582,7.513248461212857,15.0
99.60000000000001,23.295967,7.354829,13.843596,5.0,0.0,-0.05,23.403001780050985,7.514837181297349,15.0
99.7,23.289507,7.350662,18.552044,5.0,0.0,-0.05,23.40087642321617,7.516428933647878,15.0
99.80000000000001,23.293446,7.355703,12.279833,0.1,0.003,0.05,23.398760652345807,7.518023708315997,15.0
99.9,23.297228,7.3607435,6.07003,0.1,0.003,0.05,23.39665450129218,7.519621495334371,15.0
100.0,23.283146,7.35657,13.832922,5.0,0.0,-0.05,23.39455800375366,7.521222284716835,15.0
100.10000000000001,23.276693,7.3524013,18.541376,5.0,0.0,-0.05,23.39247119327416,7.522826066458461,15.0
100.2,23.280632,7.357442,12.269165,0.1,0.003,0.05,23.39039410324261,7.524432830535619,15.0
100.30000000000001,23.284416,7.362482,6.0593624,0.1,0.003,0.05,23.3883267668924,7.526042566906037,15.0
100.4,23.270342,7.358306,13.822262,5.0,0.0,-0.05,23.386269217300878,7.52765526550887,15.0
100.5,23.263897,7.354135,18.530724,5.0,0.0,-0.05,23.384221487388782,7.529270916264755,15.0
100.60000000000001,23.267836,7.3591757,12.2585125,0.1,0.003,0.05,23.38218360991975,7.530889509075882,15.0
100.7,23.27162,7.364216,6.04871,0.1,0.003,0.05,23.38015561749978,7.53251103382605,15.0
100.80000000000001,23.257553,7.3600373,13.811617,5.0,0.0,-0.05,23.378137542576706,7.534135480380735,15.0
100.9,23.251116,7.355864,18.520086,5.0,0.0,-0.05,23.376129417439685,7.535762838587151,15.0
101.0,23.255054,7.360904,12.247875,0.1,0.003,0.05,23.374131274218676,7.537393098274314,15.0
101.10000000000001,23.258839,7.3659444,6.0380726,0.1,0.003,0.05,23.37214314488393,7.539026249253107,15.0
101.2,23.244781,7.361764,13.800987,5.0,0.0,-0.05,23.37016506124547,7.540662281316342,15.0
101.30000000000001,23.238354,7.357589,18.509464,5.0,0.0,-0.05,23.368197054952592,7.5423011842388235,15.0
101.4,23.242292,7.362629,12.237254,0.1,0.003,0.05,23.366239157493357,7.543942947777413,15.0
101.5,23.246077,7.367669,6.027452,0.1,0.003,0.05,23.364291400194084,7.545587561671096,15.0
101.60000000000001,23.232027,7.3634863,13.790374,5.0,0.0,-0.05,23.362353814218842,7.547235015641038,15.0
101.7,23.225607,7.3593087,18.498857,5.0,0.0,-0.05,23.36042643056897,7.548885299390658,15.0
101.80000000000001,23.229548,7.364349,12.226647,0.1,0.003,0.05,23.35850928008257,7.55053840260569,15.0
101.9,23.233332,7.369389,6.016845,0.1,0.003,0.05,23.356602393434,7.552194314954241,15.0
102.0,23.21929,7.3652043,13.779775,5.0,0.0,-0.05,23.354705801133406,7.553853026086867,15.0
102.10000000000001,23.212877,7.361025,18.488266,5.0,0.0,-0.05,23.352819533526233,7.555514525636626,15.0
102.2,23.216818,7.366065,12.216056,0.1,0.003,0.05,23.350943620792712,7.557178803219155,15.0
102.30000000000001,23.220602,7.371105,6.0062537,0.1,0.003,0.05,23.349078092947416,7.558845848432721,15.0
102.4,23.206568,7.366918,13.76919,5.0,0.0,-0.05,23.347222979838747,7.560515650858299,15.0
102.5,23.200163,7.362736,18.477688,5.0,0.0,-0.05,23.345378311148473,7.562188200059627,15.0
102.60000000000001,23.204103,7.3677764,12.205478,0.1,0.003,0.05,23.343544116391254,7.563863485583282,15.0
102.7,23.207888,7.3728166,5.995676,0.1,0.003,0.05,23.34172042491417,7.565541496958731,15.0
102.80000000000001,23.193863,7.3686275,13.75862,5.0,0.0,-0.05,23.339907265896244,7.567222223698409,15.0
102.9,23.187468,7.364444,18.467127,5.0,0.0,-0.05,23.33810466834798,7.568905655297781,15.0
103.0,23.191408,7.369484,12.194917,0.1,0.003,0.05,23.336312661110902,7.570591781235404,15.0
103.10000000000001,23.195192,7.374524,5.985115,0.1,0.003,0.05,23.33453127285709,7.572280590972997,15.0
103.2,23.181175,7.3703327,13.748067,5.0,0.0,-0.05,23.332760532088713,7.573972073955503,15.0
103.30000000000001,23.174788,7.3661466,18.456581,5.0,0.0,-0.05,23.331000467137592,7.575666219611161,15.0
103.4,23.178728,7.3711867,12.184371,0.1,0.003,0.05,23.329251106164723,7.577363017351565,15.0
103.5,23.182512,7.376227,5.9745693,0.1,0.003,0.05,23.327512477159843,7.579062456571734,15.0
103.60000000000001,23.168503,7.3720336,13.737528,5.0,0.0,-0.05,23.325784607940985,7.58076452665018,15.0
103.7,23.162123,7.3678455,18.446049,5.0,0.0,-0.05,23.324067526154018,7.582469216948969,15.0
103.80000000000001,23.166063,7.3728857,12.173839,0.1,0.003,0.05,23.32236125927221,7.584176516813793,15.0
103.9,23.169847,7.377926,5.9640374,0.1,0.003,0.05,23.320665834595797,7.585886415574033,15.0
104.0,23.155846,7.3737307,13.727003,5.0,0.0,-0.05,23.318981279251542,7.587598902542829,15.0
104.10000000000001,23.149473,7.3695407,18.43553,5.0,0.0,-0.05,23.317307620192285,7.589313967017141,15.0
104.2,23.153414,7.374581,12.163321,0.1,0.003,0.05,23.315644884196544,7.591031598277822,15.0
104.30000000000001,23.157198,7.379621,5.9535193,0.1,0.003,0.05,23.313993097868057,7.592751785589683,15.0
104.4,23.143204,7.3754234,13.716492,5.0,0.0,-0.05,23.312352287635367,7.594474518201557,15.0
104.5,23.136839,7.371231,18.425026,5.0,0.0,-0.05,23.31072247975141,7.596199785346374,15.0
104.60000000000001,23.14078,7.3762712,12.152817,0.1,0.003,0.05,23.309103700293065,7.597927576241217,15.0
104.7,23.144564,7.381311,5.9430156,0.1,0.003,0.05,23.30749597516078,7.5996578800874,15.0
104.80000000000001,23.130577,7.3771114,13.705996,5.0,0.0,-0.05,23.30589933007812,7.60139068607053,15.0
104.9,23.12422,7.372917,18.414537,5.0,0.0,-0.05,23.30431379059137,7.603125983360573,15.0
105.0,23.128227,7.3779573,17.43493,0.1,0.0004973886,0.05,23.30273938206913,7.604863761111929,15.0
105.10000000000001,23.13221,7.382997,16.46507,0.1,0.0004973886,0.05,23.3011761297019,7.606604008463491,15.0
105.2,23.13611,7.3880367,10.741518,0.1,0.002749739,0.05,23.29962405850169,7.608346714538721,15.0
105.30000000000001,23.139868,7.3930764,5.0749145,0.1,0.002749739,0.05,23.2980831933016,7.610091868445709,15.0
105.4,23.125069,7.388862,13.174956,5.0,0.0,-0.05,23.29655355875544,7.611839459277251,15.0
105.5,23.11823,7.384653,18.08784,5.0,0.0,-0.05,23.29503517933734,7.613589476110907,15.0
105.60000000000001,23.122164,7.389693,11.818766,0.1,0.003,0.05,23.29352807934133,7.615341908009082,15.0
105.7,23.125942,7.3947325,5.612069,0.1,0.003,0.05,23.292032282880974,7.6170967440190775,15.0
105.80000000000001,23.11169,7.3905163,13.496484,5.0,0.0,-0.05,23.290547813888992,7.618853973173178,15.0
105.9,23.105188,7.3863053,18.278654,5.0,0.0,-0.05,23.289074696116852,7.620613584488705,15.0
106.0,23.109207,7.391345,18.352072,0.1,0.0,0.05,23.28761295313441,7.622375566968094,15.0
106.10000000000001,23.113228,7.3963847,18.424757,0.1,0.0,0.05,23.28616260832952,7.62413990959896,15.0
106.2,23.117178,7.401424,12.786674,0.1,0.0027,0.05,23.284723684907664,7.625906601354168,15.0
106.30000000000001,23.120989,7.406463,7.204689,0.1,0.0027,0.05,23.28329620589159,7.6276756311919,15.0
106.4,23.108341,7.402232,14.458891,5.0,0.0,-0.05,23.281880194120937,7.629446988055724,15.0
106.5,23.102821,7.3980064,18.859035,5.0,0.0,-0.05,23.280475672251857,7.631220660874667,15.0
106.60000000000001,23.106745,7.403048,12.596155,0.11422825,0.003,0.05,23.27908266275667,7.632996638563279,15.0
106.7,23.11049,7.408089,6.4044056,0.11422825,0.003,0.05,23.2777011879235,7.634774910021705,15.0
106.80000000000001,23.097073,7.4038563,13.969688,5.0,0.0,-0.05,23.276331269855916,7.636555464135755,15.0
106.9,23.09109,7.3996286,18.558414,5.0,0.0,-0.05,23.274972930472572,7.638338289776971,15.0
107.0,23.09504,7.404668,12.50786,0.1,0.002894321,0.05,23.273626191506875,7.640123375802698,15.0
107.10000000000001,23.098839,7.409707,6.5175085,0.1,0.002894321,0.05,23.27229107450662,7.6419107110561555,15.0
107.2,23.08555,7.405472,14.03452,5.0,0.0,-0.05,23.270967600833647,7.643700284366503,15.0
107.30000000000001,23.079647,7.401242,18.593988,5.0,0.0,-0.05,23.269655791663507,7.645492084548914,15.0
107.4,23.083643,7.406281,16.268095,0.100862965,0.0011332325,0.05,23.26835566798512,7.647286100404641,15.0
107.5,23.087582,7.41132,13.965544,0.100862965,0.0011332325,0.05,23.267067250600437,7.649082320721093,15.0
107.60000000000001,23.091417,7.4163594,8.133086,0.10082459,0.0028133232,0.05,23.265790560124106,7.650880734271899,15.0
107.7,23.095108,7.4213986,2.359137,0.10082459,0.0028133232,0.05,23.264525616983153,7.652681329816979,15.0
107.80000000000001,23.077772,7.417149,11.506781,5.0,0.0,-0.05,23.26327244141664,7.654484096102617,15.0
107.9,23.06943,7.4129047,17.054758,5.0,0.0,-0.05,23.262031053475344,7.65628902186153,15.0
108.0,23.07342,7.417944,17.139927,0.1,0.0,0.05,23.26080147302145,7.658096095812936,15.0
108.10000000000001,23.077412,7.4229827,17.224249,0.1,0.0,0.05,23.25958371972822,7.6599053066626315,15.0
108.2,23.081335,7.4280214,11.597685,0.1,0.0027,0.05,23.258377813079676,7.661716643103053,15.0
108.30000000000001,23.08512,7.43306,6.0271044,0.1,0.0027,0.05,23.2571837723703,7.663530093813354,15.0
108.4,23.071432,7.428796,13.727335,5.0,0.0,-0.05,23.256001616704722,7.665345647459473,15.0
108.5,23.065311,7.4245367,18.397896,5.0,0.0,-0.05,23.254831364997408,7.667163292694206,15.0
108.60000000000001,23.069279,7.4295754,13.924017,0.1,0.0021493828,0.05,23.25367303597235,7.6689830181572765,15.0
108.7,23.073135,7.434614,9.494653,0.1,0.0021493828,0.05,23.2525266481628,7.6708048124754065,15.0
108.80000000000001,23.062872,7.430348,15.828037,5.0,0.0,-0.05,23.251392219910933,7.672628664262387,15.0
108.9,23.058828,7.426087,19.67001,5.0,0.0,-0.05,23.250269769367574,7.6744545621191484,15.0
109.0,23.055164,7.431825,16.98535,5.0,0.003,0.05,23.249159314491912,7.676282494633838,15.0
109.10000000000001,23.048883,7.4375563,15.353488,5.0,0.003,0.05,23.2480608730512,7.678112450381883,15.0
109.2,23.051296,7.442663,9.749387,0.5912599,0.003,0.05,23.246974462620482,7.679944417926064,15.0
109.30000000000001,23.052906,7.4477696,4.466938,0.5912599,0.003,0.05,23.245900100582293,7.6817783858165924,15.0
109.4,23.037764,7.443487,12.767449,5.0,0.0,-0.05,23.24483780412641,7.683614342591173,15.0
109.5,23.030779,7.43921,17.80192,5.0,0.0,-0.05,23.24378759024955,7.685452276775083,15.0
109.60000000000001,23.03479,7.444248,17.87921,0.1,0.0,0.05,23.24274947575511,7.687292176881238,15.0
109.7,23.038803,7.4492865,17.95573,0.1,0.0,0.05,23.241723477252908,7.68913403141027,15.0
109.80000000000001,23.042747,7.4543247,12.321443,0.1,0.0027,0.05,23.24070961115889,7.6909778288505946,15.0
109.9,23.046553,7.4593625,6.7432156,0.1,0.0027,0.05,23.2397078936949,7.692823557678483,15.0
110.0,23.033688,7.4550653,14.144417,5.0,0.0,-0.05,23.238718340888386,7.694671206358135,15.0
110.10000000000001,23.028095,7.4507732,18.633734,5.0,0.0,-0.05,23.23774096857218,7.696520763341754,15.0
110.2,23.03213,7.4558115,18.702658,0.1,0.0,0.05,23.236775792384215,7.698372217069614,15.0
110.30000000000001,23.036165,7.4608493,18.770895,0.1,0.0,0.05,23.23582282776729,7.700225555970135,15.0
110.4,23.04013,7.465887,13.1284075,0.1,0.0027,0.05,23.234882089968817,7.702080768459956,15.0
110.5,23.043957,7.470925,7.5420628,0.1,0.0027,0.05,23.23395359404058,7.703937842944004,15.0
110.60000000000001,23.031914,7.4666133,14.625785,5.0,0.0,-0.05,23.2330373548385,7.7057967678155705,15.0
110.7,23.026829,7.462307,18.922655,5.0,0.0,-0.05,23.23213338702238,7.7076575314563796,15.0
110.80000000000001,23.030867,7.4673448,18.818869,0.10133248,8.068862e-05,0.05,23.231241705055687,7.709520122236666,15.0
110.9,23.0349,7.4723825,18.71613,0.10133248,8.068862e-05,0.05,23.230362323205313,7.711384528515242,15.0
111.0,23.038862,7.4774203,13.058258,0.10126086,0.0027080688,0.05,23.229495255541348,7.7132507386395766,15.0
111.10000000000001,23.042683,7.4824576,7.4573884,0.10126086,0.0027080688,0.05,23.228640515936856,7.71511874094586,15.0
111.2,23.030592,7.478132,14.571303,5.0,0.0,-0.05,23.227798118067653,7.716988523759086,15.0
111.30000000000001,23.02549,7.473811,18.886488,5.0,0.0,-0.05,23.22696807541209,7.718860075393117,15.0
111.4,23.029406,7.478861,19.01452,0.19416286,0.0,0.05,23.226150401250827,7.720733384150761,15.0
111.5,23.033327,7.4839106,19.140089,0.19416286,0.0,0.05,23.225345108666634,7.722608438323846,15.0
111.60000000000001,23.037184,7.4889555,13.548923,0.16017045,0.0027,0.05,23.22455221054418,7.724485226193289,15.0
111.7,23.04082,7.4940004,8.046594,0.16017045,0.0027,0.05,23.22377171956981,7.72636373602917,15.0
111.80000000000001,23.029343,7.48966,14.925652,5.0,0.0,-0.05,23.22300364823137,7.72824395609081,15.0
111.9,23.024624,7.485325,19.098476,5.0,0.0,-0.05,23.22224800881798,7.73012587462684,15.0
112.0,23.028622,7.490362,15.461206,0.10137335,0.0017507139,0.05,23.221504813419863,7.732009479875276,15.0
112.10000000000001,23.032528,7.4953995,11.860622,0.10137335,0.0017507139,0.05,23.220774073928116,7.73389476006359,15.0
112.2,23.036396,7.5004363,11.996706,0.1,0.0,0.05,23.220055802034565,7.7357817034087875,15.0
112.30000000000001,23.040266,7.505473,12.1314335,0.1,0.0,0.05,23.219350009231547,7.737670298117479,15.0
112.4,23.04414,7.51051,12.26482,0.1,0.0,0.05,23.21865670681172,7.739560532385952,15.0
112.5,23.048018,7.5155463,12.396878,0.1,0.0,0.05,23.217975905867924,7.741452394400251,15.0
112.60000000000001,23.051899,7.5205827,12.527621,0.1,0.0,0.05,23.217307617292946,7.743345872336243,15.0
112.7,23.055784,7.525619,12.657062,0.1,0.0,0.05,23.216651851779393,7.745240954359697,15.0
112.80000000000001,23.059673,7.5306554,12.785213,0.1,0.0,0.05,23.2160086198195,7.747137628626358,15.0
112.9,23.063564,7.5356913,12.912089,0.1,0.0,0.05,23.215377931704968,7.749035883282016,15.0
113.0,23.06746,7.540727,13.037702,0.1,0.0,0.05,23.21475979752679,7.750935706462586,15.0
113.10000000000001,23.071358,7.545763,13.162063,0.1,0.0,0.05,23.214154227175097,7.752837086294181,15.0
113.2,23.07526,7.550799,13.285186,0.1,0.0,0.05,23.213561230339003,7.754740010893181,15.0
113.30000000000001,23.079165,7.5558343,13.407083,0.1,0.0,0.05,23.212980816506448,7.756644468366316,15.0
113.4,23.083002,7.5608697,7.8001275,0.1,0.002708318,0.05,23.21241299496404,7.758550446810731,15.0
113.5,23.0867,7.565905,2.2489607,0.1,0.002708318,0.05,23.21185777479691,7.760457934314068,15.0
113.60000000000001,23.069693,7.561475,11.403431,5.0,0.0,-0.05,23.21131516488857,7.762366918954535,15.0
113.7,23.061684,7.55705,16.955688,5.0,0.0,-0.05,23.21078517392077,7.764277388800984,15.0
113.80000000000001,23.065601,7.5620856,10.696429,0.1,0.003,0.05,23.210267810373345,7.7661893319129875,15.0
113.9,23.069365,7.567121,4.4994493,0.1,0.003,0.05,23.20976308252411,7.7681027363409045,15.0
114.0,23.05459,7.5626893,12.76395,5.0,0.0,-0.05,23.209270998448694,7.770017590125964,15.0
114.10000000000001,23.047937,7.5582633,17.776709,5.0,0.0,-0.05,23.208791566020437,7.771933881300338,15.0
114.2,23.051876,7.5632987,11.509171,0.1,0.003,0.05,23.208324792910243,7.7738515978872105,15.0
114.30000000000001,23.055658,7.568334,5.3039937,0.1,0.003,0.05,23.20787068658647,7.77577072790086,15.0
114.4,23.041693,7.563901,13.247936,5.0,0.0,-0.05,23.207429254314818,7.777691259346731,15.0
114.5,23.035532,7.559473,18.066374,5.0,0.0,-0.05,23.207000503158188,7.7796131802215065,15.0
114.60000000000001,23.039478,7.5645084,11.795854,0.1,0.003,0.05,23.206584439976588,7.781536478513189,15.0
114.7,23.043268,7.569544,5.5877247,0.1,0.003,0.05,23.20618107142702,7.783461142201169,15.0
114.80000000000001,23.029596,7.5651093,13.416208,5.0,0.0,-0.05,23.20579040396338,7.785387159256306,15.0
114.9,23.023619,7.56068,18.164654,5.0,0.0,-0.05,23.20541244383633,7.787314517640999,15.0
115.0,23.027647,7.5657153,18.237555,0.1,0.0,0.05,23.20504719709323,7.789243205309264,15.0
115.10000000000001,23.031677,7.57075,18.30973,0.1,0.0,0.05,23.204694669578014,7.79117321020681,15.0
115.2,23.035639,7.575785,12.671142,0.1,0.0027,0.05,23.20435486693112,7.793104520271112,15.0
115.30000000000001,23.03946,7.58082,7.088657,0.1,0.0027,0.05,23.204027794589383,7.795037123431489,15.0
115.4,23.0273,7.576371,14.32341,5.0,0.0,-0.05,23.20371345778595,7.796971007609177,15.0
115.5,23.02225,7.571928,18.711946,5.0,0.0,-0.05,23.203411861550205,7.798906160717407,15.0
115.60000000000001,23.02629,7.576963,18.780087,0.101135895,0.0,0.05,23.20312301070768,7.800842570661478,15.0
115.7,23.030334,7.581998,18.847542,0.101135895,0.0,0.05,23.202846909879984,7.802780225338834,15.0
115.80000000000001,23.034307,7.587033,13.204405,0.100934274,0.0027,0.05,23.202583563484726,7.804719112639139,15.0
115.9,23.03814,7.5920677,7.617939,0.100934274,0.0027,0.05,23.20233297573544,7.806659220444356,15.0
116.0,23.026535,7.587605,14.641618,5.0,0.0,-0.05,23.202095150641526,7.8086005366288145,15.0
116.10000000000001,23.02183,7.5831475,18.902212,5.0,0.0,-0.05,23.20187009200818,7.810543049059296,15.0
116.2,23.0258,7.5881824,13.077312,0.101245776,0.0027857968,0.05,23.201657803436333,7.812486745595105,15.0
116.30000000000001,23.029627,7.5932174,7.311089,0.101245776,0.0027857968,0.05,23.2014582883226,7.814431614088143,15.0
116.4,23.017733,7.588753,14.452599,5.0,0.0,-0.05,23.201271549859218,7.816377642382989,15.0
116.5,23.012856,7.5842943,18.784622,5.0,0.0,-0.05,23.201097591034,7.818324818316972,15.0
116.60000000000001,23.016867,7.5893292,16.271421,0.1012956,0.0012203028,0.05,23.200936414630284,7.82027312972025,15.0
116.7,23.020815,7.594364,13.78355,0.1012956,0.0012203028,0.05,23.200788023226885,7.822222564415881,15.0
116.80000000000001,23.024658,7.5993986,7.9334455,0.10119885,0.0028220303,0.05,23.200652419198065,7.824173110219907,15.0
116.9,23.028355,7.604433,2.1422424,0.10119885,0.0028220303,0.05,23.200529604713484,7.826124754941421,15.0
117.0,23.011417,7.5999546,11.312396,5.0,0.0,-0.05,23.200419581738174,7.828077486382651,15.0
117.10000000000001,23.003494,7.595482,16.874207,5.0,0.0,-0.05,23.200322352032497,7.830031292339031,15.0
117.2,23.007494,7.6005163,16.95959,0.1,0.0,0.05,23.200237917152126,7.83198616059928,15.0
117.30000000000001,23.011496,7.605551,17.044125,0.1,0.0,0.05,23.200166278448023,7.83394207894548,15.0
117.4,23.015429,7.6105847,11.41777,0.1,0.0027,0.05,23.2001074370664,7.835899035153146,15.0
117.5,23.01922,7.6156187,5.8473983,0.1,0.0027,0.05,23.20006139394872,7.837857016991307,15.0
117.60000000000001,23.005966,7.6111264,13.555885,5.0,0.0,-0.05,23.20002814983167,7.839816012222584,15.0
117.7,23.000286,7.60664,18.231638,5.0,0.0,-0.05,23.20000770524716,7.841776008603263,15.0
117.80000000000001,23.00432,7.611674,18.303425,0.1,0.0,0.05,23.200000060522296,7.843736993883374,15.0
117.9,23.008356,7.616708,18.374496,0.1,0.0,0.05,23.2000052157794,7.845698955806764,15.0
118.0,23.012321,7.621742,12.734816,0.1,0.0027,0.05,23.20002317093598,7.847661882111178,15.0
118.10000000000001,23.016148,7.6267757,7.151249,0.1,0.0027,0.05,23.20005392570476,7.849625760528333,15.0
118.2,23.004211,7.6222696,14.343716,5.0,0.0,-0.05,23.20009747959367,7.851590578783996,15.0
118.30000000000001,22.99934,7.617769,18.706665,5.0,0.0,-0.05,23.200153831905833,7.853556324598058,15.0
118.4,23.003384,7.6228027,18.77449,0.101258166,0.0,0.05,23.20022298173963,7.855522985684614,15.0
118.5,23.00743,7.6278367,18.841633,0.101258166,0.0,0.05,23.20030492798865,7.85749054975204,15.0
118.60000000000001,23.011406,7.63287,13.198339,0.101182275,0.0027,0.05,23.200399669341767,7.859459004503065,15.0
118.7,23.01524,7.6379037,7.6118574,0.101182275,0.0027,0.05,23.200507204283117,7.861428337634855,15.0
118.80000000000001,23.00379,7.6333833,14.620393,5.0,0.0,-0.05,23.200627531092138,7.863398536839084,15.0
118.9,22.999224,7.6288686,18.871853,5.0,0.0,-0.05,23.200760647843612,7.865369589802013,15.0
119.0,23.003273,7.633902,18.937965,0.101289965,0.0,0.05,23.20090655240767,7.867341484204567,15.0
119.10000000000001,23.007324,7.6389356,19.003412,0.101289965,0.0,0.05,23.20106524244984,7.869314207722414,15.0
119.2,23.011305,7.643969,13.358454,0.10121644,0.0027,0.05,23.201236715431087,7.8712877480260355,15.0
119.30000000000001,23.015144,7.6490026,7.7703424,0.10121644,0.0027,0.05,23.20142096860785,7.873262092780814,15.0
119.4,23.003883,7.6444683,14.713944,5.0,0.0,-0.05,23.201617999032074,7.8752372296471,15.0
119.5,22.999441,7.63994,18.926054,5.0,0.0,-0.05,23.201827803551286,7.877213146280295,15.0
119.60000000000001,23.003492,7.6449733,18.991577,0.10132195,0.0,0.05,23.20205037880861,7.879189830330925,15.0
119.7,23.007545,7.650007,19.056438,0.10132195,0.0,0.05,23.202285721242852,7.881167269444723,15.0
119.80000000000001,23.011528,7.65504,13.4109,0.10123802,0.0027,0.05,23.202533827088537,7.8831454512627,15.0
119.9,23.01537,7.660073,7.822227,0.10123802,0.0027,0.05,23.202794692375974,7.885124363421226,15.0
120.0,23.00419,7.6555247,14.742896,5.0,0.0,-0.05,23.20306831293133,7.887103993552106,15.0
120.10000000000001,22.99981,7.6509824,18.941114,5.0,0.0,-0.05,23.203354684376674,7.88908432928266,15.0
120.2,23.003862,7.6560154,19.006426,0.10133051,0.0,0.05,23.20365380213007,7.891065358235794,15.0
120.30000000000001,23.007917,7.6610484,19.07108,0.10133051,0.0,0.05,23.20396566140565,7.893047068030086,15.0
120.4,23.011902,7.6660814,13.425334,0.10124279,0.0027,0.05,23.20429025721366,7.895029446279853,15.0
120.5,23.015743,7.671114,7.8364587,0.10124279,0.0027,0.05,23.204627584360583,7.897012480595239,15.0
120.60000000000001,23.004612,7.666552,14.749046,5.0,0.0,-0.05,23.204977637449186,7.898996158582287,15.0
120.7,23.000269,7.661996,18.942377,5.0,0.0,-0.05,23.20534041087863,7.900980467843015,15.0
120.80000000000001,23.004322,7.667029,19.007614,0.10133112,0.0,0.05,23.20571589884455,7.902965395975497,15.0
120.9,23.008377,7.6720614,19.072193,0.10133112,0.0,0.05,23.20610409533914,7.904950930573937,15.0
121.0,23.012362,7.677094,13.4263735,0.10124204,0.0027,0.05,23.20650499415127,7.906937059228753,15.0
121.10000000000001,23.016205,7.6821265,7.837424,0.10124204,0.0027,0.05,23.206918588866564,7.908923769526645,15.0
121.2,23.005106,7.6775513,14.747177,5.0,0.0,-0.05,23.20734487286752,7.91091104905068,15.0
121.30000000000001,23.000793,7.6729817,18.938799,5.0,0.0,-0.05,23.207783839333597,7.91289888538037,15.0
121.4,23.004847,7.6780143,19.004007,0.101329476,0.0,0.05,23.208235481241346,7.914887266091742,15.0
121.5,23.008902,7.683047,19.06856,0.101329476,0.0,0.05,23.208699791364506,7.916876178757424,15.0
121.60000000000001,23.012886,7.6880794,13.422712,0.10123995,0.0027,0.05,23.20917676227412,7.918865610946719,15.0
121.7,23.01673,7.6931114,7.833734,0.10123995,0.0027,0.05,23.209666386338668,7.9208555502256806,15.0
121.80000000000001,23.00566,7.6885223,14.742508,5.0,0.0,-0.05,23.21016865572417,7.922845984157196,15.0
121.9,23.001373,7.683939,18.933548,5.0,0.0,-0.05,23.210683562394337,7.9248369003010595,15.0
122.0,23.005428,7.6889715,18.998747,0.10132766,0.0,0.05,23.211211098110663,7.92682828621405,15.0
122.10000000000001,23.009485,7.6940036,19.06329,0.10132766,0.0,0.05,23.211751254432595,7.928820129450015,15.0
122.2,23.013472,7.6990356,13.417432,0.10123804,0.0027,0.05,23.212304022717635,7.930812417559939,15.0
122.30000000000001,23.017315,7.7040677,7.828442,0.10123804,0.0027,0.05,23.212869394121512,7.932805138092028,15.0
122.4,23.006271,7.699465,14.736891,5.0,0.0,-0.05,23.21344735959829,7.934798278591785,15.0
122.5,23.002012,7.6948676,18.927744,5.0,0.0,-0.05,23.214037909900533,7.9367918266020885,15.0
122.60000000000001,23.006067,7.6998997,18.992973,0.10137932,0.0,0.05,23.214641035579454,7.93878576966327,15.0
122.7,23.010124,7.7049317,19.057545,0.10137932,0.0,0.05,23.215256726985046,7.940780095313192,15.0
122.80000000000001,23.01411,7.7099633,13.41173,0.10128924,0.0027,0.05,23.21588497426627,7.942774791087325,15.0
122.9,23.017954,7.714995,7.8228116,0.10128924,0.0027,0.05,23.216525767371174,7.944769844518828,15.0
123.0,23.006935,7.7103786,14.731091,5.0,0.0,-0.05,23.21717909604709,7.946765243138623,15.0
123.10000000000001,23.002703,7.705768,18.92185,5.0,0.0,-0.05,23.217844949840767,7.9487609744754755,15.0
123.2,23.006758,7.7107997,18.98708,0.101380505,0.0,0.05,23.21852331809856,7.95075702605607,15.0
123.30000000000001,23.010815,7.7158313,19.051651,0.101380505,0.0,0.05,23.219214189966593,7.952753385405091,15.0
123.4,23.014801,7.720863,13.405836,0.101290606,0.0027,0.05,23.21991755439093,7.9547500400453,15.0
123.5,23.018646,7.7258945,7.8169184,0.101290606,0.0027,0.05,23.22063340011775,7.956746977497612,15.0
123.60000000000001,23.007654,7.7212644,14.725153,5.0,0.0,-0.05,23.221361715693547,7.958744185281173,15.0
123.7,23.003447,7.71664,18.915897,5.0,0.0,-0.05,23.222102489465282,7.960741650913442,15.0
123.80000000000001,23.007502,7.7216716,18.981127,0.101382576,0.0,0.05,23.22285570958059,7.962739361910264,15.0
123.9,23.011559,7.726703,19.045698,0.101382576,0.0,0.05,23.223621363987963,7.964737305785954,15.0
124.0,23.015545,7.7317343,13.399885,0.101293035,0.0027,0.05,23.224399440436954,7.966735470053368,15.0
124.10000000000001,23.01939,7.7367654,7.810971,0.101293035,0.0027,0.05,23.225189926478347,7.968733842223985,15.0
124.2,23.008423,7.7321215,14.719204,5.0,0.0,-0.05,23.22599280946439,7.9707324098079875,15.0
124.30000000000001,23.004242,7.7274837,18.90996,5.0,0.0,-0.05,23.22680807654897,7.972731160314333,15.0
124.4,23.008299,7.732515,18.975191,0.101385474,0.0,0.05,23.22763571468783,7.974730081250837,15.0
124.5,23.012358,7.737546,19.039766,0.101385474,0.0,0.05,23.228475710638776,7.976729160124251,15.0
124.60000000000001,23.016346,7.742577,13.393957,0.10129639,0.0027,0.05,23.229328050961893,7.978728384440339,15.0
124.7,23.020191,7.7476077,7.805048,0.10129639,0.0027,0.05,23.230192722019755,7.980727741703956,15.0
124.80000000000001,23.00925,7.7429504,14.713294,5.0,0.0,-0.05,23.231069709977643,7.982727219419123,15.0
124.9,23.005095,7.738299,18.904068,5.0,0.0,-0.05,23.231959000803762,7.984726805089114,15.0
125.0,23.009151,7.74333,18.969303,0.101389244,0.0,0.05,23.232860580269488,7.986726486216521,15.0
125.10000000000001,23.01321,7.7483606,19.03388,0.101389244,0.0,0.05,23.233774433949563,7.9887262503033485,15.0
125.2,23.017199,7.7533913,13.388075,0.10130074,0.0027,0.05,23.23470054722235,7.990726084851074,15.0
125.30000000000001,23.021044,7.758422,7.7991724,0.10130074,0.0027,0.05,23.235638905270054,7.992725977360738,15.0
125.4,23.010128,7.7537513,14.707436,5.0,0.0,-0.05,23.236589493078966,7.994725915333021,15.0
125.5,23.005997,7.7490864,18.89823,5.0,0.0,-0.05,23.237552295439706,7.996725886268316,15.0
125.60000000000001,23.010054,7.754117,18.963469,0.1013942,0.0,0.05,23.238527296947453,7.998725877666811,15.0
125.7,23.014112,7.7591476,19.02805,0.1013942,0.0,0.05,23.2395144820022,8.000725877028566,15.0
125.80000000000001,23.018103,7.7641783,13.5546875,0.10130636,0.0026184577,0.05,23.240513834809015,8.002725871853592,15.0
125.9,23.021955,7.7692084,8.136494,0.10130636,0.0026184577,0.05,23.24152533937827,8.004725849641929,15.0
126.0,23.011402,7.764524,14.909901,5.0,0.0,-0.05,23.242548979525914,8.006725797893719,15.0
126.10000000000001,23.007502,7.7598457,19.018955,5.0,0.0,-0.05,23.243584738873725,8.008725704109295,15.0
126.2,23.011562,7.7648764,19.082987,0.10149864,0.0,0.05,23.244632600849577,8.01072555578925,15.0
126.30000000000001,23.015625,7.7699065,19.146374,0.10149864,0.0,0.05,23.245692548687703,8.012725340434514,15.0
126.4,23.01963,7.7749367,14.493058,0.10138848,0.0022301162,0.05,23.246764565428958,8.014725045546443,15.0
126.5,23.023518,7.779967,9.8866825,0.10138848,0.0022301162,0.05,23.247848633921098,8.016724658626885,15.0
126.60000000000001,23.014713,7.775269,15.970092,5.0,0.0,-0.05,23.24894473681905,8.018724167178265,15.0
126.7,23.011883,7.7705774,19.660877,5.0,0.0,-0.05,23.250052856585185,8.020723558703661,15.0
126.80000000000001,23.012667,7.7658916,21.901237,5.0,0.0,-0.05,23.25117297548962,8.022722820706884,15.0
126.9,23.015636,7.7612114,23.262339,5.0,0.0,-0.05,23.252305075610472,8.02472194069255,15.0
127.0,23.016607,7.766531,19.174335,5.0,0.0029400396,0.05,23.253449138834164,8.026720906166167,15.0
127.10000000000001,23.013577,7.771844,16.69219,5.0,0.0029400396,0.05,23.254605146855706,8.028719704634208,15.0
127.2,23.008064,7.77715,15.093319,5.0,0.002994004,0.05,23.255773081178997,8.030718323604189,15.0
127.30000000000001,23.001003,7.7824497,14.120024,5.0,0.002994004,0.05,23.25695292311711,8.032716750584747,15.0
127.4,22.99301,7.7877426,13.525962,5.0,0.002994004,0.05,23.258144653792606,8.03471497308572,15.0
127.5,22.984455,7.793029,13.161799,5.0,0.002994004,0.05,23.259348254137816,8.036712978618224,15.0
127.60000000000001,22.985498,7.79812,14.6541815,1.3094479,0.0,0.05,23.260563704895155,8.038710754694732,15.0
127.7,22.987003,7.80321,15.963141,1.3094479,0.0,0.05,23.26179098661744,8.040708288829148,15.0
127.80000000000001,22.990242,7.808259,16.432955,0.51526195,0.0,0.05,23.263030079668198,8.042705568536892,15.0
127.9,22.993542,7.813308,16.879145,0.51526195,0.0,0.05,23.264280964221953,8.044702581334972,15.0
128.0,22.997208,7.8183465,17.142706,0.31733584,0.0,0.05,23.265543620264587,8.046699314742064,15.0
128.1,23.000895,7.8233852,17.398026,0.31733584,0.0,0.05,23.266818027593626,8.04869575627859,15.0
128.20000000000002,23.004921,7.828414,17.476816,0.1,0.0,0.05,23.268104165818585,8.0506918934668,15.0
128.3,23.00895,7.8334427,17.554823,0.1,0.0,0.05,23.269402014361276,8.052687713830839,15.0
128.4,23.01298,7.838471,17.632055,0.1,0.0,0.05,23.270711552456152,8.054683204896838,15.0
128.5,23.017012,7.843499,17.708519,0.1,0.0,0.05,23.272032759150633,8.056678354192986,15.0
128.6,23.021046,7.8485274,17.784222,0.1,0.0,0.05,23.273365613305433,8.058673149249604,15.0
128.70000000000002,23.025084,7.8535557,17.85917,0.1,0.0,0.05,23.274710093594923,8.06066757759923,15.0
128.8,23.029123,7.8585835,17.933374,0.1,0.0,0.05,23.27606617850744,8.062661626776693,15.0
128.9,23.033165,7.863611,18.00684,0.1,0.0,0.05,23.277433846345655,8.064655284319192,15.0
129.0,23.037209,7.868639,18.079575,0.1,0.0,0.05,23.278813075226918,8.066648537766376,15.0
129.1,23.041254,7.873667,18.151585,0.1,0.0,0.05,23.280203843083587,8.068641374660414,15.0
129.20000000000002,23.045237,7.878694,13.083837,0.1,0.00243,0.05,23.281606127663416,8.070633782546086,15.0
129.3,23.049093,7.8837214,8.066513,0.1,0.00243,0.05,23.283019906529873,8.072625748970847,15.0
129.4,23.038782,7.878894,14.84848,5.0,0.0,-0.05,23.28444515706253,8.074617261484912,15.0
129.5,23.03513,7.8740726,18.962835,5.0,0.0,-0.05,23.28588185645741,8.076608307641337,15.0
129.6,23.039196,7.8791,19.027067,0.10168199,0.0,0.05,23.287329981727353,8.078598874996088,15.0
129.70000000000002,23.043264,7.884127,19.090649,0.10168199,0.0,0.05,23.288789509702386,8.080588951108124,15.0
129.8,23.047335,7.8891544,19.153526,0.10158253,0.0,0.05,23.29026041703009,8.082578523539482,15.0
129.9,23.051407,7.8941817,19.215769,0.10158253,0.0,0.05,23.29174268017598,8.084567579855333,15.0
130.0,23.055422,7.8992085,14.654878,0.10177523,0.0021860038,0.05,23.293236275423876,8.086556107624087,15.0
130.1,23.05932,7.9042354,10.140169,0.10177523,0.0021860038,0.05,23.29474117887629,8.088544094417449,15.0
130.20000000000002,23.06317,7.909262,10.29113,0.1,0.0,0.05,23.296257366454796,8.09053152781051,15.0
130.3,23.067022,7.9142885,10.440588,0.1,0.0,0.05,23.297784813900424,8.092518395381818,15.0
130.4,23.070879,7.919315,10.588557,0.1,0.0,0.05,23.29932349677405,8.094504684713455,15.0
130.5,23.07474,7.924341,10.735053,0.1,0.0,0.05,23.300873390456783,8.096490383391119,15.0
130.6,23.078604,7.9293675,10.88009,0.1,0.0,0.05,23.30243447015035,8.098475479004202,15.0
130.70000000000002,23.082472,7.9343934,11.023683,0.1,0.0,0.05,23.304006710877516,8.100459959145862,15.0
130.8,23.086344,7.9394193,11.165845,0.1,0.0,0.05,23.305590087482457,8.102443811413105,15.0
130.9,23.09022,7.944445,11.306592,0.1,0.0,0.05,23.307184574631187,8.104427023406858,15.0
131.0,23.094099,7.949471,11.445937,0.1,0.0,0.05,23.30879014681194,8.106409582732056,15.0
131.1,23.097982,7.9544964,11.583896,0.1,0.0,0.05,23.3104067783356,8.108391476997708,15.0
131.20000000000002,23.10187,7.959522,11.72048,0.1,0.0,0.05,23.312034443336096,8.110372693816982,15.0
131.3,23.10576,7.964547,11.855704,0.1,0.0,0.05,23.313673115770822,8.112353220807279,15.0
131.4,23.109655,7.9695725,11.989582,0.1,0.0,0.05,23.31532276942105,8.11433304559031,15.0
131.5,23.113554,7.9745975,12.122127,0.1,0.0,0.05,23.316983377892367,8.11631215579218,15.0
131.6,23.117456,7.9796224,12.253352,0.1,0.0,0.05,23.318654914615063,8.118290539043455,15.0
131.70000000000002,23.12136,7.9846473,12.38327,0.1,0.0,0.05,23.32033735284459,8.120268182979245,15.0
131.8,23.125269,7.989672,12.511895,0.1,0.0,0.05,23.322030665661973,8.122245075239285,15.0
131.9,23.12918,7.9946966,12.639239,0.1,0.0,0.05,23.323734825974242,8.124221203468,15.0
132.0,23.133097,7.999721,12.765316,0.1,0.0,0.05,23.325449806514868,8.126196555314598,15.0
132.1,23.137016,8.0047455,12.890138,0.1,0.0,0.05,23.327175579844198,8.128171118433137,15.0
132.20000000000002,23.140938,8.009769,13.013716,0.1,0.0,0.05,23.328912118349898,8.130144880482604,15.0
132.3,23.144863,8.014793,13.136064,0.1,0.0,0.05,23.330659394247387,8.13211782912699,15.0
132.4,23.148792,8.019817,13.257194,0.1,0.0,0.05,23.332417379580292,8.134089952035374,15.0
132.5,23.152723,8.024841,13.377118,0.1,0.0,0.05,23.33418604622088,8.136061236881995,15.0
132.6,23.156658,8.029865,13.495849,0.1,0.0,0.05,23.335965365870525,8.13803167134633,15.0
132.70000000000002,23.160597,8.034889,13.613397,0.1,0.0,0.05,23.33775531006015,8.140001243113167,15.0
132.8,23.164537,8.039912,13.729774,0.1,0.0,0.05,23.339555850150685,8.141969939872688,15.0
132.9,23.168482,8.044935,13.844994,0.1,0.0,0.05,23.341366957333527,8.14393774932055,15.0
133.0,23.17243,8.049958,13.959066,0.1,0.0,0.05,23.343188602631002,8.145904659157946,15.0
133.1,23.17638,8.054981,14.072003,0.1,0.0,0.05,23.345020756896822,8.147870657091696,15.0
133.20000000000002,23.180334,8.060004,14.183816,0.1,0.0,0.05,23.346863390816562,8.149835730834322,15.0
133.3,23.18429,8.065027,14.294516,0.1,0.0,0.05,23.348716474908112,8.151799868104119,15.0
133.4,23.18825,8.07005,14.404114,0.1,0.0,0.05,23.350579979522173,8.153763056625234,15.0
133.5,23.192213,8.075073,14.512621,0.1,0.0,0.05,23.352453874842706,8.155725284127744,15.0
133.6,23.19612,8.076742,9.995269,0.1002684,0.0021870001,0.016464945,23.354338130887424,8.157686538347736,15.0
133.70000000000002,23.199913,8.078411,5.523004,0.1002684,0.0021870001,0.016464945,23.356232717508277,8.159646807027377,15.0
133.8,23.187521,8.07334,13.303363,5.0,0.0,-0.05,23.358137604391917,8.161606077914994,15.0
133.9,23.182772,8.068276,18.023127,5.0,0.0,-0.05,23.360052761060192,8.163564338765148,15.0
134.0,23.186825,8.073299,18.095594,0.1,0.0,0.05,23.361978156870638,8.165521577338719,15.0
134.1,23.19088,8.078321,18.167341,0.1,0.0,0.05,23.36391376101696,8.16747778140297,15.0
134.20000000000002,23.194937,8.0833435,18.238375,0.1,0.0,0.05,23.36585954252954,8.169432938731633,15.0
134.3,23.198996,8.088366,18.3087,0.1,0.0,0.05,23.36781547027591,8.171387037104981,15.0
134.4,23.20035,8.093343,16.848034,2.082532,0.001446826,0.05,23.369781512961268,8.173340064309905,15.0
134.5,23.201023,8.098317,15.661544,2.082532,0.001446826,0.05,23.371757639128976,8.175292008139989,15.0
134.6,23.205019,8.103339,15.757465,0.1,0.0,0.05,23.373743817161053,8.177242856395594,15.0
134.70000000000002,23.209017,8.108361,15.852432,0.1,0.0,0.05,23.375740015278698,8.179192596883924,15.0
134.8,23.213017,8.113383,15.946454,0.1,0.0,0.05,23.37774620154278,8.181141217419107,15.0
134.9,23.21702,8.118404,16.039541,0.1,0.0,0.05,23.37976234385436,8.18308870582227,15.0
135.0,23.221025,8.123375,16.131702,0.1,0.0,0.049487863,23.38178840995521,8.185035049921618,15.0
135.1,23.225033,8.128345,16.222946,0.1,0.0,0.049487863,23.38382436742831,8.186980237552506,15.0
135.20000000000002,23.229044,8.133366,16.313282,0.1,0.0,0.05,23.385870183698387,8.188924256557518,15.0
135.3,23.233057,8.138387,16.40272,0.1,0.0,0.05,23.387925826032426,8.190867094786542,15.0
135.4,23.237072,8.143408,16.491266,0.1,0.0,0.05,23.38999126154019,8.192808740096844,15.0
135.5,23.24109,8.148429,16.578932,0.1,0.0,0.05,23.39206645717475,8.19474918035315,15.0
135.6,23.245111,8.153449,16.665726,0.1,0.0,0.05,23.39415137973303,8.196688403427709,15.0
135.70000000000002,23.249134,8.158469,16.751656,0.1,0.0,0.05,23.39624599585631,8.19862639720039,15.0
135.8,23.253159,8.160454,16.83674,0.1,0.0,0.019645292,23.398350272030775,8.200563149558734,15.0
135.9,23.257185,8.162438,16.920996,0.1,0.0,0.019645292,23.400464174588055,8.202498648398047,15.0
136.0,23.256857,8.164883,19.722721,4.069,0.0,0.025860067,23.40258766970575,8.204432881621464,15.0
136.1,23.258875,8.167324,21.587868,4.069,0.0,0.025860067,23.404720723407983,8.206365837140039,15.0
136.20000000000002,23.262484,8.172136,23.048977,5.0,0.0,0.05,23.406863301565945,8.208297502872805,15.0
136.3,23.267538,8.176943,23.935717,5.0,0.0,0.05,23.409015369898427,8.210227866746854,15.0
136.4,23.273472,8.181743,24.474274,5.0,0.0,0.05,23.411176893972385,8.212156916697419,15.0
136.5,23.279943,8.186537,24.801765,5.0,0.0,0.05,23.413347839203475,8.214084640667947,15.0
136.6,23.286743,8.191325,25.001314,5.0,0.0,0.05,23.41552817085662,8.216011026610166,15.0
136.70000000000002,23.293747,8.196108,25.123306,5.0,0.0,0.05,23.41771785404657,8.217936062484174,15.0
136.8,23.30087,8.196437,25.198856,5.0,0.0,0.00550103,23.419916853738428,8.219859736258499,15.0
136.9,23.308062,8.196766,25.246733,5.0,0.0,0.00550103,23.422125134748253,8.22178203591019,15.0
137.0,23.313904,8.198886,23.975101,3.8022397,0.0007333227,0.022839902,23.424342661743594,8.223702949424878,15.0
137.1,23.318743,8.201004,23.106445,3.8022397,0.0007333227,0.022839902,23.426569399244066,8.225622464796858,15.0
137.20000000000002,23.322895,8.20312,22.513138,3.8022397,0.0007333227,0.022839902,23.428805311621918,8.22754057002917,15.0
137.3,23.32658,8.205235,22.107973,3.8022397,0.0007333227,0.022839902,23.431050363102596,8.22945725313366,15.0
137.4,23.329786,8.207181,21.51335,3.8022397,0.0009132273,0.021178015,23.43330451776533,8.231372502131064,15.0
137.5,23.332523,8.2091255,21.107092,3.8022397,0.0009132273,0.021178015,23.435567739543686,8.233286305051083,15.0
137.6,23.334324,8.210726,19.60938,3.8022397,0.0016034702,0.017750386,23.43783999222617,8.235198649932453,15.0
137.70000000000002,23.334944,8.212324,18.585255,3.8022397,0.0016034702,0.017750386,23.440121239456786,8.23710952482303,15.0
137.8,23.335655,8.21708,21.238398,5.0,0.0,0.05,23.44241144473563,8.239018917779847,15.0
137.9,23.338987,8.22183,22.847792,5.0,0.0,0.05,23.444710571419456,8.240926816869205,15.0
138.0,23.342484,8.226705,20.770945,2.6714482,0.001425644,0.05,23.4470185827223,8.242833210166744,15.0
138.1,23.344769,8.231576,19.18078,2.6714482,0.001425644,0.05,23.44933544171602,8.244738085757508,15.0
138.20000000000002,23.346111,8.236308,21.598213,5.0,0.0,0.05,23.451661111330925,8.246641431736034,15.0
138.3,23.349842,8.2410345,23.064737,5.0,0.0,0.05,23.45399555435635,8.248543236206414,15.0
138.4,23.353622,8.245829,17.767715,0.67359316,0.0026488206,0.048104465,23.45633873344126,8.250443487282377,15.0
138.5,23.35654,8.250622,12.815721,0.67359316,0.0026488206,0.048104465,23.458690611094834,8.252342173087358,15.0
138.6,23.360472,8.253377,12.940217,0.1,0.0,0.027370611,23.461051149687083,8.25423928175458,15.0
138.70000000000002,23.364405,8.256132,13.063487,0.1,0.0,0.027370611,23.463420311449443,8.25613480142712,15.0
138.8,23.368341,8.26115,13.185537,0.1,0.0,0.05,23.465798058475368,8.258028720257984,15.0
138.9,23.372282,8.266169,13.306372,0.1,0.0,0.05,23.468184352720964,8.259921026410185,15.0
139.0,23.376163,8.270432,8.584856,0.1,0.002289141,0.042463865,23.47057915600557,8.261811708056818,15.0
139.1,23.379929,8.274696,3.9103239,0.1,0.002289141,0.042463865,23.472982430012387,8.263700753381128,15.0
139.20000000000002,23.366344,8.269381,12.331433,5.0,0.0,-0.05,23.47539413628908,8.265588150576587,15.0
139.3,23.361032,8.264071,17.439802,5.0,0.0,-0.05,23.4778142362484,8.26747388784697,15.0
139.4,23.362509,8.264544,19.169352,2.4770901,0.0,0.0061129527,23.4802426911688,8.269357953406425,15.0
139.5,23.364933,8.265016,20.519693,2.4770901,0.0,0.0061129527,23.482679462195055,8.271240335479549,15.0
139.6,23.366459,8.265629,16.491098,2.4770539,0.0027,0.0075271367,23.485124510338874,8.273121022301456,15.0
139.70000000000002,23.365776,8.266241,13.34636,2.4770539,0.0027,0.0075271367,23.48757779647955,8.275000002117865,15.0
139.8,23.359282,8.266784,13.086563,4.498285,0.002686344,0.008178837,23.490039281364545,8.276877263185156,15.0
139.9,23.352558,8.267325,12.918926,4.498285,0.002686344,0.008178837,23.492508925610164,8.278752793770453,15.0
140.0,23.35174,8.2652445,15.541979,2.3777802,0.0,-0.019472463,23.494986689702145,8.280626582151696,15.0
140.1,23.352306,8.2631645,17.610205,2.3777802,0.0,-0.019472463,23.497472533996316,8.282498616617714,15.0
140.20000000000002,23.353962,8.26119,19.241215,2.3778036,0.0,-0.018422484,23.49996641871922,8.284368885468298,15.0
140.3,23.356478,8.259218,20.52766,2.3778036,0.0,-0.018422484,23.50246830396876,8.286237377014274,15.0
140.4,23.359213,8.263916,22.412638,5.0,0.0,0.05,23.504978149714823,8.288104079577575,15.0
140.5,23.363811,8.268607,23.55641,5.0,0.0,0.05,23.507495915799932,8.289968981491317,15.0
140.6,23.366634,8.273005,19.964184,4.998135,0.0025639734,0.04711723,23.51002156193988,8.291832071099867,15.0
140.70000000000002,23.36594,8.277397,17.783306,4.998135,0.0025639734,0.04711723,23.512555047724383,8.293693336758924,15.0
140.8,23.368242,8.281274,13.095981,1.0308136,0.0026863974,0.039245002,23.515096332617723,8.295552766835582,15.0
140.9,23.3694,8.28515,8.86766,1.0308136,0.0026863974,0.039245002,23.517645375959397,8.297410349708409,15.0
141.0,23.36073,8.27982,15.334684,5.0,0.0,-0.05,23.520202136964766,8.29926607376752,15.0
141.1,23.358404,8.274498,19.25849,5.0,0.0,-0.05,23.522766574725708,8.301119927414641,15.0
141.20000000000002,23.35992,8.269182,21.640577,5.0,0.0,-0.05,23.52533864821127,8.302971899063198,15.0
141.3,23.36376,8.263873,23.088062,5.0,0.0,-0.05,23.52791831626834,8.304821977138372,15.0
141.4,23.369017,8.268564,23.967703,5.0,0.0,0.05,23.530505537622275,8.306670150077181,15.0
141.5,23.375147,8.27325,24.502039,5.0,0.0,0.05,23.533100270877593,8.30851640632855,15.0
141.6,23.38181,8.277929,24.827055,5.0,0.0,0.05,23.53570247451862,8.310360734353385,15.0
141.70000000000002,23.388798,8.282603,25.025183,5.0,0.0,0.05,23.538312106910144,8.31220312262464,15.0
141.8,23.394188,8.285387,25.082209,2.0469527,0.0,0.029050078,23.54092912629811,8.314043559627393,15.0
141.9,23.399607,8.28817,25.12912,2.0469527,0.0,0.029050078,23.543553490810265,8.315882033858923,15.0
142.0,23.405016,8.28918,25.167074,1.9991655,0.0,0.011300522,23.546185158456826,8.317718533828769,15.0
142.1,23.410442,8.29019,25.198778,1.9991655,0.0,0.011300522,23.54882408713117,8.319553048058811,15.0
142.20000000000002,23.415861,8.294495,25.224762,1.9642409,0.0,0.04424457,23.5514702346105,8.321385565083345,15.0
142.3,23.421293,8.298798,25.246378,1.9642409,0.0,0.04424457,23.5541235585565,8.323216073449142,15.0
142.4,23.42652,8.3036995,25.261494,1.6244154,0.0,0.05,23.556784016516055,8.325044561715533,15.0
142.5,23.431753,8.308599,25.27449,1.6244154,0.0,0.05,23.55945156592189,8.326871018454472,15.0
142.6,23.436981,8.313499,25.285555,1.6037574,0.0,0.05,23.56212616409327,8.328695432250608,15.0
142.70000000000002,23.442217,8.3183975,25.295126,1.6037574,0.0,0.05,23.564807768236687,8.330517791701364,15.0
142.8,23.447443,8.322211,25.303366,1.5814453,0.0,0.039160416,23.567496335446528,8.332338085416996,15.0
142.9,23.452675,8.326023,25.31064,1.5814453,0.0,0.039160416,23.570191822705773,8.334156302020679,15.0
143.0,23.457901,8.328408,25.317102,1.567956,0.0,0.024888378,23.572894186886685,8.335972430148558,15.0
143.1,23.463129,8.330792,25.322989,1.567956,0.0,0.024888378,23.575603384751496,8.337786458449845,15.0
143.20000000000002,23.468351,8.334392,25.328283,1.5540388,0.0,0.03703655,23.578319372953096,8.339598375586867,15.0
143.3,23.473577,8.337989,25.333069,1.5540388,0.0,0.03703655,23.581042108035735,8.341408170235145,15.0
143.4,23.478802,8.34021,25.337461,1.5471561,0.0,0.023277692,23.58377154643571,8.343215831083471,15.0
143.5,23.484026,8.34243,25.341595,1.5471561,0.0,0.023277692,23.586507644482058,8.34502134683397,15.0
143.6,23.48925,8.344165,25.34552,1.5433235,0.0,0.018430395,23.589250358397273,8.346824706202174,15.0
143.70000000000002,23.494474,8.3459,25.349295,1.5433235,0.0,0.018430395,23.591999644297992,8.348625897917094,15.0
143.8,23.49915,8.34754,22.545597,1.5595677,0.00142653,0.01751415,23.5947554581957,8.350424910721287,15.0
143.9,23.502813,8.34918,20.147068,1.5595677,0.00142653,0.01751415,23.59751775599743,8.352221733370929,15.0
144.0,23.50528,8.348306,22.204304,5.0,0.0,-0.004630728,23.600286493506477,8.354016354635881,15.0
144.1,23.509762,8.347432,23.453857,5.0,0.0,-0.004630728,23.603061626423102,8.355808763299772,15.0
144.20000000000002,23.513605,8.3479805,18.223204,0.7252217,0.0026172113,0.0058704517,23.605843110345237,8.35759894816005,15.0
144.3,23.516533,8.348529,13.358614,0.7252217,0.0026172113,0.0058704517,23.608630900769196,8.359386898028067,15.0
144.4,23.52048,8.35257,13.478313,0.1,0.0,0.040254604,23.611424953090395,8.36117260172914,15.0
144.5,23.524427,8.35661,13.5968275,0.1,0.0,0.040254604,23.614225222604055,8.362956048102626,15.0
144.6,23.52838,8.359754,13.71417,0.1,0.0,0.031276684,23.617031664505923,8.364737226001996,15.0
144.70000000000002,23.532335,8.362897,13.830357,0.1,0.0,0.031276684,23.619844233892987,8.36651612429489,15.0
144.8,23.529856,8.364554,17.577284,3.9188464,0.0,0.019898772,23.622662885764203,8.3682927318632,15.0
144.9,23.530418,8.366211,20.109156,3.9188464,0.0,0.019898772,23.625487575021193,8.370067037603134,15.0
145.0,23.532875,8.369751,22.184855,5.0,0.0,0.03975551,23.628318256468994,8.371839030425287,15.0
145.1,23.53738,8.373286,23.444574,5.0,0.0,0.03975551,23.631154884816763,8.373608699254712,15.0
145.20000000000002,23.543129,8.377653,24.20954,5.0,0.0,0.048121087,23.633997414678507,8.375376033030982,15.0
145.3,23.549637,8.382015,24.674496,5.0,0.0,0.048121087,23.636845800573806,8.377141020708267,15.0
145.4,23.556608,8.3865595,24.957563,5.0,0.0,0.05,23.63969999692855,8.378903651255401,15.0
145.5,23.563864,8.391098,25.130356,5.0,0.0,0.05,23.642559958075655,8.38066391365595,15.0
145.6,23.57105,8.39172,24.885609,5.0,0.00021008383,0.010870872,23.64542563825581,8.382421796908273,15.0
145.70000000000002,23.577991,8.392342,24.739033,5.0,0.00021008383,0.010870872,23.648296991618185,8.384177290025615,15.0
145.8,23.582226,8.392817,20.817547,3.3055825,0.0022713186,0.0077530546,23.65117397222119,8.385930382036143,15.0
145.9,23.5837,8.393291,18.000238,3.3055825,0.0022713186,0.0077530546,23.6540565340332,8.387681061983038,15.0
146.0,23.58552,8.393699,14.505223,1.4755322,0.0022832698,0.005278601,23.656944630933282,8.38942931892456,15.0
146.1,23.58614,8.394106,11.489754,1.4755322,0.0022832698,0.005278601,23.659838216711954,8.391175141934106,15.0
146.20000000000002,23.58885,8.392768,12.230028,0.54627556,0.0,-0.013087877,23.662737245071902,8.392918520100288,15.0
146.3,23.591658,8.39143,12.931101,0.54627556,0.0,-0.013087877,23.665641669628734,8.394659442526997,15.0
146.4,23.594574,8.39174,13.586543,0.5390979,0.0,0.0033875573,23.668551443911717,8.396397898333475,15.0
146.5,23.597576,8.39205,14.207692,0.5390979,0.0,0.0033875573,23.67146652136453,8.39813387665438,15.0
146.6,23.601543,8.389032,14.319309,0.1,0.0,-0.030324848,23.674386855345986,8.399867366639853,15.0
146.70000000000002,23.605513,8.386015,14.429864,0.1,0.0,-0.030324848,23.677312399130816,8.401598357455585,15.0
146.8,23.600765,8.389799,14.961137,4.5085955,0.0020226326,0.041967515,23.680243105910375,8.40332683828289,15.0
146.9,23.596514,8.393579,15.29764,4.5085955,0.0020226326,0.041967515,23.683178928793414,8.405052798318769,15.0
147.0,23.600508,8.398593,15.398372,0.1,0.0,0.05,23.686119820806837,8.406776226775976,15.0
147.1,23.604506,8.403607,15.4981,0.1,0.0,0.05,23.68906573489643,8.40849711288309,15.0
147.20000000000002,23.608332,8.405335,9.939969,0.14202778,0.0027,0.017177943,23.692016623927632,8.41021544588458,15.0
147.3,23.611961,8.4070635,4.4602456,0.14202778,0.0027,0.017177943,23.694972440686282,8.411931215040866,15.0
147.4,23.599066,8.401583,12.702449,5.0,0.0,-0.05,23.69793313787937,8.4136444096284,15.0
147.5,23.594265,8.396109,17.702475,5.0,0.0,-0.05,23.70089866813581,8.41535501893972,15.0
147.6,23.59672,8.400922,18.841528,1.5974915,0.0,0.049480475,23.70386898400718,8.417063032283526,15.0
147.70000000000002,23.599598,8.405733,19.81228,1.5974915,0.0,0.049480475,23.706844037968487,8.418768438984737,15.0
147.8,23.60098,8.404978,19.080853,3.5325963,0.0013401052,-0.0042131,23.709823782418933,8.420471228384566,15.0
147.9,23.601818,8.404223,18.567444,3.5325963,0.0013401052,-0.0042131,23.71280816968267,8.422171389840585,15.0
148.0,23.603289,8.403941,17.143866,2.2717795,0.0014811547,-0.0007703505,23.715797152009564,8.423868912726794,15.0
148.1,23.604034,8.403659,16.00978,2.2717795,0.0014811547,-0.0007703505,23.718790681575964,8.425563786433678,15.0
148.20000000000002,23.604584,8.404497,13.267587,1.8142196,0.0022140825,0.009968956,23.721788710485463,8.427256000368283,15.0
148.3,23.603996,8.405334,10.980274,1.8142196,0.0022140825,0.009968956,23.724791190769654,8.428945543954276,15.0
148.4,23.607883,8.400349,11.12398,0.1,0.0,-0.05,23.727798074388925,8.430632406632014,15.0
148.5,23.611774,8.395363,11.266314,0.1,0.0,-0.05,23.7308093132332,8.432316577858614,15.0
148.6,23.61567,8.394068,11.407279,0.1,0.0,-0.013094874,23.733824859122713,8.433998047108009,15.0
148.70000000000002,23.619566,8.392773,11.546879,0.1,0.0,-0.013094874,23.736844663808807,8.435676803871022,15.0
148.8,23.623466,8.393194,11.685122,0.1,0.0,0.004071263,23.739868678974666,8.43735283765543,15.0
148.9,23.62737,8.393616,11.822015,0.1,0.0,0.004071263,23.74289685623611,8.439026137986026,15.0
149.0,23.631279,8.394535,11.957571,0.1,0.0,0.00905101,23.745929147142373,8.440696694404688,15.0
149.1,23.63519,8.395454,12.091803,0.1,0.0,0.00905101,23.74896550317686,8.442364496470445,15.0
149.20000000000002,23.639103,8.396799,12.224721,0.1,0.0,0.013298036,23.752005875757938,8.44402953375954,15.0
149.3,23.64302,8.398144,12.356338,0.1,0.0,0.013298036,23.755050216239717,8.445691795865493,15.0
149.4,23.646942,8.399839,12.486665,0.1,0.0,0.016813109,23.758098475912806,8.447351272399173,15.0
149.5,23.650866,8.401535,12.615714,0.1,0.0,0.016813109,23.761150606005124,8.449007952988858,15.0
149.6,23.654793,8.406549,12.743489,0.1,0.0,0.05,23.764206557682652,8.450661827280296,15.0
149.70000000000002,23.658724,8.411564,12.869992,0.1,0.0,0.05,23.767266282050223,8.452312884936783,15.0
149.8,23.662659,8.416045,12.995237,0.1,0.0,0.044670843,23.770329730152316,8.45396111563921,15.0
149.9,23.666595,8.4205265,13.119239,0.1,0.0,0.044670843,23.77339685297383,8.455606509086142,15.0
150.0,23.670536,8.423866,13.242013,0.1,0.0,0.033264063,23.77646760144086,8.457249054993875,15.0
150.1,23.67448,8.427206,13.363575,0.1,0.0,0.033264063,23.779541926421498,8.458888743096503,15.0
150.20000000000002,23.674797,8.4282055,15.447162,1.8905647,0.0,0.011771996,23.782619778726612,8.460525563145982,15.0
150.3,23.676012,8.429204,17.171833,1.8905647,0.0,0.011771996,23.785701109110626,8.462159504912188,15.0
150.4,23.677965,8.430787,18.60274,1.8953047,0.0,0.017626878,23.788785868272324,8.463790558182994,15.0
150.5,23.680536,8.432369,19.78673,1.8953047,0.0,0.017626878,23.791874006855625,8.465418712764322,15.0
150.6,23.6843,8.434952,17.90904,0.4406813,0.0010207137,0.026058607,23.794965475450375,8.46704395848021,15.0
150.70000000000002,23.68786,8.437534,16.112352,0.4406813,0.0010207137,0.026058607,23.798060224593144,8.468666285172876,15.0
150.8,23.688786,8.440798,14.663303,1.8003635,0.0015370254,0.03437007,23.80115820476801,8.470285682702787,15.0
150.9,23.689117,8.44406,13.45275,1.8003635,0.0015370254,0.03437007,23.80425936640736,8.47190214094871,15.0
151.0,23.6889,8.447454,12.214183,1.8005518,0.0016539156,0.03570733,23.807363659892673,8.47351564980779,15.0
151.1,23.688177,8.450848,11.179304,1.8005518,0.0016539156,0.03570733,23.810471035555317,8.4751261991956,15.0
151.20000000000002,23.69207,8.453133,11.321363,0.1,0.0,0.02272014,23.813581443677347,8.476733779046212,15.0
151.3,23.695967,8.455418,11.462025,0.1,0.0,0.02272014,23.816694834492303,8.478338379312255,15.0
151.4,23.699867,8.460145,11.6012945,0.1,0.0,0.04714251,23.819811158185995,8.479939989964986,15.0
151.5,23.703772,8.464872,11.73918,0.1,0.0,0.04714251,23.822930364897314,8.481538600994341,15.0
151.6,23.70768,8.4696,11.875693,0.1,0.0,0.04714251,23.826052404719015,8.483134202409008,15.0
151.70000000000002,23.711592,8.474326,12.01085,0.1,0.0,0.04714251,23.82917722769853,8.484726784236484,15.0
151.8,23.715508,8.479053,12.144663,0.1,0.0,0.04714251,23.832304783838758,8.486316336523133,15.0
151.9,23.719427,8.483779,12.277145,0.1,0.0,0.04714251,23.835435023098867,8.487902849334265,15.0
152.0,23.723349,8.488505,12.408311,0.1,0.0,0.04714251,23.838567895395098,8.489486312754176,15.0
152.1,23.727274,8.493232,12.538172,0.1,0.0,0.04714251,23.841703350601556,8.491066716886225,15.0
152.20000000000002,23.731203,8.497958,12.666741,0.1,0.0,0.04714251,23.844841338551028,8.492644051852892,15.0
152.3,23.735136,8.502685,12.794033,0.1,0.0,0.04714251,23.847981809035772,8.494218307795839,15.0
152.4,23.739073,8.50511,12.920067,0.1,0.0,0.024133222,23.851124711808332,8.495789474875972,15.0
152.5,23.743011,8.507535,13.044861,0.1,0.0,0.024133222,23.854269996582325,8.497357543273498,15.0
152.6,23.746954,8.509843,13.168428,0.1,0.0,0.02296011,23.857417613033263,8.498922503188,15.0
152.70000000000002,23.750898,8.512151,13.290782,0.1,0.0,0.02296011,23.86056751079935,8.500484344838481,15.0
152.8,23.754847,8.515192,13.411932,0.1,0.0,0.030301433,23.86371963948229,8.502043058463435,15.0
152.9,23.758799,8.518233,13.531888,0.1,0.0,0.030301433,23.866873948648095,8.503598634320909,15.0
153.0,23.762753,8.513245,13.650685,0.1,0.0,-0.05,23.870030387827878,8.505151062688556,15.0
153.1,23.76671,8.508256,13.76836,0.1,0.0,-0.05,23.87318890651868,8.506700333863707,15.0
153.20000000000002,23.77067,8.503267,13.884923,0.1,0.0,-0.05,23.87634945418428,8.50824643816342,15.0
153.3,23.774632,8.49828,14.000386,0.1,0.0,-0.05,23.87951198025597,8.50978936592455,15.0
153.4,23.778597,8.502512,14.114732,0.1,0.0,0.04220923,23.882676434133405,8.511329107503801,15.0
153.5,23.782564,8.506744,14.227944,0.1,0.0,0.04220923,23.885842765185394,8.512865653277796,15.0
153.60000000000002,23.786535,8.510056,14.340037,0.1,0.0,0.03299164,23.889010922750703,8.514398993643127,15.0
153.70000000000002,23.790508,8.513367,14.451025,0.1,0.0,0.03299164,23.892180856138882,8.515929119016423,15.0
153.8,23.794485,8.517124,14.560917,0.1,0.0,0.03746237,23.89535251463106,8.517456019834404,15.0
153.9,23.798464,8.520882,14.669723,0.1,0.0,0.03746237,23.898525847480773,8.518979686553944,15.0
154.0,23.802446,8.525767,14.77745,0.1,0.0,0.04874624,23.90170080391476,8.520500109652135,15.0
154.10000000000002,23.80643,8.530653,14.884105,0.1,0.0,0.04874624,23.90487733313379,8.522017279626333,15.0
154.20000000000002,23.805073,8.528109,14.61452,2.8604727,0.0015741345,-0.02190668,23.908055384313457,8.523531186994234,15.0
154.3,23.803543,8.525565,14.412106,2.8604727,0.0015741345,-0.02190668,23.911234906605017,8.525041822293918,15.0
154.4,23.80752,8.529835,14.522408,0.1,0.0,0.04258453,23.914415849136176,8.526549176083924,15.0
154.5,23.811499,8.534104,14.631616,0.1,0.0,0.04258453,23.91759816101192,8.528053238943293,15.0
154.60000000000002,23.815481,8.538052,14.739742,0.1,0.0,0.0393633,23.920781791315335,8.529554001471638,15.0
154.70000000000002,23.819466,8.541999,14.8468,0.1,0.0,0.0393633,23.923966689108397,8.531051454289198,15.0
154.8,23.823444,8.5454035,14.957894,0.10483166,0.0,0.033947006,23.92715280343281,8.532545588036896,15.0
154.9,23.827425,8.548808,15.067841,0.10483166,0.0,0.033947006,23.930340083310817,8.534036393376402,15.0
155.0,23.825665,8.551404,16.793795,3.672583,0.0008321031,0.030767234,23.933528477746002,8.535523860990189,15.0
155.10000000000002,23.825235,8.553998,17.988623,3.672583,0.0008321031,0.030767234,23.93671793572413,8.537007981581588,15.0
155.20000000000002,23.825857,8.558327,20.940393,5.0,0.0,0.05,23.93990840621393,8.538488745874849,15.0
155.3,23.829391,8.562651,22.731112,5.0,0.0,0.05,23.943099838167953,8.539966144615203,15.0
155.4,23.83321,8.567592,17.316803,0.59000254,0.0026999984,0.04999994,23.946292180523347,8.54144016856891,15.0
155.5,23.836254,8.572532,12.212676,0.59000254,0.0026999984,0.04999994,23.94948538220271,8.542910808523326,15.0
155.60000000000002,23.83967,8.5675125,12.610853,0.30433106,0.0,-0.05,23.95267939211488,8.544378055286955,15.0
155.70000000000002,23.843115,8.562494,12.997263,0.30433106,0.0,-0.05,23.955874159155766,8.545841899689512,15.0
155.8,23.846586,8.55953,13.372491,0.30453846,0.0,-0.029454643,23.959069632209165,8.547302332581973,15.0
155.9,23.850084,8.556566,13.736596,0.30453846,0.0,-0.029454643,23.962265760147574,8.548759344836634,15.0
156.0,23.853603,8.555818,14.09339,0.30760103,0.0,-0.0072979587,23.965462491833016,8.550212927347179,15.0
156.10000000000002,23.85715,8.55507,14.439471,0.30760103,0.0,-0.0072979587,23.968659776117853,8.551663071028718,15.0
156.20000000000002,23.861126,8.559112,14.549726,0.1,0.0,0.04031478,23.971857561845603,8.55310976681786,15.0
156.3,23.865107,8.563153,14.658888,0.1,0.0,0.04031478,23.975055797851763,8.554553005672759,15.0
156.4,23.869059,8.567058,12.362951,0.1,0.0011367424,0.038945027,23.978254432964626,8.555992778573177,15.0
156.5,23.872955,8.570962,10.089866,0.1,0.0011367424,0.038945027,23.981453416006097,8.55742907652054,15.0
156.60000000000002,23.867844,8.573612,14.738906,3.7615569,0.00010566518,0.031643987,23.984652695792516,8.55886189053799,15.0
156.70000000000002,23.866385,8.576261,17.92951,3.7615569,0.00010566518,0.031643987,23.987852221135476,8.560291211670442,15.0
156.8,23.866982,8.580565,20.90018,4.975527,0.0,0.05,23.991051940842638,8.561717030984644,15.0
156.9,23.870497,8.584865,22.706766,4.975527,0.0,0.05,23.994251803718555,8.563139339569233,15.0
157.0,23.873655,8.589153,20.645527,4.9789443,0.0018890712,0.049948666,23.99745175856549,8.564558128534781,15.0
157.10000000000002,23.874805,8.593436,19.391775,4.9789443,0.0018890712,0.049948666,24.000651754184233,8.565973389013864,15.0
157.20000000000002,23.87686,8.590005,21.798344,5.0,0.0,-0.027160885,24.003851739374927,8.567385112161109,15.0
157.3,23.881266,8.586577,23.260403,5.0,0.0,-0.027160885,24.00705166293787,8.56879328915325,15.0
157.4,23.886637,8.582771,23.478626,4.996282,0.00040120762,-0.030997105,24.010251473674355,8.570197911189183,15.0
157.5,23.892204,8.57897,23.613602,4.996282,0.00040120762,-0.030997105,24.01345112038748,8.57159896949003,15.0
157.60000000000002,23.896051,8.575813,18.813128,1.0306282,0.0024701208,-0.030323328,24.016650551882968,8.572996455299176,15.0
157.70000000000002,23.89872,8.572658,14.483185,1.0306282,0.0024701208,-0.030323328,24.01984971696998,8.574390359882344,15.0
157.8,23.900326,8.5696335,10.577608,1.0306282,0.0024701208,-0.029017512,24.023048564461945,8.57578067452763,15.0
157.9,23.900974,8.566609,7.054763,1.0306282,0.0024701208,-0.029017512,24.026247043177367,8.577167390545576,15.0
158.0,23.890797,8.560929,14.324814,5.0,0.0,-0.05,24.029445101940663,8.578550499269209,15.0
158.10000000000002,23.887756,8.555256,18.735647,5.0,0.0,-0.05,24.032642689582953,8.579929992054106,15.0
158.20000000000002,23.889051,8.559584,21.411926,5.0,0.0,0.05,24.035839754942906,8.581305860278441,15.0
158.3,23.892986,8.563906,23.035635,5.0,0.0,0.05,24.039036246867546,8.58267809534304,15.0
158.4,23.897253,8.559847,23.179361,0.59,0.0,-0.04,24.042232114213068,8.58404668867144,15.0
158.5,23.901539,8.555789,23.315176,0.59,0.0,-0.04,24.045427305845664,8.585411631709936,15.0
158.60000000000002,23.905468,8.551732,18.428158,0.59,0.00243,-0.04,24.048621770642335,8.586772915927643,15.0
158.70000000000002,23.908695,8.547675,13.8214245,0.59,0.00243,-0.04,24.051815457491713,8.588130532816532,15.0
158.8,23.91126,8.543619,9.478889,0.59,0.00243,-0.04,24.055008315294877,8.589484473891506,15.0
158.9,23.913202,8.539563,5.3853884,0.59,0.00243,-0.04,24.05820029296617,8.590834730690439,15.0
159.0,23.901293,8.533916,13.3215685,5.0,0.0,-0.05,24.061391339434014,8.592181294774226,15.0
159.10000000000002,23.897175,8.528277,18.136185,5.0,0.0,-0.05,24.06458140364174,8.59352415772685,15.0
159.20000000000002,23.90124,8.533288,18.211447,0.101815365,0.0,0.05,24.067770434548386,8.59486331115542,15.0
159.3,23.905306,8.538299,18.285948,0.101815365,0.0,0.05,24.070958381129525,8.59619874669023,15.0
159.4,23.909374,8.543309,18.359657,0.10176524,0.0,0.05,24.074145192378076,8.597530455984817,15.0
159.5,23.913445,8.54832,18.432621,0.10176524,0.0,0.05,24.077330817305135,8.598858430715998,15.0
159.60000000000002,23.914394,8.552656,21.23721,5.0,0.0,0.05,24.080515204940767,8.600182662583936,15.0
159.70000000000002,23.918112,8.556987,22.93869,5.0,0.0,0.05,24.083698304334835,8.601503143312186,15.0
159.8,23.92351,8.561313,23.971468,5.0,0.0,0.05,24.086880064557818,8.60281986464775,15.0
159.9,23.929928,8.565633,24.598877,5.0,0.0,0.05,24.090060434701623,8.60413281836112,15.0
160.0,23.935343,8.570335,24.795277,2.2629247,0.0,0.05,24.093239363880397,8.605441996246343,15.0
160.10000000000002,23.94086,8.575036,24.952164,2.2629247,0.0,0.05,24.096416801231335,8.60674739012106,15.0
160.20000000000002,23.947027,8.579608,25.118826,3.13445,0.0,0.05,24.09959269591551,8.608048991826564,15.0
160.3,23.95331,8.584176,25.241167,3.13445,0.0,0.05,24.102766997118675,8.609346793227848,15.0
160.4,23.959677,8.587159,25.331255,3.134032,0.0,0.034179833,24.10593965405208,8.61064078621366,15.0
160.5,23.966106,8.59014,25.397919,3.134032,0.0,0.034179833,24.109110615953277,8.611930962696544,15.0
160.60000000000002,23.97258,8.592392,25.447527,3.1337,0.0,0.026904142,24.11227983208695,8.613217314612903,15.0
160.70000000000002,23.979088,8.594642,25.484737,3.1337,0.0,0.026904142,24.115447251745703,8.614499833923043,15.0
160.8,23.985619,8.596431,25.512928,3.1334324,0.0,0.022310888,24.118612824250892,8.61577851261122,15.0
160.9,23.992168,8.598218,25.534567,3.1334324,0.0,0.022310888,24.121776498953423,8.617053342685697,15.0
161.0,23.99873,8.599739,25.551441,3.13322,0.0,0.019663047,24.12493822523457,8.618324316178793,15.0
161.10000000000002,24.0053,8.601259,25.564856,3.13322,0.0,0.019663047,24.128097952506778,8.619591425146925,15.0
161.20000000000002,24.011879,8.602616,25.575756,3.133054,0.0,0.018045891,24.131255630214476,8.620854661670666,15.0
161.3,24.018463,8.603972,25.584835,3.133054,0.0,0.018045891,24.134411207834894,8.622114017854793,15.0
161.4,24.026493,8.608239,25.596045,5.0,0.0,0.05,24.137564634878853,8.623369485828334,15.0
161.5,24.034538,8.6125,25.604212,5.0,0.0,0.05,24.140715860891586,8.624621057744617,15.0
161.60000000000002,24.042597,8.616756,25.610537,5.0,0.0,0.05,24.143864835453552,8.625868725781324,15.0
161.70000000000002,24.050665,8.621007,25.61575,5.0,0.0,0.05,24.147011508181215,8.627112482140529,15.0
161.8,24.058743,8.625253,25.62029,5.0,0.0,0.05,24.150155828727886,8.628352319048764,15.0
161.9,24.06683,8.629493,25.62443,5.0,0.0,0.05,24.1532977467845,8.62958822875705,15.0
162.0,24.074924,8.633728,25.628328,5.0,0.0,0.05,24.156437212080437,8.630820203540956,15.0
162.10000000000002,24.083027,8.637958,25.632084,5.0,0.0,0.05,24.159574174384314,8.632048235700644,15.0
162.20000000000002,24.091137,8.642181,25.635756,5.0,0.0,0.05,24.16270858350481,8.633272317560916,15.0
162.3,24.099255,8.6464,25.639381,5.0,0.0,0.05,24.16584038929144,8.634492441471263,15.0
162.4,24.10738,8.650614,25.64298,5.0,0.0,0.05,24.168969541635377,8.635708599805918,15.0
162.5,24.115513,8.654822,25.64657,5.0,0.0,0.05,24.172095990470254,8.636920784963893,15.0
162.60000000000002,24.123646,8.653714,25.650835,5.0,0.0,-0.0031440987,24.175219685772955,8.638128989369035,15.0
162.70000000000002,24.131771,8.652608,25.65608,5.0,0.0,-0.0031440987,24.17834057756442,8.639333205470072,15.0
162.8,24.139889,8.651503,25.66192,5.0,0.0,-0.0031440987,24.18145861591045,8.640533425740655,15.0
162.9,24.148,8.650399,25.668118,5.0,0.0,-0.0031440987,24.184573750922496,8.641729642679412,15.0
163.0,24.153568,8.6496935,23.316708,2.9134731,0.0012774654,-0.0025705912,24.187685932758466,8.64292184880999,15.0
163.10000000000002,24.157644,8.648988,21.56057,2.9134731,0.0012774654,-0.0025705912,24.190795111623515,8.644110036681107,15.0
163.20000000000002,24.160608,8.648283,20.24902,2.9134731,0.0012774654,-0.0025705912,24.193901237770845,8.645294198866592,15.0
163.3,24.16274,8.647578,19.269516,2.9134731,0.0012774654,-0.0025705912,24.197004261502514,8.646474327965436,15.0
163.4,24.166756,8.643801,12.988967,0.1,0.003,-0.037855323,24.200104133170196,8.64765041660183,15.0
163.5,24.170614,8.640023,6.7709618,0.1,0.003,-0.037855323,24.203200803176017,8.648822457425233,15.0
163.60000000000002,24.160093,8.634252,14.214764,5.0,0.0,-0.05,24.206294221973327,8.649990443110388,15.0
163.70000000000002,24.15688,8.628487,18.730974,5.0,0.0,-0.05,24.20938434006748,8.651154366357389,15.0
163.8,24.160883,8.633421,12.78798,0.101638265,0.0028437083,0.049262404,24.21247110801666,8.65231421989172,15.0
163.9,24.164736,8.638355,6.9050837,0.101638265,0.0028437083,0.049262404,24.215554476432647,8.653469996464299,15.0
164.0,24.154348,8.632586,14.294827,5.0,0.0,-0.05,24.21863439598161,8.65462168885153,15.0
164.10000000000002,24.151215,8.626822,18.778267,5.0,0.0,-0.05,24.221710817384903,8.655769289855334,15.0
164.20000000000002,24.155264,8.631831,16.33186,0.101644814,0.0011899697,0.05,24.22478369141984,8.656912792303212,15.0
164.3,24.15925,8.63684,13.910193,0.101644814,0.0011899697,0.05,24.227852968920516,8.658052189048275,15.0
164.4,24.163137,8.640916,8.066016,0.10016448,0.002818997,0.040679947,24.23091860077855,8.6591874729693,15.0
164.5,24.166878,8.644992,2.2800884,0.10016448,0.002818997,0.040679947,24.233980537943896,8.660318636970764,15.0
164.60000000000002,24.151962,8.639214,11.486795,5.0,0.0,-0.05,24.237038731425628,8.661445673982898,15.0
164.70000000000002,24.146091,8.633443,17.071693,5.0,0.0,-0.05,24.240093132292714,8.662568576961723,15.0
164.8,24.149084,8.63832,17.836369,0.9292241,0.0,0.05,24.243143691674803,8.663687338889098,15.0
164.9,24.152248,8.643195,18.533136,0.9292241,0.0,0.05,24.246190360763013,8.664801952772764,15.0
165.0,24.153326,8.647413,21.34628,5.0,0.0,0.05,24.2492330908107,8.66591241164639,15.0
165.10000000000002,24.157179,8.651626,23.053019,5.0,0.0,0.05,24.25227183313426,8.66701870856961,15.0
165.20000000000002,24.161013,8.647722,17.699055,0.6278807,0.0026768078,-0.0382546,24.255306539113864,8.668120836628075,15.0
165.3,24.164028,8.64382,12.671219,0.6278807,0.0026768078,-0.0382546,24.25833716019429,8.669218788933485,15.0
165.4,24.1663,8.640091,8.001884,0.6220433,0.0026472074,-0.036535803,24.261363647885666,8.670312558623642,15.0
165.5,24.167866,8.636362,3.614375,0.6220433,0.0026472074,-0.036535803,24.264385953764247,8.67140213886249,15.0
165.60000000000002,24.154236,8.630594,12.298951,5.0,0.0,-0.05,24.267404029473216,8.672487522840155,15.0
165.70000000000002,24.149136,8.624834,17.567322,5.0,0.0,-0.05,24.27041782672341,8.673568703772993,15.0
165.8,24.153187,8.629843,17.648212,0.1,0.0,0.05,24.27342729729415,8.674645674903624,15.0
165.9,24.157242,8.634851,17.7283,0.1,0.0,0.05,24.276432393033964,8.675718429500982,15.0
166.0,24.161234,8.63923,12.6449375,0.1,0.0024411653,0.043702524,24.27943306586139,8.676786960860357,15.0
166.10000000000002,24.1651,8.643608,7.612159,0.1,0.0024411653,0.043702524,24.28242926776572,8.67785126230343,15.0
166.20000000000002,24.155422,8.637832,14.722853,5.0,0.0,-0.05,24.285420950807794,8.678911327178318,15.0
166.3,24.152723,8.632062,19.037136,5.0,0.0,-0.05,24.28840806712074,8.679967148859623,15.0
166.4,24.154263,8.636293,21.654938,5.0,0.0,0.05,24.291390568910767,8.68101872074846,15.0
166.5,24.158386,8.64052,23.243248,5.0,0.0,0.05,24.294368408457906,8.68206603627251,15.0
166.60000000000002,24.162523,8.645419,21.349205,0.59151024,0.0009859733,0.049694963,24.297341538116793,8.683109088886052,15.0
166.70000000000002,24.16639,8.650317,19.563951,0.59151024,0.0009859733,0.049694963,24.300309910317413,8.684147872070014,15.0
166.8,24.169765,8.654175,14.696462,0.590151,0.0025285974,0.03929577,24.303273477565874,8.685182379332002,15.0
166.9,24.172443,8.658032,10.107912,0.590151,0.0025285974,0.03929577,24.30623219244516,8.686212604206348,15.0
167.0,24.176311,8.653041,10.263031,0.1,0.0,-0.049999528,24.309186007615903,8.687238540254153,15.0
167.10000000000002,24.180183,8.648049,10.416665,0.1,0.0,-0.049999528,24.312134875817122,8.688260181063319,15.0
167.20000000000002,24.184057,8.647173,10.568817,0.1,0.0,-0.008845942,24.315078749866984,8.689277520248593,15.0
167.3,24.187935,8.6462965,10.719489,0.1,0.0,-0.008845942,24.318017582663572,8.690290551451609,15.0
167.4,24.191816,8.651251,10.868678,0.1,0.0,0.049466502,24.320951327185618,8.691299268340925,15.0
167.5,24.195702,8.656205,11.016382,0.1,0.0,0.049466502,24.323879936493277,8.692303664612066,15.0
167.60000000000002,24.19959,8.660403,11.162619,0.1,0.0,0.04189936,24.326803363728864,8.693303733987555,15.0
167.70000000000002,24.203484,8.664601,11.307404,0.1,0.0,0.04189936,24.3297215621176,8.694299470216965,15.0
167.8,24.20738,8.667165,11.450757,0.1,0.0,0.025559427,24.33263448496838,8.695290867076945,15.0
167.9,24.21128,8.669728,11.592698,0.1,0.0,0.025559427,24.335542085674497,8.696277918371269,15.0
168.0,24.215185,8.672025,11.733241,0.1,0.0,0.022883877,24.338444317714398,8.697260617930871,15.0
168.10000000000002,24.219093,8.67432,11.872401,0.1,0.0,0.022883877,24.34134113465244,8.69823895961388,15.0
168.20000000000002,24.223005,8.676554,12.010192,0.1,0.0,0.022262577,24.344232490139603,8.699212937305663,15.0
168.3,24.226921,8.678787,12.146627,0.1,0.0,0.022262577,24.34711833791427,8.700182544918865,15.0
168.4,24.230839,8.679559,12.281726,0.1,0.0,0.007642706,24.349998631802936,8.70114777639344,15.0
168.5,24.23476,8.68033,12.415505,0.1,0.0,0.007642706,24.35287332572096,8.702108625696697,15.0
168.60000000000002,24.238686,8.682988,12.547973,0.1,0.0,0.026503602,24.3557423736733,8.703065086823328,15.0
168.70000000000002,24.242615,8.685646,12.679135,0.1,0.0,0.026503602,24.358605729755254,8.704017153795453,15.0
168.8,24.246546,8.687863,12.809008,0.1,0.0,0.022100871,24.36146334815318,8.70496482066266,15.0
168.9,24.25048,8.690081,12.937604,0.1,0.0,0.022100871,24.364315183145244,8.705908081502033,15.0
169.0,24.25442,8.691973,13.064938,0.1,0.0,0.018851135,24.367161189102152,8.706846930418195,15.0
169.10000000000002,24.25836,8.693865,13.191022,0.1,0.0,0.018851135,24.37000132048787,8.707781361543342,15.0
169.20000000000002,24.262304,8.6955185,13.315871,0.1,0.0,0.016469384,24.37283553186035,8.708711369037282,15.0
169.3,24.266253,8.697172,13.439497,0.1,0.0,0.016469384,24.375663777872273,8.709636947087475,15.0
169.4,24.270203,8.698766,13.561913,0.1,0.0,0.015862858,24.378486013271765,8.710558089909057,15.0
169.5,24.274157,8.700359,13.68313,0.1,0.0,0.015862858,24.38130219290312,8.71147479174489,15.0
169.60000000000002,24.276127,8.701602,14.517061,1.0489181,0.00018200533,0.01401787,24.384112271707522,8.712387046865592,15.0
169.70000000000002,24.278305,8.702844,15.268032,1.0489181,0.00018200533,0.01401787,24.38691620472377,8.713294849569568,15.0
169.8,24.280342,8.703916,15.596476,1.2073225,0.00043122508,0.012595815,24.389713947089,8.714198194183057,15.0
169.9,24.282473,8.704987,15.8876705,1.2073225,0.00043122508,0.012595815,24.39250545403939,8.715097075060157,15.0
170.0,24.284607,8.705947,15.629292,1.2073593,0.00068925315,0.011486301,24.395290680910886,8.715991486582867,15.0
170.10000000000002,24.286669,8.706906,15.400412,1.2073593,0.00068925315,0.011486301,24.39806958313992,8.716881423161116,15.0
170.20000000000002,24.288599,8.707809,14.76268,1.2073908,0.0009065331,0.010923424,24.400842116264123,8.717766879232803,15.0
170.3,24.290348,8.708713,14.1975765,1.2073908,0.0009065331,0.010923424,24.40360823592301,8.718647849263832,15.0
170.4,24.291697,8.7095375,13.838746,1.3305757,0.0009036994,0.010365155,24.406367897858733,8.719524327748143,15.0
170.5,24.292933,8.710362,13.524679,1.3305757,0.0009036994,0.010365155,24.409121057916764,8.720396309207747,15.0
170.60000000000002,24.29408,8.711135,13.311956,1.3305796,0.0008724642,0.009848751,24.41186767204659,8.721263788192763,15.0
170.70000000000002,24.295164,8.711907,13.125782,1.3305796,0.0008724642,0.009848751,24.414607696302454,8.722126759281451,15.0
170.8,24.296202,8.712633,13.030388,1.3305823,0.0008385263,0.009378774,24.417341086844022,8.722985217080245,15.0
170.9,24.297209,8.713358,12.94692,1.3305823,0.0008385263,0.009378774,24.4200677999371,8.723839156223784,15.0
171.0,24.298203,8.71404,12.944816,1.3305842,0.00080288894,0.008951704,24.422787791954345,8.724688571374955,15.0
171.10000000000002,24.299196,8.714722,12.943015,1.3305842,0.00080288894,0.008951704,24.425501019375936,8.725533457224913,15.0
171.20000000000002,24.300201,8.715364,13.014341,1.3305854,0.0007662784,0.008563807,24.428207438790295,8.726373808493124,15.0
171.3,24.30123,8.716007,13.076829,1.3305854,0.0007662784,0.008563807,24.430907006894767,8.727209619927399,15.0
171.4,24.30229,8.716615,13.205045,1.3305861,0.00072936446,0.008211776,24.433599680496325,8.728040886303914,15.0
171.5,24.30339,8.717222,13.317343,1.3305861,0.00072936446,0.008211776,24.43628541651224,8.728867602427261,15.0
171.60000000000002,24.304539,8.717797,13.488779,1.3305863,0.0006926481,0.00789277,24.438964171970802,8.729689763130464,15.0
171.70000000000002,24.30574,8.718372,13.638925,1.3305863,0.0006926481,0.00789277,24.441635904011978,8.730507363275024,15.0
171.8,24.307001,8.718918,13.842356,1.3305863,0.0006565094,0.0076038563,24.444300569888107,8.731320397750942,15.0
171.9,24.308325,8.719463,14.020522,1.3305863,0.0006565094,0.0076038563,24.4469581269646,8.732128861476752,15.0
172.0,24.309717,8.719982,14.258545,1.330586,0.00061532186,0.0073422175,24.449608532720596,8.732932749399565,15.0
172.10000000000002,24.311184,8.720501,14.467009,1.330586,0.00061532186,0.0073422175,24.45225174474966,8.733732056495077,15.0
172.20000000000002,24.31516,8.725507,14.579387,0.1,0.0,0.05,24.454887720760453,8.734526777767625,15.0
172.3,24.319141,8.730513,14.690646,0.1,0.0,0.05,24.45751641857742,8.735316908250203,15.0
172.4,24.323124,8.734788,14.8008,0.1,0.0,0.042694155,24.460137796141453,8.7361024430045,15.0
172.5,24.32711,8.739063,14.9098625,0.1,0.0,0.042694155,24.46275181151056,8.736883377120922,15.0
172.60000000000002,24.331099,8.743157,15.017845,0.1,0.0,0.040884692,24.465358422860557,8.737659705718636,15.0
172.70000000000002,24.33509,8.7472515,15.124758,0.1,0.0,0.040884692,24.467957588485717,8.738431423945592,15.0
172.8,24.339085,8.751186,15.230613,0.1,0.0,0.039293528,24.47054926679944,8.73919852697855,15.0
172.9,24.343082,8.755121,15.335421,0.1,0.0,0.039293528,24.473133416334935,8.739961010023123,15.0
173.0,24.342354,8.75727,18.491234,3.605204,0.0,0.028061982,24.475709995745863,8.74071886831379,15.0
173.10000000000002,24.344017,8.759417,20.691727,3.605204,0.0,0.028061982,24.478278963807007,8.741472097113942,15.0
173.20000000000002,24.347353,8.759903,22.686052,5.0,0.0,0.014117987,24.480840279414934,8.7422206917159,15.0
173.3,24.352648,8.760389,23.89736,5.0,0.0,0.014117987,24.48339390158865,8.742964647440953,15.0
173.4,24.359127,8.760454,24.634054,5.0,0.0,0.009914186,24.485939789470248,8.743703959639376,15.0
173.5,24.366323,8.760519,25.083078,5.0,0.0,0.009914186,24.488477902325585,8.744438623690472,15.0
173.60000000000002,24.372932,8.761821,25.292372,3.5679367,0.0,0.019560935,24.491008199544904,8.745168635002594,15.0
173.70000000000002,24.379696,8.763122,25.440142,3.5679367,0.0,0.019560935,24.493530640643502,8.745893989013172,15.0
173.8,24.387665,8.759115,25.578281,5.0,0.0,-0.030796316,24.496045185262386,8.746614681188749,15.0
173.9,24.395748,8.755114,25.665417,5.0,0.0,-0.030796316,24.498551793168883,8.747330707024997,15.0
174.0,24.403906,8.757103,25.720861,5.0,0.0,0.029098356,24.501050424257325,8.74804206204676,15.0
174.10000000000002,24.412117,8.759089,25.756449,5.0,0.0,0.029098356,24.50354103854967,8.748748741808068,15.0
174.20000000000002,24.420357,8.75967,25.78018,5.0,0.0,0.015058469,24.506023596196137,8.74945074189218,15.0
174.3,24.428614,8.76025,25.796875,5.0,0.0,0.015058469,24.508498057475865,8.750148057911593,15.0
174.4,24.436878,8.759693,25.809452,5.0,0.0,0.003685429,24.510964382797518,8.750840685508086,15.0
174.5,24.445145,8.759137,25.819653,5.0,0.0,0.003685429,24.51342253269995,8.751528620352738,15.0
174.60000000000002,24.453413,8.76027,25.828194,5.0,0.0,0.02058205,24.515872467852805,8.752211858145962,15.0
174.70000000000002,24.461685,8.761401,25.835548,5.0,0.0,0.02058205,24.518314149057186,8.75289039461752,15.0
174.8,24.469957,8.761658,25.842297,5.0,0.0,0.011839283,24.520747537246237,8.75356422552656,15.0
174.9,24.47823,8.761913,25.84877,5.0,0.0,0.011839283,24.5231725934858,8.754233346661646,15.0
175.0,24.486362,8.76187,25.854925,4.8323746,0.0,0.008533698,24.52558927897503,8.754897753840769,15.0
175.10000000000002,24.494492,8.761827,25.861069,4.8323746,0.0,0.008533698,24.527997555047012,8.755557442911389,15.0
175.20000000000002,24.499865,8.761591,21.700186,4.689923,0.0024570136,0.006320106,24.530397383169372,8.75621240975045,15.0
175.3,24.50134,8.761354,19.097197,4.689923,0.0024570136,0.006320106,24.53278872494492,8.756862650264413,15.0
175.4,24.50535,8.75636,12.820213,0.1,0.003,-0.05,24.535171542112234,8.757508160389275,15.0
175.5,24.509203,8.751366,6.605746,0.1,0.003,-0.05,24.53754579654629,8.758148936090599,15.0
175.60000000000002,24.498493,8.745455,14.188086,5.0,0.0,-0.05,24.53991145025907,8.758784973363541,15.0
175.70000000000002,24.495228,8.739551,18.788359,5.0,0.0,-0.05,24.542268465400163,8.759416268232869,15.0
175.8,24.499237,8.744294,13.3968315,0.101607464,0.0025835317,0.047381386,24.54461680425738,8.760042816752993,15.0
175.9,24.50311,8.749038,8.059811,0.101607464,0.0025835317,0.047381386,24.546956429257346,8.760664615007986,15.0
176.0,24.49383,8.74313,15.06937,5.0,0.0,-0.05,24.54928730296611,8.761281659111614,15.0
176.10000000000002,24.491428,8.737229,19.322418,5.0,0.0,-0.05,24.551609388089748,8.761893945207348,15.0
176.20000000000002,24.494728,8.742115,16.574514,0.7441878,0.001571393,0.0499915,24.553922647474945,8.762501469468404,15.0
176.3,24.497538,8.747,14.023637,0.7441878,0.001571393,0.0499915,24.556227044109598,8.76310422809776,15.0
176.4,24.50124,8.750729,8.194088,0.16441877,0.0028571393,0.037350323,24.55852254112341,8.763702217328174,15.0
176.5,24.504705,8.754457,2.4596112,0.16441877,0.0028571393,0.037350323,24.56080910178848,8.764295433422214,15.0
176.60000000000002,24.489937,8.748543,11.669571,5.0,0.0,-0.05,24.563086689519885,8.764883872672286,15.0
176.70000000000002,24.484215,8.742635,17.256517,5.0,0.0,-0.05,24.56535526787627,8.76546753140064,15.0
176.8,24.488258,8.747641,17.342299,0.1,0.0,0.05,24.56761480056043,8.766046405959417,15.0
176.9,24.492304,8.752646,17.427227,0.1,0.0,0.05,24.56986525141989,8.76662049273065,15.0
177.0,24.49627,8.757651,11.8075,0.10556071,0.0027,0.05,24.572106584447486,8.767189788126299,15.0
177.10000000000002,24.500088,8.762655,6.246782,0.10556071,0.0027,0.05,24.574338763781935,8.76775428858827,15.0
177.20000000000002,24.489069,8.75673,13.964872,5.0,0.0,-0.05,24.576561753708418,8.768313990588435,15.0
177.3,24.485626,8.750813,18.64745,5.0,0.0,-0.05,24.57877551865914,8.76886889062866,15.0
177.4,24.488886,8.755176,19.346218,1.0170009,0.0,0.045306135,24.580980023213908,8.769418985240822,15.0
177.5,24.492317,8.759538,19.977406,1.0170009,0.0,0.045306135,24.5831752321007,8.769964270986831,15.0
177.60000000000002,24.49637,8.760841,20.090094,0.19293408,0.0,0.01316021,24.58536111019622,8.770504744458654,15.0
177.70000000000002,24.50043,8.762145,20.20067,0.19293408,0.0,0.01316021,24.587537622526465,8.77104040227833,15.0
177.8,24.50437,8.760959,15.193014,0.1918235,0.00243,-0.011741162,24.589704734267286,8.771571241098004,15.0
177.9,24.508072,8.759772,10.280569,0.1918235,0.00243,-0.011741162,24.591862410744938,8.772097257599931,15.0
178.0,24.511942,8.764776,10.435837,0.1,0.0,0.049990542,24.59401061743664,8.77261844849651,15.0
178.10000000000002,24.515816,8.76978,10.589559,0.1,0.0,0.049990542,24.59614931997114,8.773134810530303,15.0
178.20000000000002,24.519693,8.774783,10.741751,0.1,0.0,0.049981236,24.59827848412924,8.773646340474048,15.0
178.3,24.523575,8.779786,10.892427,0.1,0.0,0.049981236,24.60039807584435,8.77415303513068,15.0
178.4,24.527462,8.784788,11.041604,0.1,0.0,0.049972806,24.60250806120306,8.774654891333366,15.0
178.5,24.531353,8.78979,11.189295,0.1,0.0,0.049972806,24.604608406445642,8.775151905945501,15.0
178.60000000000002,24.535248,8.794791,11.335516,0.1,0.0,0.049965166,24.60669907796662,8.775644075860747,15.0
178.70000000000002,24.539146,8.799792,11.480281,0.1,0.0,0.049965166,24.608780042315296,8.776131398003045,15.0
178.8,24.543049,8.804792,11.623605,0.1,0.0,0.049958237,24.61085126619628,8.776613869326631,15.0
178.9,24.546955,8.8097925,11.765502,0.1,0.0,0.049958237,24.612912716470035,8.777091486816062,15.0
179.0,24.550865,8.814792,11.905987,0.1,0.0,0.049951952,24.614964360153404,8.777564247486229,15.0
179.10000000000002,24.55478,8.819791,12.045073,0.1,0.0,0.049951952,24.61700616442013,8.778032148382382,15.0
179.20000000000002,24.558695,8.824789,12.182774,0.1,0.0,0.049946245,24.619038096601386,8.77849518658014,15.0
179.3,24.562614,8.829787,12.319104,0.1,0.0,0.049946245,24.621060124186304,8.778953359185515,15.0
179.4,24.561514,8.82952,15.25978,2.4436548,0.0,0.0021512934,24.623072214822486,8.779406663334932,15.0
179.5,24.562006,8.829253,17.562939,2.4436548,0.0,0.0021512934,24.62507433631652,8.779855096195238,15.0
179.60000000000002,24.562239,8.823245,20.834919,4.998446,0.0,-0.05,24.62706645663451,8.780298654963733,15.0
179.70000000000002,24.565666,8.817245,22.822609,4.998446,0.0,-0.05,24.62904854390257,8.780737336868174,15.0
179.8,24.571041,8.821245,24.030638,5.0,0.0,0.05,24.631020566407347,8.781171139166801,15.0
179.9,24.577608,8.82524,24.764484,5.0,0.0,0.05,24.632982492596526,8.781600059148353,15.0
180.0,24.584887,8.819237,25.21216,5.0,0.0,-0.05,24.634934291079322,8.782024094132078,15.0
180.10000000000002,24.592579,8.813241,25.48743,5.0,0.0,-0.05,24.63687593062701,8.78244324146776,15.0
180.20000000000002,24.597628,8.816873,25.535316,1.1810143,0.0,0.038479205,24.638807380173393,8.78285749853573,15.0
180.3,24.602692,8.820503,25.578047,1.1810143,0.0,0.038479205,24.640728608815323,8.783266862746883,15.0
180.4,24.61073,8.814506,25.714453,5.0,0.0,-0.05,24.64263958581318,8.783671331542694,15.0
180.5,24.618874,8.808516,25.801023,5.0,0.0,-0.05,24.64454028059137,8.784070902395232,15.0
180.60000000000002,24.626495,8.803695,24.99602,5.0,0.00051517575,-0.03837271,24.646430662738826,8.784465572807184,15.0
180.70000000000002,24.633303,8.798881,24.510809,5.0,0.00051517575,-0.03837271,24.648310702009464,8.784855340311859,15.0
180.8,24.637365,8.795622,20.895212,4.915834,0.002489456,-0.023031227,24.650180368322705,8.785240202473213,15.0
180.9,24.637909,8.792367,18.684246,4.915834,0.002489456,-0.023031227,24.65203963176392,8.785620156885855,15.0
181.0,24.636305,8.793967,17.331316,4.9157968,0.002489456,0.025511157,24.653888462584938,8.785995201175076,15.0
181.10000000000002,24.633394,8.795566,16.502422,4.9157968,0.002489456,0.025511157,24.655726831204504,8.786365332996848,15.0
181.20000000000002,24.629688,8.796739,15.993366,4.9150553,0.002489456,0.021264654,24.65755470820876,8.786730550037849,15.0
181.3,24.625496,8.79791,15.680427,4.9150553,0.002489456,0.021264654,24.659372064351714,8.787090850015472,15.0
181.4,24.625317,8.795521,15.619183,2.493818,0.0012376392,-0.01916437,24.661178870555702,8.787446230677846,15.0
181.5,24.625101,8.793134,15.571739,2.493818,0.0012376392,-0.01916437,24.66297509791187,8.787796689803839,15.0
181.60000000000002,24.628893,8.796814,15.798345,0.22069545,0.0,0.036995016,24.66476071768061,8.788142225203087,15.0
181.70000000000002,24.632698,8.800494,16.020018,0.22069545,0.0,0.036995016,24.66653570129205,8.788482834715994,15.0
181.8,24.628794,8.802599,15.017022,4.5220695,0.0027,0.029868444,24.668300020346493,8.788818516213748,15.0
181.9,24.62399,8.804702,14.377081,4.5220695,0.0027,0.029868444,24.670053646614864,8.789149267598345,15.0
182.0,24.618984,8.80595,13.984457,4.350768,0.002595408,0.021003418,24.671796552039183,8.78947508680259,15.0
182.10000000000002,24.61364,8.807198,13.728658,4.350768,0.002595408,0.021003418,24.673528708733002,8.78979597179011,15.0
182.20000000000002,24.611397,8.806213,17.550867,3.756967,0.0,-0.0025075371,24.67525008898185,8.790111920555379,15.0
182.3,24.612144,8.80523,20.176281,3.756967,0.0,-0.0025075371,24.67696066524368,8.790422931123715,15.0
182.4,24.614944,8.8039875,21.980282,3.7570329,0.0,-0.005117417,24.67866041014931,8.790729001551304,15.0
182.5,24.61915,8.802746,23.220465,3.7570329,0.0,-0.005117417,24.68034929650285,8.79103012992521,15.0
182.60000000000002,24.624525,8.8033495,24.17128,4.2946916,0.0,0.014411001,24.682027297282165,8.791326314363376,15.0
182.70000000000002,24.630726,8.803952,24.791636,4.2946916,0.0,0.014411001,24.68369438563927,8.791617553014655,15.0
182.8,24.636778,8.803063,25.110989,3.214871,0.0,-0.0026713512,24.685350534900795,8.791903844058803,15.0
182.9,24.643044,8.8021755,25.34397,3.214871,0.0,-0.0026713512,24.68699571856838,8.792185185706504,15.0
183.0,24.64993,8.802707,25.542265,3.8583658,0.0,0.01281128,24.688629910319122,8.792461576199374,15.0
183.10000000000002,24.65697,8.803238,25.678669,3.8583658,0.0,0.01281128,24.69025308400599,8.792733013809972,15.0
183.20000000000002,24.665012,8.807256,25.794306,5.0,0.0,0.05,24.69186521365824,8.792999496841814,15.0
183.3,24.673172,8.811269,25.865917,5.0,0.0,0.05,24.69346627348183,8.793261023629382,15.0
183.4,24.681396,8.809176,25.911621,5.0,0.0,-0.011039484,24.69505623785984,8.793517592538134,15.0
183.5,24.689651,8.807087,25.942278,5.0,0.0,-0.011039484,24.696635081352873,8.793769201964517,15.0
183.60000000000002,24.693916,8.804093,25.942846,0.10742217,0.0,-0.02996223,24.698202778699464,8.79401585033597,15.0
183.70000000000002,24.69818,8.8011,25.943462,0.10742217,0.0,-0.02996223,24.699759304816492,8.794257536110944,15.0
183.8,24.706024,8.7991905,25.966434,4.510742,0.0,-0.010315611,24.70130463479957,8.794494257778904,15.0
183.9,24.713879,8.797283,25.983622,4.510742,0.0,-0.010315611,24.702838743923454,8.794726013860338,15.0
184.0,24.719215,8.797177,21.841335,4.510742,0.00243,0.007685194,24.704361607642426,8.79495280290677,15.0
184.10000000000002,24.72079,8.797071,19.203217,4.510742,0.00243,0.007685194,24.705873201590705,8.795174623500776,15.0
184.20000000000002,24.7248,8.792508,12.926601,0.1,0.003,-0.045682415,24.70737350158282,8.795391474255972,15.0
184.3,24.728653,8.787945,6.712496,0.1,0.003,-0.045682415,24.708862483613995,8.795603353817041,15.0
184.4,24.717926,8.781988,14.308951,5.0,0.0,-0.05,24.710340123860554,8.79581026085974,15.0
184.5,24.714657,8.776039,18.917797,5.0,0.0,-0.05,24.711806398680288,8.796012194090899,15.0
184.60000000000002,24.718658,8.780507,12.644074,0.1,0.003,0.044627883,24.713261284612827,8.796209152248437,15.0
184.70000000000002,24.722504,8.784975,6.432779,0.1,0.003,0.044627883,24.71470475838003,8.796401134101364,15.0
184.8,24.7115,8.779022,14.138066,5.0,0.0,-0.05,24.716136796886346,8.796588138449795,15.0
184.9,24.708061,8.773076,18.812883,5.0,0.0,-0.05,24.717557377219187,8.796770164124956,15.0
185.0,24.71206,8.777778,12.540173,0.1,0.003,0.04696665,24.718966476649303,8.796947209989183,15.0
185.10000000000002,24.715904,8.782479,6.3298774,0.1,0.003,0.04696665,24.720364072631128,8.797119274935943,15.0
185.20000000000002,24.7048,8.776529,14.074253,5.0,0.0,-0.05,24.72175014280316,8.797286357889828,15.0
185.3,24.701298,8.770587,18.772764,5.0,0.0,-0.05,24.723124664988305,8.797448457806572,15.0
185.4,24.705296,8.775487,12.500416,0.1,0.003,0.048950233,24.724487617194235,8.797605573673051,15.0
185.5,24.709137,8.780387,6.2904787,0.1,0.003,0.048950233,24.725838977613748,8.79775770450729,15.0
185.60000000000002,24.697994,8.77444,14.048838,5.0,0.0,-0.05,24.7271787246251,8.797904849358474,15.0
185.70000000000002,24.694468,8.768499,18.755825,5.0,0.0,-0.05,24.728506836792377,8.798047007306947,15.0
185.8,24.698465,8.773504,12.483606,0.1,0.003,0.05,24.729823292865802,8.798184177464222,15.0
185.9,24.702307,8.778509,6.273797,0.1,0.003,0.05,24.731128071782113,8.798316358972984,15.0
186.0,24.691149,8.772564,14.037142,5.0,0.0,-0.05,24.732421152664873,8.798443551007104,15.0
186.10000000000002,24.687613,8.766626,18.747149,5.0,0.0,-0.05,24.733702514824813,8.798565752771628,15.0
186.20000000000002,24.691607,8.771631,12.476586,0.10155372,0.003,0.05,24.73497213776017,8.798682963502795,15.0
186.3,24.695442,8.776636,6.2693815,0.10155372,0.003,0.05,24.736230001157,8.798795182468043,15.0
186.4,24.684282,8.770694,14.032879,5.0,0.0,-0.05,24.737476084889522,8.798902408965999,15.0
186.5,24.680744,8.764758,18.742977,5.0,0.0,-0.05,24.738710369020414,8.7990046423265,15.0
186.60000000000002,24.684763,8.769763,14.417537,0.10156655,0.0020801825,0.05,24.739932833801163,8.799101881910588,15.0
186.70000000000002,24.688673,8.774768,10.135806,0.10156655,0.0020801825,0.05,24.741143459672358,8.799194127110514,15.0
186.8,24.692535,8.769773,10.293802,0.1,0.0,-0.05,24.742342227264007,8.799281377349748,15.0
186.9,24.696402,8.764778,10.450285,0.1,0.0,-0.05,24.74352911739586,8.799363632082976,15.0
187.0,24.700272,8.762802,10.605261,0.1,0.0,-0.019813335,24.74470411107769,8.799440890796104,15.0
187.10000000000002,24.704145,8.760826,10.758736,0.1,0.0,-0.019813335,24.745867189509635,8.799513153006266,15.0
187.20000000000002,24.708023,8.765831,10.910703,0.1,0.0,0.05,24.74701833408246,8.799580418261828,15.0
187.3,24.711905,8.770836,11.061157,0.1,0.0,0.05,24.74815752637787,8.799642686142375,15.0
187.4,24.71579,8.775377,11.2101145,0.1,0.0,0.04536662,24.749284748168826,8.799699956258738,15.0
187.5,24.719679,8.779919,11.357592,0.1,0.0,0.04536662,24.75039998141979,8.799752228252979,15.0
187.60000000000002,24.723572,8.783075,11.503608,0.1,0.0,0.031518243,24.751503208287065,8.799799501798395,15.0
187.70000000000002,24.727468,8.786232,11.648181,0.1,0.0,0.031518243,24.752594411119038,8.799841776599528,15.0
187.8,24.731369,8.788438,11.791328,0.1,0.0,0.022015965,24.753673572456485,8.799879052392162,15.0
187.9,24.735273,8.790644,11.933068,0.1,0.0,0.022015965,24.754740675032853,8.799911328943322,15.0
188.0,24.739182,8.792257,12.073415,0.1,0.0,0.016094748,24.755795701774524,8.799938606051281,15.0
188.10000000000002,24.743092,8.793871,12.212385,0.1,0.0,0.016094748,24.75683863580109,8.799960883545555,15.0
188.20000000000002,24.747005,8.793825,12.349997,0.1,0.0,-0.0005004127,24.757869460425624,8.79997816128691,15.0
188.3,24.750923,8.793779,12.486269,0.1,0.0,-0.0005004127,24.758888159154964,8.799990439167363,15.0
188.4,24.75365,8.794235,12.643067,0.5679311,0.00028648844,0.005446028,24.759894715689946,8.799997717110175,15.0
188.5,24.7564,8.794691,12.791307,0.5679311,0.00028648844,0.005446028,24.760889113925685,8.799999995069857,15.0
188.60000000000002,24.7589,8.795033,12.982196,0.678233,0.00033024175,0.004523557,24.76187133795184,8.799997273032176,15.0
188.70000000000002,24.76143,8.795375,13.160677,0.678233,0.00033024175,0.004523557,24.762841372052836,8.799989551014143,15.0
188.8,24.763819,8.795617,13.469615,0.75674504,0.00030816084,0.003686002,24.763799200708153,8.79997682906402,15.0
188.9,24.766262,8.795859,13.756158,0.75674504,0.00030816084,0.003686002,24.764744808592557,8.79995910726132,15.0
189.0,24.768713,8.796117,13.553721,0.75673723,0.00053689134,0.0038396316,24.765678180576334,8.799936385716801,15.0
189.10000000000002,24.771126,8.796374,13.36616,0.75673723,0.00053689134,0.0038396316,24.766599301725556,8.799908664572477,15.0
189.20000000000002,24.769709,8.7980385,12.992001,2.3293543,0.0015884639,0.02103883,24.76750815730231,8.799875944001604,15.0
189.3,24.7681,8.799702,12.695143,2.3293543,0.0015884639,0.02103883,24.768404732764914,8.799838224208683,15.0
189.4,24.767515,8.799411,12.479267,1.8701829,0.0012870099,0.0005820171,24.76928901376819,8.799795505429465,15.0
189.5,24.766838,8.79912,12.300161,1.8701829,0.0012870099,0.0005820171,24.770160986163656,8.799747787930944,15.0
189.60000000000002,24.766512,8.794636,11.235077,1.6343058,0.0016009858,-0.041831426,24.771020635999776,8.799695072011348,15.0
189.70000000000002,24.76578,8.7901535,10.330924,1.6343058,0.0016009858,-0.041831426,24.771867949522164,8.799637358000156,15.0
189.8,24.769646,8.795157,10.4874325,0.1,0.0,0.04999227,24.77270291317383,8.799574646258082,15.0
189.9,24.773518,8.800161,10.642383,0.1,0.0,0.04999227,24.773525513595366,8.79950693717707,15.0
190.0,24.777393,8.796165,10.795817,0.1,0.0,-0.03999866,24.77433573762519,8.799434231180303,15.0
190.10000000000002,24.781271,8.792171,10.947778,0.1,0.0,-0.03999866,24.77513357229973,8.799356528722193,15.0
190.20000000000002,24.78511,8.796473,7.775288,0.1,0.0015712674,0.042979173,24.775919004853648,8.799273830288382,15.0
190.3,24.788872,8.800775,4.634368,0.1,0.0015712674,0.042979173,24.77669202272004,8.799186136395733,15.0
190.4,24.77608,8.794802,13.062379,5.0,0.0,-0.05,24.77745261353064,8.799093447592332,15.0
190.5,24.771563,8.7888365,18.175325,5.0,0.0,-0.05,24.77820076511601,8.798995764457485,15.0
190.60000000000002,24.768667,8.792305,16.262407,5.0,0.003,0.04432088,24.77893646550574,8.798893087601712,15.0
190.70000000000002,24.763906,8.795769,15.099708,5.0,0.003,0.04432088,24.779659702928637,8.79878541766674,15.0
190.8,24.758018,8.79894,14.391835,5.0,0.003,0.041430473,24.780370465812922,8.79867275532551,15.0
190.9,24.75145,8.802107,13.959717,5.0,0.003,0.041430473,24.781068742786402,8.798555101282158,15.0
191.0,24.744473,8.80502,13.694797,5.0,0.003,0.038936272,24.781754522676657,8.798432456272023,15.0
191.10000000000002,24.737251,8.80793,13.531263,5.0,0.003,0.038936272,24.78242779451123,8.798304821061635,15.0
191.20000000000002,24.729885,8.81062,13.429223,5.0,0.003,0.03677172,24.78308854751778,8.798172196448714,15.0
191.3,24.722435,8.813307,13.364486,5.0,0.003,0.03677172,24.78373677112428,8.798034583262165,15.0
191.4,24.714987,8.815743,13.323001,4.97795,0.0029865,0.034257833,24.784372454959158,8.797891982362067,15.0
191.5,24.707514,8.818177,13.295008,4.97795,0.0029865,0.034257833,24.78499558885149,8.797744394639675,15.0
191.60000000000002,24.703112,8.819057,14.501634,3.9353113,0.0016650595,0.016609028,24.785606162831147,8.797591821017416,15.0
191.70000000000002,24.699696,8.819937,15.314689,3.9353113,0.0016650595,0.016609028,24.786204167128957,8.79743426244887,15.0
191.8,24.697088,8.820816,16.135185,3.9352863,0.0015097584,0.016618853,24.78678959217687,8.79727171991878,15.0
191.9,24.695152,8.821694,16.688097,3.9352863,0.0015097584,0.016618853,24.78736242860809,8.797104194443037,15.0
192.0,24.693419,8.820968,16.586891,3.935366,0.001779533,0.0005706424,24.78792266725725,8.796931687068673,15.0
192.10000000000002,24.691603,8.820242,16.51831,3.935366,0.001779533,0.0005706424,24.78847029916054,8.796754198873858,15.0
192.20000000000002,24.694035,8.816983,17.63556,1.2553611,0.0,-0.030259449,24.78900531555587,8.796571730967894,15.0
192.3,24.696793,8.813725,18.62146,1.2553611,0.0,-0.030259449,24.78952770788298,8.796384284491205,15.0
192.4,24.69968,8.8122015,18.495049,1.2553653,0.00049885525,-0.01293391,24.790037467783606,8.79619186061533,15.0
192.5,24.702528,8.810678,18.383911,1.2553653,0.00049885525,-0.01293391,24.7905345871016,8.795994460542918,15.0
192.60000000000002,24.703365,8.805799,21.379444,4.999599,0.0,-0.038929567,24.79101905788307,8.795792085507719,15.0
192.70000000000002,24.70713,8.800926,23.199026,4.999599,0.0,-0.038929567,24.791490872376485,8.795584736774575,15.0
192.8,24.71161,8.802271,23.636005,1.6888644,0.0,0.016591098,24.79195002303283,8.795372415639417,15.0
192.9,24.716259,8.803616,24.005487,1.6888644,0.0,0.016591098,24.792396502505696,8.79515512342925,15.0
193.0,24.72105,8.805465,24.317835,1.6881529,0.0,0.021639042,24.79283030365143,8.79493286150215,15.0
193.10000000000002,24.725964,8.807313,24.582056,1.6881529,0.0,0.021639042,24.79325141952922,8.794705631247254,15.0
193.20000000000002,24.73202,8.809638,25.014547,3.5732534,0.0,0.030226521,24.793659843401223,8.794473434084749,15.0
193.3,24.7384,8.811961,25.3181,3.5732534,0.0,0.030226521,24.79405556873266,8.794236271465866,15.0
193.4,24.745007,8.815253,25.531326,3.5714085,0.0,0.039945297,24.794438589191934,8.793994144872872,15.0
193.5,24.751776,8.8185425,25.68144,3.5714085,0.0,0.039945297,24.794808898650732,8.79374705581906,15.0
193.60000000000002,24.75866,8.822115,25.787361,3.5699563,0.0,0.042798877,24.79516649118411,8.79349500584873,15.0
193.70000000000002,24.765625,8.825684,25.862404,3.5699563,0.0,0.042798877,24.795511361070588,8.793237996537197,15.0
193.8,24.772648,8.829076,25.915855,3.5688348,0.0,0.041062474,24.795843502792263,8.792976029490768,15.0
193.9,24.779713,8.832465,25.954243,3.5688348,0.0,0.041062474,24.79616291103487,8.792709106346736,15.0
194.0,24.785252,8.835672,22.692183,3.567988,0.0018406262,0.039263558,24.796469580687884,8.79243722877337,15.0
194.10000000000002,24.788347,8.838877,20.409237,3.567988,0.0018406262,0.039263558,24.7967635068446,8.792160398469903,15.0
194.20000000000002,24.792467,8.83388,20.465374,0.1,0.0,-0.05,24.797044684802202,8.791878617166526,15.0
194.3,24.796587,8.828884,20.521013,0.1,0.0,-0.05,24.797313110061854,8.791591886624367,15.0
194.4,24.800634,8.823888,14.602103,0.1,0.0028248366,-0.05,24.797568778328753,8.791300208635496,15.0
194.5,24.804533,8.818892,8.7421465,0.1,0.0028248366,-0.05,24.79781168551221,8.791003585022896,15.0
194.60000000000002,24.795813,8.812896,15.555915,5.0,0.0,-0.05,24.798041827725726,8.790702017640463,15.0
194.70000000000002,24.793777,8.806908,19.690315,5.0,0.0,-0.05,24.798259201287017,8.790395508372995,15.0
194.8,24.797798,8.809749,13.409317,0.1,0.003,0.028365849,24.79846380271812,8.790084059136172,15.0
194.9,24.801662,8.81259,7.1908283,0.1,0.003,0.028365849,24.798655628745415,8.789767671876552,15.0
195.0,24.791403,8.8066025,14.614991,5.0,0.0,-0.05,24.798834676299684,8.789446348571554,15.0
195.10000000000002,24.78843,8.800622,19.11941,5.0,0.0,-0.05,24.799000942516177,8.789120091229446,15.0
195.20000000000002,24.792435,8.802464,12.844092,0.1,0.003,0.01837339,24.79915442473463,8.788788901889337,15.0
195.3,24.796286,8.804305,6.631234,0.1,0.003,0.01837339,24.79929512049934,8.788452782621158,15.0
195.4,24.785458,8.798327,14.275715,5.0,0.0,-0.05,24.799423027559175,8.788111735525655,15.0
195.5,24.782133,8.792357,18.913685,5.0,0.0,-0.05,24.799538143867622,8.78776576273437,15.0
195.60000000000002,24.786135,8.797362,12.640408,0.1,0.003,0.05,24.799640467582826,8.787414866409634,15.0
195.70000000000002,24.78998,8.802366,6.4295497,0.1,0.003,0.05,24.799729997067605,8.787059048744544,15.0
195.8,24.778954,8.7963915,14.151902,5.0,0.0,-0.05,24.79980673088949,8.786698311962962,15.0
195.9,24.775509,8.790424,18.837076,5.0,0.0,-0.05,24.799870667820745,8.786332658319491,15.0
196.0,24.77953,8.795429,14.234162,0.1,0.0022105097,0.05,24.79992180683838,8.785962090099465,15.0
196.10000000000002,24.783436,8.800434,9.677048,0.1,0.0022105097,0.05,24.79996014712417,8.785586609618935,15.0
196.20000000000002,24.775602,8.794461,16.12147,5.0,0.0,-0.05,24.799985688064673,8.785206219224653,15.0
196.3,24.77409,8.788496,20.031954,5.0,0.0,-0.05,24.799998429251232,8.784820921294056,15.0
196.4,24.778128,8.792193,14.511985,0.1,0.0026385204,0.0369257,24.799998370479987,8.784430718235255,15.0
196.5,24.782028,8.795891,9.046948,0.1,0.0026385204,0.0369257,24.799985511751885,8.784035612487019,15.0
196.60000000000002,24.773563,8.789924,15.739691,5.0,0.0,-0.05,24.79995985327266,8.783635606518757,15.0
196.70000000000002,24.771666,8.783964,19.800703,5.0,0.0,-0.05,24.79992139545285,8.783230702830506,15.0
196.8,24.775698,8.787833,14.241747,0.1,0.0026580477,0.0386453,24.799870138907774,8.78282090395291,15.0
196.9,24.77959,8.791702,8.73811,0.1,0.0026580477,0.0386453,24.79980608445754,8.782406212447215,15.0
197.0,24.770813,8.785741,15.55251,5.0,0.0,-0.05,24.79972923312702,8.781986630905237,15.0
197.10000000000002,24.76872,8.779787,19.68727,5.0,0.0,-0.05,24.79963958614583,8.781562161949363,15.0
197.20000000000002,24.772755,8.783576,14.582788,0.1,0.0024436836,0.037839204,24.799537144948317,8.78113280823252,15.0
197.3,24.776663,8.787365,9.529105,0.1,0.0024436836,0.037839204,24.799421911173546,8.780698572438169,15.0
197.4,24.768652,8.781409,16.032757,5.0,0.0,-0.05,24.79929388666525,8.78025945728028,15.0
197.5,24.767021,8.77546,19.979134,5.0,0.0,-0.05,24.799153073471818,8.779815465503324,15.0
197.60000000000002,24.771059,8.779649,14.585765,0.1,0.0025789172,0.04183723,24.79899947384626,8.779366599882247,15.0
197.70000000000002,24.774963,8.783837,9.246066,0.1,0.0025789172,0.04183723,24.798833090246163,8.778912863222459,15.0
197.8,24.766666,8.777885,15.861297,5.0,0.0,-0.05,24.798653925333667,8.77845425835981,15.0
197.9,24.764858,8.771941,19.87531,5.0,0.0,-0.05,24.7984619819754,8.77799078816058,15.0
198.0,24.768892,8.776233,14.482867,0.1,0.0025789703,0.042861328,24.79825726324246,8.777522455521456,15.0
198.10000000000002,24.772793,8.780523,9.144084,0.1,0.0025789703,0.042861328,24.798039772410334,8.777049263369518,15.0
198.20000000000002,24.764387,8.774576,15.79954,5.0,0.0,-0.05,24.797809512958874,8.776571214662212,15.0
198.3,24.762512,8.768636,19.837934,5.0,0.0,-0.05,24.79756648857223,8.776088312387342,15.0
198.4,24.76655,8.77281,14.977391,0.101584114,0.002328284,0.041690607,24.79731070313878,8.775600559563047,15.0
198.5,24.770466,8.776983,10.165978,0.101584114,0.002328284,0.041690607,24.797042160751094,8.77510795923778,15.0
198.60000000000002,24.774328,8.771988,10.324272,0.1,0.0,-0.05,24.796760865705835,8.77461051449029,15.0
198.70000000000002,24.778193,8.766993,10.48105,0.1,0.0,-0.05,24.796466822503724,8.774108228429604,15.0
198.8,24.78206,8.765496,10.636315,0.1,0.0,-0.01501442,24.796160035849443,8.773601104195013,15.0
198.9,24.785933,8.764,10.790073,0.1,0.0,-0.01501442,24.795840510651573,8.773089144956037,15.0
199.0,24.789808,8.768209,10.942323,0.1,0.0,0.042047624,24.79550825202251,8.772572353912423,15.0
199.10000000000002,24.793688,8.772419,11.0930605,0.1,0.0,0.042047624,24.79516326527839,8.772050734294112,15.0
199.20000000000002,24.797571,8.775543,11.242306,0.1,0.0,0.031192906,24.794805555938986,8.771524289361224,15.0
199.3,24.801458,8.778667,11.390077,0.1,0.0,0.031192906,24.794435129727642,8.77099302240404,15.0
199.4,24.805264,8.780862,11.580935,0.13064425,0.0,0.021953192,24.79405199257117,8.770456936742974,15.0
199.5,24.809074,8.783056,11.769335,0.13064425,0.0,0.021953192,24.79365615059976,8.769916035728563,15.0
199.60000000000002,24.811016,8.781529,8.98184,0.7155978,0.0018414172,-0.014117216,24.793247610146867,8.769370322741434,15.0
199.70000000000002,24.812475,8.780003,6.386999,0.7155978,0.0018414172,-0.014117216,24.792826377749137,8.768819801192294,15.0
199.8,24.801317,8.7740555,14.137969,5.0,0.0,-0.05,24.792392460146278,8.768264474521898,15.0
199.9,24.79777,8.768116,18.840466,5.0,0.0,-0.05,24.791945864280958,8.767704346201036,15.0
200.0,24.801767,8.773121,12.568178,0.1,0.003,0.05,24.791486597298707,8.76713941973051,15.0
200.10000000000002,24.805609,8.778126,6.3583007,0.1,0.003,0.05,24.79101466654778,8.766569698641108,15.0
200.20000000000002,24.794424,8.7721815,14.118968,5.0,0.0,-0.05,24.790530079579067,8.765995186493585,15.0
200.3,24.79086,8.766244,18.827343,5.0,0.0,-0.05,24.790032844145944,8.76541588687864,15.0
200.4,24.794855,8.771249,12.555146,0.1,0.003,0.05,24.78952296820417,8.764831803416895,15.0
200.5,24.798697,8.776254,6.345358,0.1,0.003,0.05,24.789000459911747,8.764242939758866,15.0
200.60000000000002,24.787502,8.770311,14.109516,5.0,0.0,-0.05,24.788465327628796,8.763649299584952,15.0
200.70000000000002,24.78393,8.764377,18.820005,5.0,0.0,-0.05,24.787917579917426,8.763050886605402,15.0
200.8,24.787926,8.7693815,12.547841,0.1,0.003,0.05,24.787357225541584,8.762447704560294,15.0
200.9,24.791767,8.774386,6.3380847,0.1,0.003,0.05,24.78678427346693,8.761839757219514,15.0
201.0,24.780567,8.768447,14.103498,5.0,0.0,-0.05,24.78619873286069,8.761227048382732,15.0
201.10000000000002,24.77699,8.762514,18.814749,5.0,0.0,-0.05,24.785600613091493,8.760609581879375,15.0
201.20000000000002,24.780987,8.767519,12.542596,0.1,0.003,0.05,24.784989923729245,8.759987361568609,15.0
201.3,24.784828,8.772524,6.332851,0.1,0.003,0.05,24.784366674544966,8.759360391339305,15.0
201.4,24.773624,8.766586,14.098715,5.0,0.0,-0.05,24.783730875510628,8.758728675110028,15.0
201.5,24.770044,8.760656,18.810236,5.0,0.0,-0.05,24.783082536798997,8.758092216829,15.0
201.60000000000002,24.77404,8.765661,12.538087,0.1,0.003,0.05,24.782421668783485,8.757451020474086,15.0
201.70000000000002,24.777882,8.770666,6.3283463,0.1,0.003,0.05,24.781748282037967,8.75680509005276,15.0
201.8,24.766676,8.76473,14.094371,5.0,0.0,-0.05,24.78106238733661,8.756154429602084,15.0
201.9,24.763094,8.758802,18.805988,5.0,0.0,-0.05,24.780363995653722,8.755499043188685,15.0
202.0,24.76709,8.763807,12.533841,0.1,0.003,0.05,24.779653118163548,8.754838934908726,15.0
202.10000000000002,24.770931,8.768812,6.324102,0.1,0.003,0.05,24.77892976624012,8.754174108887879,15.0
202.20000000000002,24.759722,8.762879,14.090182,5.0,0.0,-0.05,24.778193951457045,8.753504569281308,15.0
202.3,24.756138,8.756954,18.801832,5.0,0.0,-0.05,24.77744568558735,8.752830320273631,15.0
202.4,24.760134,8.76196,12.529685,0.1,0.003,0.05,24.776684980603267,8.752151366078902,15.0
202.5,24.763975,8.766965,6.3199463,0.1,0.003,0.05,24.77591184867607,8.751467710940585,15.0
202.60000000000002,24.752764,8.761034,14.086044,5.0,0.0,-0.05,24.775126302175842,8.75077935913152,15.0
202.70000000000002,24.749176,8.755111,18.797705,5.0,0.0,-0.05,24.77432835367132,8.750086314953904,15.0
202.8,24.753172,8.760117,12.5255575,0.1,0.003,0.05,24.773518015929653,8.749388582739263,15.0
202.9,24.757013,8.765121,6.315819,0.1,0.003,0.05,24.772695301916237,8.748686166848419,15.0
203.0,24.7458,8.759193,14.081921,5.0,0.0,-0.05,24.771860224794473,8.747979071671468,15.0
203.10000000000002,24.74221,8.753272,18.793581,5.0,0.0,-0.05,24.77101279792558,8.747267301627755,15.0
203.20000000000002,24.746206,8.758278,12.521434,0.1,0.003,0.05,24.770153034868365,8.746550861165838,15.0
203.3,24.750048,8.763283,6.311695,0.1,0.003,0.05,24.769280949379024,8.74582975476347,15.0
203.4,24.738832,8.757357,14.077798,5.0,0.0,-0.05,24.768396555410906,8.745103986927562,15.0
203.5,24.73524,8.751438,18.789457,5.0,0.0,-0.05,24.767499867114292,8.744373562194161,15.0
203.60000000000002,24.739237,8.756444,12.51731,0.1,0.003,0.05,24.766590898836178,8.74363848512842,15.0
203.70000000000002,24.743078,8.76145,6.3075714,0.1,0.003,0.05,24.765669665120036,8.742898760324568,15.0
203.8,24.731861,8.755527,14.073672,5.0,0.0,-0.05,24.764736180705587,8.742154392405881,15.0
203.9,24.728268,8.74961,18.78533,5.0,0.0,-0.05,24.76379046052856,8.741405386024658,15.0
204.0,24.732264,8.754616,12.513183,0.1,0.003,0.05,24.762832519720458,8.740651745862186,15.0
204.10000000000002,24.736103,8.759622,6.303444,0.1,0.003,0.05,24.761862373608317,8.739893476628712,15.0
204.20000000000002,24.724884,8.7537,14.069541,5.0,0.0,-0.05,24.76088003771445,8.73913058306342,15.0
204.3,24.721289,8.7477865,18.781195,5.0,0.0,-0.05,24.75988552775621,8.738363069934389,15.0
204.4,24.725285,8.752792,12.5090475,0.1,0.003,0.05,24.75887885964574,8.737590942038572,15.0
204.5,24.729124,8.757798,6.299309,0.1,0.003,0.05,24.757860049489704,8.736814204201771,15.0
204.60000000000002,24.717901,8.751879,14.065403,5.0,0.0,-0.05,24.756829113589042,8.736032861278591,15.0
204.70000000000002,24.714304,8.745967,18.777054,5.0,0.0,-0.05,24.75578606843871,8.735246918152425,15.0
204.8,24.7183,8.750973,12.504907,0.1,0.003,0.05,24.75473093072741,8.734456379735413,15.0
204.9,24.72214,8.755979,6.295168,0.1,0.003,0.05,24.75366371733731,8.733661250968419,15.0
205.0,24.710915,8.750062,14.061259,5.0,0.0,-0.05,24.752584445343818,8.732861536820995,15.0
205.10000000000002,24.707315,8.744152,18.772907,5.0,0.0,-0.05,24.751493132015256,8.73205724229135,15.0
205.20000000000002,24.711348,8.749158,15.432165,0.1,0.0016138828,0.05,24.75038979481261,8.731248372406325,15.0
205.3,24.715298,8.754164,12.124664,0.1,0.0016138828,0.05,24.749274451389255,8.730434932221353,15.0
205.4,24.719133,8.75917,6.211808,0.1,0.0028613883,0.05,24.748147119590666,8.729616926820432,15.0
205.5,24.722822,8.764174,0.35778403,0.1,0.0028613883,0.05,24.747007817454122,8.728794361316092,15.0
205.60000000000002,24.705788,8.758247,10.455887,5.0,0.0,-0.05,24.745856563208434,8.727967240849368,15.0
205.70000000000002,24.698675,8.752328,16.58122,5.0,0.0,-0.05,24.744693375273645,8.727135570589757,15.0
205.8,24.697788,8.749061,20.106686,4.670726,0.0,-0.024153981,24.743518272260744,8.726299355735199,15.0
205.9,24.700178,8.745797,22.318192,4.670726,0.0,-0.024153981,24.74233127297134,8.72545860151203,15.0
206.0,24.70164,8.74132,19.254189,4.9670725,0.0027,-0.035784703,24.74113239639741,8.724613313174963,15.0
206.10000000000002,24.70009,8.736848,17.389894,4.9670725,0.0027,-0.035784703,24.739921661720953,8.723763496007049,15.0
206.20000000000002,24.697021,8.740257,16.60927,4.924332,0.0024696405,0.042943552,24.738699088313687,8.72290915531964,15.0
206.3,24.693207,8.743663,16.13021,4.924332,0.0024696405,0.042943552,24.73746469573677,8.722050296452363,15.0
206.4,24.694857,8.742948,17.688381,1.7117231,0.0,-0.0042113634,24.736218503740453,8.721186924773084,15.0
206.5,24.697117,8.742233,19.001717,1.7117231,0.0,-0.0042113634,24.73496053226378,8.720319045677872,15.0
206.60000000000002,24.695576,8.741961,17.042057,4.669092,0.0027,0.005695803,24.73369080143427,8.71944666459097,15.0
206.70000000000002,24.69221,8.741689,15.812471,4.669092,0.0027,0.005695803,24.73240933156759,8.718569786964757,15.0
206.8,24.6877,8.742064,15.040511,4.669407,0.0027,0.012172141,24.73111614316723,8.717688418279714,15.0
206.9,24.682478,8.742439,14.554962,4.669407,0.0027,0.012172141,24.72981125692418,8.716802564044393,15.0
207.0,24.67681,8.743204,14.249057,4.669667,0.0027,0.01607526,24.728494693716584,8.715912229795379,15.0
207.10000000000002,24.670864,8.743968,14.05543,4.669667,0.0027,0.01607526,24.72716647460943,8.71501742109726,15.0
207.20000000000002,24.664745,8.744926,13.932342,4.66989,0.0027,0.018036641,24.725826620854196,8.714118143542587,15.0
207.3,24.658522,8.745884,13.853214,4.66989,0.0027,0.018036641,24.724475153888513,8.713214402751841,15.0
207.4,24.652233,8.746887,13.801811,4.6700807,0.0027,0.018502045,24.723112095335825,8.7123062043734,15.0
207.5,24.645905,8.7478895,13.76759,4.6700807,0.0027,0.018502045,24.721737467005035,8.7113935540835,15.0
207.60000000000002,24.639553,8.748781,13.744307,4.6702447,0.0027,0.017410101,24.72035129089017,8.710476457586203,15.0
207.70000000000002,24.633188,8.749672,13.727729,4.6702447,0.0027,0.017410101,24.71895358917002,8.709554920613359,15.0
207.8,24.626818,8.750278,13.715525,4.6703854,0.0027,0.014582273,24.71754438420778,8.70862894892457,15.0
207.9,24.620443,8.750885,13.705955,4.6703854,0.0027,0.014582273,24.7161236985507,8.707698548307159,15.0
208.0,24.619377,8.745384,16.709166,2.8073804,0.0,-0.05,24.714691554929722,8.706763724576122,15.0
208.10000000000002,24.620138,8.739887,18.978106,2.8073804,0.0,-0.05,24.71324797625911,8.705824483574109,15.0
208.20000000000002,24.622278,8.734394,20.692923,2.8076422,0.0,-0.05,24.711792985636094,8.704880831171371,15.0
208.3,24.625456,8.728905,21.989292,2.8076422,0.0,-0.05,24.710326606340494,8.703932773265732,15.0
208.4,24.629417,8.725334,22.969664,2.8076613,0.0,-0.030841297,24.708848861834348,8.702980315782552,15.0
208.5,24.63397,8.721766,23.711369,2.8076613,0.0,-0.030841297,24.70735977576153,8.702023464674687,15.0
208.60000000000002,24.638975,8.718561,24.276884,2.8307197,0.0,-0.027203484,24.70585937194739,8.701062225922453,15.0
208.70000000000002,24.64432,8.715358,24.704424,2.8307197,0.0,-0.027203484,24.704347674398363,8.700096605533588,15.0
208.8,24.651144,8.709492,25.221226,5.0,0.0,-0.05,24.702824707301566,8.699126609543217,15.0
208.9,24.658451,8.703633,25.538284,5.0,0.0,-0.05,24.70129049502445,8.698152244013814,15.0
209.0,24.666054,8.704027,25.733454,5.0,0.0,0.01249035,24.69974506211437,8.697173515035157,15.0
209.10000000000002,24.673841,8.70442,25.85406,5.0,0.0,0.01249035,24.698188433298228,8.696190428724302,15.0
209.20000000000002,24.68174,8.703868,25.929583,5.0,0.0,0.0030368802,24.69662063348205,8.695202991225532,15.0
209.3,24.689703,8.703317,25.977879,5.0,0.0,0.0030368802,24.695041687750592,8.694211208710332,15.0
209.4,24.696554,8.703507,26.001532,3.502014,0.0,0.0078174,24.693451621366957,8.693215087377336,15.0
209.5,24.703419,8.703697,26.019684,3.502014,0.0,0.0078174,24.691850459772176,8.6922146334523,15.0
209.60000000000002,24.710127,8.707721,26.032848,3.283162,0.0,0.04578174,24.6902382285848,8.69120985318806,15.0
209.70000000000002,24.716846,8.7117405,26.043062,3.283162,0.0,0.04578174,24.68861495360049,8.690200752864486,15.0
209.8,24.723577,8.715757,26.051155,3.283671,0.0,0.04578174,24.686980660791612,8.689187338788454,15.0
209.9,24.730316,8.71977,26.057724,3.283671,0.0,0.04578174,24.685335376306817,8.688169617293797,15.0
210.0,24.737572,8.722539,26.064281,3.9341884,0.0,0.034535788,24.683679126470626,8.687147594741274,15.0
210.10000000000002,24.744833,8.725305,26.069937,3.9341884,0.0,0.034535788,24.682011937782992,8.686121277518518,15.0
210.20000000000002,24.752108,8.726452,26.07517,3.9482524,0.0,0.018396555,24.680333836918905,8.685090672040014,15.0
210.3,24.759382,8.727598,26.080252,3.9482524,0.0,0.018396555,24.678644850727938,8.684055784747038,15.0
210.4,24.766657,8.727513,26.08536,3.9482126,0.0,0.0060851765,24.67694500623384,8.683016622107635,15.0
210.5,24.77393,8.727428,26.090597,3.9482126,0.0,0.0060851765,24.675234330634083,8.681973190616567,15.0
210.60000000000002,24.781199,8.726437,26.096018,3.9482772,0.0,-0.002983022,24.673512851299442,8.680925496795277,15.0
210.70000000000002,24.788464,8.725446,26.10164,3.9482772,0.0,-0.002983022,24.671780595773548,8.679873547191848,15.0
210.8,24.795723,8.723586,26.107492,3.948299,0.0,-0.01168903,24.670037591772452,8.678817348380964,15.0
210.9,24.802977,8.721728,26.113573,3.948299,0.0,-0.01168903,24.66828386718418,8.677756906963861,15.0
211.0,24.810225,8.719707,26.119825,3.9484487,0.0,-0.013350535,24.666519450068293,8.676692229568296,15.0
211.10000000000002,24.817467,8.717687,26.126205,3.9484487,0.0,-0.013350535,24.664744368655423,8.675623322848498,15.0
211.20000000000002,24.824703,8.715806,26.132658,3.9487178,0.0,-0.0119772665,24.662958651346834,8.674550193485134,15.0
211.3,24.831934,8.713927,26.139143,3.9487178,0.0,-0.0119772665,24.66116232671397,8.673472848185254,15.0
211.4,24.83916,8.71269,26.145582,3.948981,0.0,-0.005573787,24.65935542349798,8.672391293682267,15.0
211.5,24.846384,8.711454,26.15193,3.948981,0.0,-0.005573787,24.657537970609283,8.671305536735883,15.0
211.60000000000002,24.853603,8.710101,26.158228,3.9492543,0.0,-0.0067579183,24.655709997127083,8.670215584132078,15.0
211.70000000000002,24.860819,8.708749,26.164501,3.9492543,0.0,-0.0067579183,24.653871532298915,8.669121442683055,15.0
211.8,24.868208,8.707287,26.171097,4.181971,0.0,-0.0074577737,24.652022605540182,8.668023119227193,15.0
211.9,24.875593,8.705827,26.177631,4.181971,0.0,-0.0074577737,24.65016324643367,8.66692062062901,15.0
212.0,24.882975,8.704722,26.184084,4.181971,0.0,-0.003909623,24.648293484729084,8.665813953779121,15.0
212.10000000000002,24.89035,8.70362,26.19045,4.181971,0.0,-0.003909623,24.646413350342574,8.664703125594187,15.0
212.20000000000002,24.897724,8.70291,26.196714,4.181971,0.0,9.839286e-06,24.644522873356248,8.66358814301688,15.0
212.3,24.905094,8.702201,26.202871,4.181971,0.0,9.839286e-06,24.642622084017695,8.662469013015842,15.0
212.4,24.90941,8.696661,20.759027,3.228103,0.003,-0.05,24.640711012739512,8.66134574258563,15.0
212.5,24.90996,8.691125,16.818306,3.228103,0.003,-0.05,24.638789690098793,8.660218338746677,15.0
212.60000000000002,24.905283,8.685289,15.503764,5.0,0.003,-0.05,24.63685814683666,8.659086808545256,15.0
212.70000000000002,24.899302,8.679461,14.705909,5.0,0.003,-0.05,24.63491641385776,8.657951159053429,15.0
212.8,24.892525,8.673639,14.221265,5.0,0.003,-0.05,24.632964522229784,8.656811397368998,15.0
212.9,24.885263,8.667826,13.926487,5.0,0.003,-0.05,24.63100250318296,8.655667530615471,15.0
213.0,24.877703,8.662019,13.746801,5.0,0.003,-0.05,24.629030388109545,8.654519565942014,15.0
213.10000000000002,24.869955,8.6562195,13.636881,5.0,0.003,-0.05,24.627048208563338,8.653367510523399,15.0
213.20000000000002,24.8621,8.65639,13.568483,5.0,0.003,0.009667668,24.62505599625917,8.65221137155997,15.0
213.3,24.854187,8.656561,13.524614,5.0,0.003,0.009667668,24.623053783072397,8.651051156277592,15.0
213.4,24.846235,8.65473,13.4958725,5.0,0.003,-0.010360269,24.62104160103839,8.649886871927608,15.0
213.5,24.838259,8.652901,13.476515,5.0,0.003,-0.010360269,24.61901948235201,8.648718525786789,15.0
213.60000000000002,24.830265,8.650735,13.462889,5.0,0.003,-0.013751434,24.61698745936712,8.647546125157294,15.0
213.70000000000002,24.82226,8.648572,13.452772,5.0,0.003,-0.013751434,24.614945564596045,8.646369677366627,15.0
213.8,24.814249,8.647363,13.444659,5.0,0.003,-0.00423839,24.61289383070905,8.64518918976758,15.0
213.9,24.806234,8.646154,13.437659,5.0,0.003,-0.00423839,24.610832290533846,8.644004669738198,15.0
214.0,24.79822,8.645677,13.431239,5.0,0.003,0.003055693,24.60876097705502,8.642816124681724,15.0
214.10000000000002,24.790205,8.6452,13.425093,5.0,0.003,0.003055693,24.606679923413548,8.641623562026565,15.0
214.20000000000002,24.782192,8.645271,13.419042,5.0,0.003,0.008533019,24.604589162906244,8.640426989226231,15.0
214.3,24.774183,8.645342,13.412991,5.0,0.003,0.008533019,24.602488728985232,8.6392264137593,15.0
214.4,24.766176,8.645944,13.406873,5.0,0.003,0.013845692,24.600378655257412,8.638021843129364,15.0
214.5,24.758175,8.646544,13.400658,5.0,0.003,0.013845692,24.598258975483912,8.636813284864983,15.0
214.60000000000002,24.750177,8.647179,13.3943815,5.0,0.003,0.014180189,24.59612972357957,8.635600746519646,15.0
214.70000000000002,24.742184,8.647812,13.388066,5.0,0.003,0.014180189,24.593990933612364,8.634384235671714,15.0
214.8,24.734194,8.64833,13.3817425,5.0,0.003,0.013033523,24.591842639802895,8.633163759924372,15.0
214.9,24.726208,8.648847,13.375428,5.0,0.003,0.013033523,24.589684876523815,8.631939326905593,15.0
215.0,24.718225,8.649073,13.369157,5.0,0.003,0.010132712,24.587517678299292,8.630710944268078,15.0
215.10000000000002,24.710245,8.649299,13.362945,5.0,0.003,0.010132712,24.585341079804447,8.629478619689213,15.0
215.20000000000002,24.702274,8.653509,13.356259,5.0,0.003,0.05,24.583155115864813,8.628242360871024,15.0
215.3,24.694317,8.657714,13.348862,5.0,0.003,0.05,24.580959821455767,8.627002175540126,15.0
215.4,24.686357,8.651919,13.342316,5.0,0.003,-0.05,24.578755231701972,8.62575807144767,15.0
215.5,24.678383,8.646132,13.33736,5.0,0.003,-0.05,24.576541381876815,8.624510056369306,15.0
215.60000000000002,24.670403,8.645537,13.3327,5.0,0.003,0.0018772454,24.574318307401846,8.623258138105122,15.0
215.70000000000002,24.662424,8.644943,13.32766,5.0,0.003,0.0018772454,24.572086043846213,8.622002324479604,15.0
215.8,24.654444,8.641155,13.322798,5.0,0.003,-0.030083993,24.569844626926084,8.620742623341583,15.0
215.9,24.646456,8.637372,13.318386,5.0,0.003,-0.030083993,24.567594092504077,8.619479042564185,15.0
216.0,24.638462,8.635015,13.314062,5.0,0.003,-0.01586967,24.565334476588703,8.61821159004479,15.0
216.10000000000002,24.630466,8.63266,13.309636,5.0,0.003,-0.01586967,24.56306581533376,8.616940273704968,15.0
216.20000000000002,24.62247,8.632457,13.3048725,5.0,0.003,0.005634201,24.560788145037787,8.615665101490444,15.0
216.3,24.61448,8.632254,13.299672,5.0,0.003,0.005634201,24.558501502143457,8.61438608137104,15.0
216.4,24.606487,8.63147,13.294282,5.0,0.003,-0.00018218691,24.556205923237005,8.613103221340628,15.0
216.5,24.598497,8.630687,13.288839,5.0,0.003,-0.00018218691,24.55390144504765,8.611816529417077,15.0
216.60000000000002,24.590511,8.632536,13.283029,5.0,0.003,0.026142886,24.551588104446985,8.61052601364221,15.0
216.70000000000002,24.582535,8.634383,13.276713,5.0,0.003,0.026142886,24.54926593844842,8.609231682081743,15.0
216.8,24.574554,8.629155,13.271,5.0,0.003,-0.04463057,24.54693498420656,8.607933542825249,15.0
216.9,24.56656,8.623933,13.26641,5.0,0.003,-0.04463057,24.54459527901662,8.60663160398609,15.0
217.0,24.559196,8.623356,14.0730505,4.964304,0.0024941796,0.0017236881,24.542246860313828,8.60532587370138,15.0
217.10000000000002,24.552626,8.622779,14.562352,4.964304,0.0024941796,0.0017236881,24.539889765672843,8.604016360131931,15.0
217.20000000000002,24.549877,8.622653,13.171229,3.0226295,0.0023850256,0.0032077194,24.537524032807124,8.602703071462196,15.0
217.3,24.546225,8.622528,12.142345,3.0226295,0.0023850256,0.0032077194,24.53514969956835,8.601386015900228,15.0
217.4,24.55013,8.617537,12.280223,0.1,0.0,-0.05,24.532766803945798,8.600065201677618,15.0
217.5,24.55404,8.612546,12.416787,0.1,0.0,-0.05,24.530375384065746,8.59874063704945,15.0
217.60000000000002,24.553125,8.607863,8.559661,1.6176261,0.003,-0.044605926,24.527975478190864,8.59741233029425,15.0
217.70000000000002,24.550766,8.603183,5.278851,1.6176261,0.003,-0.044605926,24.525567124719597,8.59608028971393,15.0
217.8,24.53827,8.597457,13.429855,5.0,0.0,-0.05,24.523150362185547,8.59474452363374,15.0
217.9,24.53378,8.591738,18.374704,5.0,0.0,-0.05,24.520725229256858,8.593405040402214,15.0
218.0,24.530745,8.594499,16.35983,5.0,0.003,0.034775674,24.518291764735615,8.592061848391115,15.0
218.10000000000002,24.525742,8.597256,15.135376,5.0,0.003,0.034775674,24.51585000755719,8.590714955995391,15.0
218.20000000000002,24.519547,8.598862,14.390227,5.0,0.003,0.023295894,24.513399996789648,8.589364371633117,15.0
218.3,24.51263,8.600466,13.935761,5.0,0.003,0.023295894,24.510941771633114,8.588010103745438,15.0
218.4,24.507011,8.5955305,16.22297,5.0,0.0014658441,-0.04212352,24.50847537141913,8.586652160796525,15.0
218.5,24.50363,8.590601,17.610676,5.0,0.0014658441,-0.04212352,24.506000835610052,8.585290551273516,15.0
218.60000000000002,24.500038,8.587567,16.144695,5.0,0.0028465844,-0.023219515,24.5035182037984,8.583925283686467,15.0
218.70000000000002,24.495,8.5845375,15.254586,5.0,0.0028465844,-0.023219515,24.501027515706227,8.582556366568296,15.0
218.8,24.489082,8.583311,14.704559,4.9999843,0.0028518282,-0.0052124555,24.498528811184492,8.58118380847473,15.0
218.9,24.482626,8.582086,14.369268,4.9999843,0.0028518282,-0.0052124555,24.496022130212417,8.579807617984253,15.0
219.0,24.476355,8.583836,14.175624,4.771915,0.002719091,0.024208492,24.493507512896837,8.578427803698052,15.0
219.10000000000002,24.469912,8.585584,14.053215,4.771915,0.002719091,0.024208492,24.49098499947158,8.577044374239959,15.0
219.20000000000002,24.464382,8.586462,14.16069,4.366503,0.0023834237,0.014940665,24.4884546302968,8.575657338256406,15.0
219.3,24.458956,8.587339,14.228516,4.366503,0.0023834237,0.014940665,24.48591644585836,8.574266704416363,15.0
219.4,24.456308,8.582604,11.367974,2.6597998,0.003,-0.043700047,24.483370486767157,8.572872481411286,15.0
219.5,24.451986,8.577873,9.1755085,2.6597998,0.003,-0.043700047,24.48081679375847,8.571474677955067,15.0
219.60000000000002,24.443348,8.572179,15.771739,5.0,0.0,-0.05,24.478255407691346,8.57007330278397,15.0
219.70000000000002,24.441183,8.566491,19.774061,5.0,0.0,-0.05,24.475686369547898,8.568668364656585,15.0
219.8,24.445206,8.57047,14.039934,0.1,0.0027404504,0.039687242,24.47310972043269,8.567259872353773,15.0
219.9,24.449087,8.574449,8.362868,0.1,0.0027404504,0.039687242,24.47052550157204,8.565847834678605,15.0
220.0,24.439644,8.568758,15.278465,5.0,0.0,-0.05,24.46793375431341,8.564432260456314,15.0
220.10000000000002,24.436987,8.563075,19.474384,5.0,0.0,-0.05,24.465334520124692,8.563013158534229,15.0
220.20000000000002,24.440996,8.566878,13.1943245,0.1,0.003,0.037929457,24.462727840593576,8.56159053778174,15.0
220.3,24.444849,8.570682,6.9767594,0.1,0.003,0.037929457,24.460113757426885,8.560164407090216,15.0
220.4,24.434036,8.564996,14.436815,5.0,0.0,-0.05,24.45749231244989,8.55873477537297,15.0
220.5,24.430548,8.559318,18.962786,5.0,0.0,-0.05,24.454863547605655,8.557301651565199,15.0
220.60000000000002,24.434544,8.564328,12.687787,0.1,0.003,0.05,24.45222750495436,8.555865044623918,15.0
220.70000000000002,24.438383,8.569339,6.4752254,0.1,0.003,0.05,24.449584226672638,8.554424963527918,15.0
220.8,24.42708,8.563655,14.130824,5.0,0.0,-0.05,24.44693375505288,8.552981417277701,15.0
220.9,24.423294,8.557979,18.775331,5.0,0.0,-0.05,24.444276132502573,8.551534414895427,15.0
221.0,24.427286,8.562895,12.502152,0.1,0.003,0.04905743,24.441611401543625,8.550083965424854,15.0
221.10000000000002,24.431122,8.567811,6.2913923,0.1,0.003,0.04905743,24.438939604811672,8.548630077931287,15.0
221.20000000000002,24.419641,8.562129,14.0174675,5.0,0.0,-0.05,24.43626078505541,8.54717276150152,15.0
221.3,24.415749,8.556455,18.704697,5.0,0.0,-0.05,24.43357498513589,8.545712025243775,15.0
221.4,24.41842,8.560787,13.176259,0.84477764,0.003,0.044265755,24.43088224802586,8.54424787828765,15.0
221.5,24.419975,8.565119,8.095586,0.84477764,0.003,0.044265755,24.428182616809053,8.542780329784055,15.0
221.60000000000002,24.410273,8.559441,15.109856,5.0,0.0,-0.05,24.42547613467951,8.541309388905166,15.0
221.70000000000002,24.407454,8.553769,19.365583,5.0,0.0,-0.05,24.42276284494089,8.539835064844358,15.0
221.8,24.411459,8.556378,13.086445,0.1,0.003,0.025983196,24.42004279100577,8.538357366816152,15.0
221.9,24.41531,8.558987,6.8697987,0.1,0.003,0.025983196,24.417316016394956,8.536876304056157,15.0
222.0,24.404388,8.553316,14.365942,5.0,0.0,-0.05,24.41458256473678,8.535391885821008,15.0
222.10000000000002,24.400827,8.547652,18.913778,5.0,0.0,-0.05,24.411842479766413,8.533904121388318,15.0
222.20000000000002,24.404823,8.551747,12.639118,0.1,0.003,0.04084055,24.40909580532516,8.532413020056605,15.0
222.3,24.408663,8.555841,6.4268966,0.1,0.003,0.04084055,24.40634258535974,8.53091859114525,15.0
222.4,24.397305,8.550175,14.095907,5.0,0.0,-0.05,24.40358286392163,8.52942084399443,15.0
222.5,24.393476,8.544515,18.748535,5.0,0.0,-0.05,24.40081668516631,8.527919787965057,15.0
222.60000000000002,24.396856,8.548127,12.817889,0.4383021,0.003,0.036481325,24.39804409335257,8.526415432438727,15.0
222.70000000000002,24.399601,8.55174,7.141576,0.4383021,0.003,0.036481325,24.395265132841832,8.52490778681766,15.0
222.8,24.388943,8.546078,14.52797,5.0,0.0,-0.05,24.392479848097402,8.523396860524633,15.0
222.9,24.385534,8.540423,19.009272,5.0,0.0,-0.05,24.389688283683775,8.52188266300293,15.0
223.0,24.389532,8.542972,12.733595,0.1,0.003,0.025371125,24.38689048426592,8.520365203716285,15.0
223.10000000000002,24.393373,8.54552,6.520376,0.1,0.003,0.025371125,24.38408649460857,8.518844492148808,15.0
223.20000000000002,24.382092,8.5398655,14.150566,5.0,0.0,-0.05,24.3812763595755,8.517320537804947,15.0
223.3,24.378302,8.534219,18.779652,5.0,0.0,-0.05,24.378460124128814,8.515793350209407,15.0
223.4,24.382294,8.537533,12.506241,0.1,0.003,0.03302977,24.375637833328216,8.514262938907107,15.0
223.5,24.38613,8.540847,6.2952604,0.1,0.003,0.03302977,24.372809532330297,8.512729313463113,15.0
223.60000000000002,24.37462,8.535198,14.012898,5.0,0.0,-0.05,24.36997526638781,8.511192483462578,15.0
223.70000000000002,24.37069,8.529557,18.69499,5.0,0.0,-0.05,24.36713508084896,8.509652458510686,15.0
223.8,24.374678,8.524569,12.422418,0.1,0.003,-0.05,24.364289021156647,8.50810924823259,15.0
223.9,24.37851,8.51958,6.212317,0.1,0.003,-0.05,24.361437132847765,8.506562862273343,15.0
224.0,24.366865,8.513958,13.965315,5.0,0.0,-0.05,24.358579461552466,8.505013310297857,15.0
224.10000000000002,24.362833,8.508344,18.668823,5.0,0.0,-0.05,24.355716052993436,8.503460601990826,15.0
224.20000000000002,24.363789,8.51206,14.121428,1.9043297,0.003,0.039353725,24.352846952985146,8.50190474705667,15.0
224.3,24.362778,8.515776,10.362138,1.9043297,0.003,0.039353725,24.349972207433133,8.50034575521948,15.0
224.4,24.366638,8.510787,10.516928,0.10000001,3.233026e-08,-0.049999822,24.347091862333272,8.498783636222948,15.0
224.5,24.370502,8.505798,10.670237,0.10000001,3.233026e-08,-0.049999822,24.344205963771014,8.497218399830313,15.0
224.60000000000002,24.37437,8.500811,10.822043,0.1,4.8929927e-08,-0.049999412,24.34131455792068,8.495650055824298,15.0
224.70000000000002,24.37824,8.495823,10.972399,0.1,4.8929927e-08,-0.049999412,24.3384176910447,8.494078614007048,15.0
224.8,24.371225,8.499005,16.852987,4.9935784,0.0,0.037788816,24.335515409492885,8.492504084200068,15.0
224.9,24.369999,8.502184,20.421627,4.9935784,0.0,0.037788816,24.332607759701673,8.490926476244166,15.0
225.0,24.37403,8.497347,14.132031,0.1,0.003,-0.048485074,24.329694788193404,8.489345799999386,15.0
225.10000000000002,24.377903,8.492511,7.905077,0.1,0.003,-0.048485074,24.326776541575555,8.487762065344947,15.0
225.20000000000002,24.367842,8.486923,14.998912,5.0,0.0,-0.05,24.323853066540014,8.486175282179188,15.0
225.3,24.364744,8.481342,19.302805,5.0,0.0,-0.05,24.320924409862318,8.484585460419499,15.0
225.4,24.368746,8.484837,13.024403,0.1,0.003,0.034820978,24.31799061840091,8.482992610002258,15.0
225.5,24.372591,8.488331,6.80848,0.1,0.003,0.034820978,24.31505173909639,8.48139674088278,15.0
225.60000000000002,24.361444,8.482748,14.332759,5.0,0.0,-0.05,24.312107818970766,8.479797863035234,15.0
225.70000000000002,24.357687,8.477173,18.897585,5.0,0.0,-0.05,24.309158905126697,8.478195986452608,15.0
225.8,24.36168,8.482185,12.623182,0.1,0.003,0.05,24.30620504474674,8.476591121146624,15.0
225.9,24.365515,8.487198,6.41121,0.1,0.003,0.05,24.3032462850926,8.474983277147684,15.0
226.0,24.353983,8.481617,14.08982,5.0,0.0,-0.05,24.30028267350437,8.473372464504807,15.0
226.10000000000002,24.34999,8.476043,18.748203,5.0,0.0,-0.05,24.29731425739977,8.471758693285569,15.0
226.20000000000002,24.353415,8.480146,12.78634,0.40668458,0.003,0.04127782,24.29434108427339,8.470141973576032,15.0
226.3,24.356245,8.484249,7.062067,0.40668458,0.003,0.04127782,24.291363201695944,8.468522315480692,15.0
226.4,24.345354,8.478672,14.482814,5.0,0.0,-0.05,24.288380657313486,8.466899729122407,15.0
226.5,24.34175,8.473102,18.984877,5.0,0.0,-0.05,24.285393498846663,8.465274224642332,15.0
226.60000000000002,24.345743,8.478114,12.709511,0.1,0.003,0.05,24.282401774089944,8.463645812199868,15.0
226.70000000000002,24.34958,8.483127,6.496585,0.1,0.003,0.05,24.279405530910868,8.462014501972588,15.0
226.8,24.338137,8.4775505,14.137899,5.0,0.0,-0.05,24.276404817249258,8.460380304156173,15.0
226.9,24.334196,8.471981,18.77367,5.0,0.0,-0.05,24.27339968111647,8.458743228964357,15.0
227.0,24.335821,8.466798,16.077114,1.7673342,0.0019791832,-0.05,24.270390170594613,8.457103286628852,15.0
227.10000000000002,24.336348,8.461617,13.818019,1.7673342,0.0019791832,-0.05,24.267376333835795,8.455460487399295,15.0
227.20000000000002,24.335957,8.462376,11.925097,1.7673342,0.0019791832,0.009375495,24.264358219061343,8.453814841543174,15.0
227.3,24.3348,8.463133,10.338651,1.7673342,0.0019791832,0.009375495,24.261335874561023,8.452166359345771,15.0
227.4,24.323736,8.457648,11.528568,4.999885,0.0029559727,-0.049331088,24.258309348692286,8.450515051110093,15.0
227.5,24.313835,8.452171,12.2488165,4.999885,0.0029559727,-0.049331088,24.255278689879482,8.448860927156813,15.0
227.60000000000002,24.31641,8.447312,12.409615,0.5899885,0.00030176592,-0.048171096,24.25224394661308,8.447203997824198,15.0
227.70000000000002,24.319006,8.442454,12.561479,0.5899885,0.00030176592,-0.048171096,24.24920516744892,8.445544273468053,15.0
227.8,24.321615,8.437699,12.617301,0.5899885,0.0003442176,-0.04714626,24.246162401007396,8.44388176446165,15.0
227.9,24.32423,8.432945,12.670201,0.5899885,0.0003442176,-0.04714626,24.243115695972705,8.442216481195665,15.0
228.0,24.315342,8.436822,12.8730135,5.0,0.003,0.043955464,24.240065101092068,8.44054843407811,15.0
228.10000000000002,24.306673,8.440694,12.992577,5.0,0.003,0.043955464,24.23701066517493,8.438877633534277,15.0
228.20000000000002,24.298143,8.445165,13.061601,5.0,0.003,0.05,24.23395243709221,8.437204090006661,15.0
228.3,24.289703,8.44963,13.099928,5.0,0.003,0.05,24.230890465775484,8.43552781395491,15.0
228.4,24.281324,8.454026,13.11966,5.0,0.003,0.04936648,24.227824800216236,8.433848815855736,15.0
228.5,24.272985,8.458417,13.128133,5.0,0.003,0.04936648,24.224755489465043,8.432167106202876,15.0
228.60000000000002,24.264664,8.453633,13.130958,5.0,0.003,-0.0423826,24.22168258263081,8.430482695507008,15.0
228.70000000000002,24.256338,8.448855,13.131345,5.0,0.003,-0.0423826,24.218606128879987,8.428795594295696,15.0
228.8,24.248007,8.443398,13.130338,5.0,0.003,-0.04923826,24.215526177435766,8.427105813113315,15.0
228.9,24.239668,8.437948,13.128555,5.0,0.003,-0.04923826,24.2124427775773,8.425413362520992,15.0
229.0,24.231722,8.437208,13.709932,5.0,0.0026505098,-0.0021745134,24.20935597863893,8.423718253096538,15.0
229.10000000000002,24.224354,8.436469,14.060626,5.0,0.0026505098,-0.0021745134,24.206265830009364,8.422020495434381,15.0
229.20000000000002,24.223995,8.435841,10.01685,1.6266315,0.002965051,-0.004756473,24.203172381130923,8.420320100145503,15.0
229.3,24.22212,8.435212,6.580059,1.6266315,0.002965051,-0.004756473,24.200075681498713,8.418617077857366,15.0
229.4,24.21075,8.429696,14.162269,5.0,0.0,-0.05,24.19697578065987,8.416911439213857,15.0
229.5,24.206825,8.424187,18.762175,5.0,0.0,-0.05,24.19387272821274,8.415203194875208,15.0
229.60000000000002,24.210814,8.4292,12.48831,0.1,0.003,0.05,24.19076657380609,8.413492355517942,15.0
229.70000000000002,24.214645,8.434214,6.27687,0.1,0.003,0.05,24.187657367138332,8.411778931834801,15.0
229.8,24.202984,8.428699,13.976282,5.0,0.0,-0.05,24.184545157956702,8.410062934534677,15.0
229.9,24.198881,8.42319,18.647238,5.0,0.0,-0.05,24.181429996056483,8.408344374342548,15.0
230.0,24.196299,8.426992,16.245304,4.674,0.003,0.04274217,24.178311931280195,8.406623261999407,15.0
230.10000000000002,24.191488,8.43079,14.737831,4.674,0.003,0.04274217,24.175191013516816,8.404899608262202,15.0
230.20000000000002,24.193718,8.434853,9.331635,0.7008369,0.003,0.041139252,24.17206729270095,8.403173423903763,15.0
230.3,24.195034,8.438914,4.2912784,0.7008369,0.003,0.041139252,24.16894081881208,8.401444719712739,15.0
230.4,24.181456,8.4333935,12.764258,5.0,0.0,-0.05,24.16581164187371,8.399713506493521,15.0
230.5,24.176199,8.427879,17.90416,5.0,0.0,-0.05,24.162679811952604,8.39797979506619,15.0
230.60000000000002,24.172579,8.422372,16.008482,5.0,0.003,-0.05,24.15954537915798,8.396243596266435,15.0
230.70000000000002,24.167084,8.416872,14.858146,5.0,0.003,-0.05,24.156408393640692,8.394504920945494,15.0
230.8,24.160454,8.414718,14.159206,5.0,0.003,-0.016590908,24.153268905592444,8.39276377997008,15.0
230.9,24.153137,8.412566,13.733543,5.0,0.003,-0.016590908,24.150126965244976,8.39102018422232,15.0
231.0,24.146454,8.409323,15.024333,5.0,0.0020723995,-0.027544297,24.146982622869267,8.389274144599684,15.0
231.10000000000002,24.141037,8.406083,15.8065605,5.0,0.0020723995,-0.027544297,24.143835928774724,8.387525672014908,15.0
231.20000000000002,24.135437,8.403081,14.884875,5.0,0.00290724,-0.025207298,24.140686933308395,8.385774777395945,15.0
231.3,24.12893,8.400083,14.324522,5.0,0.00290724,-0.025207298,24.137535686854132,8.384021471685879,15.0
231.4,24.121872,8.399512,13.982897,5.0,0.00290724,-0.00095034443,24.13438223983181,8.382265765842865,15.0
231.5,24.114485,8.398943,13.773605,5.0,0.00290724,-0.00095034443,24.13122664269652,8.380507670840059,15.0
231.60000000000002,24.106897,8.39836,13.644536,5.0,0.00290724,-0.0010907486,24.12806894593775,8.378747197665547,15.0
231.70000000000002,24.09919,8.397778,13.564098,5.0,0.00290724,-0.0010907486,24.124909200078573,8.376984357322284,15.0
231.8,24.0954,8.39505,17.943405,4.4346757,0.0,-0.023124797,24.12174745567486,8.375219160828015,15.0
231.9,24.095524,8.392325,20.754831,4.4346757,0.0,-0.023124797,24.118583763314454,8.373451619215214,15.0
232.0,24.098156,8.390029,22.560562,4.434689,0.0,-0.018870832,24.115418173616366,8.371681743531004,15.0
232.10000000000002,24.102396,8.387735,23.721182,4.434689,0.0,-0.018870832,24.11225073722996,8.36990954483711,15.0
232.20000000000002,24.107664,8.385801,24.46798,4.4347034,0.0,-0.015300851,24.109081504834155,8.368135034209764,15.0
232.3,24.11359,8.383869,24.94931,4.4347034,0.0,-0.015300851,24.105910527136597,8.366358222739654,15.0
232.4,24.118872,8.381475,23.984295,3.4547713,0.0006782081,-0.02087397,24.102737854872867,8.364579121531843,15.0
232.5,24.12344,8.379084,23.302628,3.4547713,0.0006782081,-0.02087397,24.09956353880565,8.36279774170571,15.0
232.60000000000002,24.127502,8.3768835,22.821404,3.454783,0.0006782081,-0.018982794,24.096387629723935,8.361014094394871,15.0
232.70000000000002,24.131205,8.374685,22.481968,3.454783,0.0006782081,-0.018982794,24.093210178442202,8.35922819074712,15.0
232.8,24.134653,8.372646,22.242828,3.4547951,0.0006782081,-0.01740289,24.0900312357996,8.357440041924344,15.0
232.9,24.13792,8.370609,22.074627,3.4547951,0.0006782081,-0.01740289,24.08685085265915,8.35564965910247,15.0
233.0,24.141989,8.365624,15.767638,0.1,0.003,-0.05,24.083669079906908,8.353857053471383,15.0
233.10000000000002,24.1459,8.36064,9.523464,0.1,0.003,-0.05,24.08048596845117,8.352062236234866,15.0
233.20000000000002,24.137281,8.355217,15.943826,5.0,0.0,-0.05,24.077301569221657,8.350265218610517,15.0
233.3,24.134964,8.349801,19.839346,5.0,0.0,-0.05,24.074115933168688,8.348466011829693,15.0
233.4,24.13646,8.344392,22.20429,5.0,0.0,-0.05,24.070929111262366,8.346664627137429,15.0
233.5,24.14026,8.338989,23.641388,5.0,0.0,-0.05,24.067741154491777,8.344861075792373,15.0
233.60000000000002,24.144367,8.342199,17.31899,0.1,0.003,0.03193938,24.06455211386416,8.343055369066716,15.0
233.70000000000002,24.148315,8.345409,11.059514,0.1,0.003,0.03193938,24.061362040404102,8.341247518246119,15.0
233.8,24.1496,8.34658,6.042092,0.7833718,0.003,0.012133384,24.058170985152703,8.339437534629646,15.0
233.9,24.149939,8.34775,1.4027115,0.7833718,0.003,0.012133384,24.054978999166785,8.337625429529684,15.0
234.0,24.133299,8.342342,11.019225,5.0,0.0,-0.05,24.051786133518053,8.335811214271887,15.0
234.10000000000002,24.126108,8.336942,16.852257,5.0,0.0,-0.05,24.04859243929229,8.333994900195094,15.0
234.20000000000002,24.121239,8.331921,15.376625,5.0,0.003,-0.04627048,24.04539796758853,8.332176498651263,15.0
234.3,24.11491,8.326906,14.480748,5.0,0.003,-0.04627048,24.042202769518262,8.330356021005395,15.0
234.4,24.107695,8.323267,13.936143,5.0,0.003,-0.032574918,24.03900689620458,8.328533478635473,15.0
234.5,24.099941,8.319632,13.604329,5.0,0.003,-0.032574918,24.035810398781393,8.326708882932378,15.0
234.60000000000002,24.091866,8.320701,13.400906,5.0,0.003,0.014445088,24.03261332839259,8.324882245299827,15.0
234.70000000000002,24.083603,8.321768,13.274808,5.0,0.003,0.014445088,24.029415736191222,8.323053577154303,15.0
234.8,24.075228,8.322978,13.195569,5.0,0.003,0.01588832,24.02621767333871,8.321222889924972,15.0
234.9,24.066788,8.324186,13.144722,5.0,0.003,0.01588832,24.02301919100398,8.319390195053623,15.0
235.0,24.05831,8.3255005,13.111075,5.0,0.003,0.01695824,24.019820340362685,8.317555503994598,15.0
235.10000000000002,24.04981,8.326813,13.087846,5.0,0.003,0.01695824,24.01662117259637,8.315718828214704,15.0
235.20000000000002,24.041302,8.328246,13.070917,5.0,0.003,0.018182123,24.013421738891644,8.313880179193163,15.0
235.3,24.03279,8.329678,13.057797,5.0,0.003,0.018182123,24.010222090439385,8.312039568421524,15.0
235.4,24.024384,8.331169,13.203892,5.0,0.0029061357,0.018799786,24.007022278433897,8.310197007403596,15.0
235.5,24.016136,8.332659,13.289735,5.0,0.0029061357,0.018799786,24.003822354072103,8.308352507655384,15.0
235.60000000000002,24.008081,8.334168,13.28729,4.9472456,0.0029061357,0.018977396,24.000622368552722,8.306506080705,15.0
235.70000000000002,24.000036,8.335676,13.283091,4.9472456,0.0029061357,0.018977396,23.997422373075462,8.304657738092612,15.0
235.8,23.992233,8.337125,13.203435,4.833196,0.0028833854,0.0183041,23.994222418840177,8.302807491370352,15.0
235.9,23.984365,8.338572,13.151707,4.833196,0.0028833854,0.0183041,23.99102255704607,8.300955352102255,15.0
236.0,23.976534,8.339942,13.118006,4.803769,0.0028654588,0.017537577,23.987822838890853,8.299101331864188,15.0
236.10000000000002,23.968683,8.341311,13.094597,4.803769,0.0028654588,0.017537577,23.98462331556996,8.29724544224377,15.0
236.20000000000002,23.960821,8.342631,13.077559,4.803769,0.0028654588,0.01706089,23.981424038275684,8.295387694840308,15.0
236.3,23.952955,8.343949,13.064466,4.803769,0.0028654588,0.01706089,23.9782250581964,8.293528101264712,15.0
236.4,23.945087,8.34521,13.053822,4.803769,0.0028654588,0.016506303,23.975026426515722,8.29166667313944,15.0
236.5,23.937222,8.34647,13.044697,4.803769,0.0028654588,0.016506303,23.97182819441169,8.28980342209841,15.0
236.60000000000002,23.934137,8.341182,16.905142,3.6379867,0.0,-0.05,23.968630413055944,8.287938359786937,15.0
236.70000000000002,23.933987,8.335898,19.589104,3.6379867,0.0,-0.05,23.965433133612915,8.28607149786165,15.0
236.8,23.936026,8.330649,21.29927,3.2762551,0.0,-0.05,23.96223640723902,8.284202847990434,15.0
236.9,23.939245,8.325405,22.533167,3.2762551,0.0,-0.05,23.959040285081798,8.282332421852342,15.0
237.0,23.943363,8.320421,19.168674,0.10114914,0.0016061711,-0.05,23.95584481827914,8.280460231137534,15.0
237.10000000000002,23.947397,8.315437,15.838102,0.10114914,0.0016061711,-0.05,23.952650057958447,8.278586287547192,15.0
237.20000000000002,23.941654,8.310071,14.713526,5.0,0.003,-0.05,23.94945605523582,8.276710602793463,15.0
237.3,23.934797,8.304711,14.030543,5.0,0.003,-0.05,23.94626286121523,8.274833188599365,15.0
237.4,23.92726,8.299358,13.6152525,5.0,0.003,-0.05,23.943070526987714,8.272954056698733,15.0
237.5,23.919306,8.294012,13.362233,5.0,0.003,-0.05,23.939879103630552,8.271073218836136,15.0
237.60000000000002,23.914764,8.289863,16.022057,4.1511297,0.0008845169,-0.038704935,23.936688642206448,8.269190686766803,15.0
237.70000000000002,23.912474,8.285718,17.778519,4.1511297,0.0008845169,-0.038704935,23.93349919376272,8.267306472256553,15.0
237.8,23.911121,8.283022,17.9549,4.151158,0.0014502517,-0.024250166,23.93031080933047,8.265420587081724,15.0
237.9,23.909912,8.280329,18.071602,4.151158,0.0014502517,-0.024250166,23.927123539923787,8.263533043029089,15.0
238.0,23.913881,8.275346,11.803282,0.100000665,0.003,-0.05,23.92393743653891,8.261643851895792,15.0
238.10000000000002,23.917694,8.270364,5.5973916,0.100000665,0.003,-0.05,23.920752550153427,8.259753025489273,15.0
238.20000000000002,23.90519,8.265054,13.514908,5.0,0.0,-0.05,23.917568931725448,8.25786057562719,15.0
238.3,23.900461,8.25975,18.317942,5.0,0.0,-0.05,23.914386632192805,8.255966514137349,15.0
238.4,23.897053,8.2638035,16.216715,5.0,0.003,0.04355557,23.91120570247222,8.254070852857627,15.0
238.5,23.891596,8.267851,14.939435,5.0,0.003,0.04355557,23.9080261934585,8.252173603635903,15.0
238.60000000000002,23.887861,8.263234,18.543945,5.0,0.00037916843,-0.043095656,23.90484815602372,8.250274778329976,15.0
238.70000000000002,23.88766,8.258623,20.731657,5.0,0.00037916843,-0.043095656,23.90167164101642,8.2483743888075,15.0
238.8,23.891693,8.261848,14.436808,0.1,0.003,0.032077774,23.89849669926076,8.246472446945901,15.0
238.9,23.89557,8.265074,8.204603,0.1,0.003,0.032077774,23.89532338155575,8.244568964632313,15.0
239.0,23.885635,8.25977,15.092056,5.0,0.0,-0.05,23.892151738674404,8.242663953763492,15.0
239.10000000000002,23.882462,8.254474,19.270658,5.0,0.0,-0.05,23.888981821362936,8.240757426245748,15.0
239.20000000000002,23.88338,8.249184,21.807137,5.0,0.0,-0.05,23.885813680339957,8.238849393994874,15.0
239.3,23.886776,8.2439,23.348146,5.0,0.0,-0.05,23.882647366295657,8.236939868936066,15.0
239.4,23.890875,8.246066,17.027348,0.1,0.003,0.02147871,23.879482929890994,8.23502886300385,15.0
239.5,23.894817,8.248232,10.769458,0.1,0.003,0.02147871,23.87632042175688,8.233116388142003,15.0
239.60000000000002,23.896786,8.247244,5.419357,0.58091336,0.003,-0.00976847,23.87315989249338,8.231202456303489,15.0
239.70000000000002,23.897999,8.246256,0.37129566,0.58091336,0.003,-0.00976847,23.870001392668893,8.229287079450376,15.0
239.8,23.88031,8.240975,10.342839,5.0,0.0,-0.05,23.866844972819354,8.227370269553763,15.0
239.9,23.872421,8.235702,16.391014,5.0,0.0,-0.05,23.863690683447405,8.225452038593705,15.0
240.0,23.867064,8.230434,15.0457735,5.0,0.003,-0.05,23.860538575021618,8.22353239855914,15.0
240.10000000000002,23.860374,8.225174,14.228951,5.0,0.003,-0.05,23.85738869797565,8.221611361447811,15.0
240.20000000000002,23.852875,8.21992,13.732454,5.0,0.003,-0.05,23.854241102707473,8.219688939266195,15.0
240.3,23.84488,8.214673,13.430135,5.0,0.003,-0.05,23.851095839578544,8.217765144029425,15.0
240.4,23.838945,8.21328,12.013086,3.803929,0.003,-0.012139985,23.847952958913005,8.215839987761212,15.0
240.5,23.831894,8.211888,11.04302,3.803929,0.003,-0.012139985,23.84481251099688,8.21391348249378,15.0
240.60000000000002,23.835766,8.206907,11.188956,0.1,0.0,-0.05,23.841674546077268,8.211985640267777,15.0
240.70000000000002,23.83964,8.201926,11.333499,0.1,0.0,-0.05,23.838539114361545,8.210056473132212,15.0
240.8,23.840279,8.199121,11.610598,1.1928738,0.00066910643,-0.027696453,23.83540626601654,8.208125993144375,15.0
240.9,23.840992,8.196318,11.856783,1.1928738,0.00066910643,-0.027696453,23.832276051167774,8.206194212369757,15.0
241.0,23.839966,8.194787,12.118537,1.8318148,0.0010602948,-0.014656843,23.82914851989861,8.204261142881984,15.0
241.10000000000002,23.839048,8.193256,12.336511,1.8318148,0.0010602948,-0.014656843,23.82602372224948,8.202326796762732,15.0
241.20000000000002,23.836819,8.192753,12.530582,2.3469777,0.0013757006,-0.004143313,23.822901708217085,8.20039118610166,15.0
241.3,23.83469,8.19225,12.68378,2.3469777,0.0013757006,-0.004143313,23.819782527753578,8.198454322996326,15.0
241.4,23.829277,8.193944,10.926615,3.3083568,0.003,0.018295161,23.816666230765787,8.196516219552121,15.0
241.5,23.822636,8.195637,9.662773,3.3083568,0.003,0.018295161,23.81355286711439,8.194576887882182,15.0
241.60000000000002,23.814005,8.19042,15.971922,5.0,0.0,-0.05,23.810442486613137,8.192636340107327,15.0
241.70000000000002,23.811565,8.185209,19.79989,5.0,0.0,-0.05,23.807335139028062,8.190694588355974,15.0
241.8,23.815575,8.188791,13.514181,0.1,0.003,0.035619944,23.804230874076648,8.188751644764064,15.0
241.9,23.819427,8.192373,7.2910237,0.1,0.003,0.035619944,23.801129741427072,8.18680752147499,15.0
242.0,23.80846,8.1871605,14.53223,5.0,0.0,-0.05,23.798031790697394,8.184862230639514,15.0
242.10000000000002,23.804604,8.181954,18.925215,5.0,0.0,-0.05,23.794937071454754,8.182915784415696,15.0
242.20000000000002,23.80859,8.186679,12.648172,0.1,0.003,0.047043405,23.791845633214596,8.180968194968825,15.0
242.3,23.812422,8.191402,6.433589,0.1,0.003,0.047043405,23.788757525439866,8.179019474471321,15.0
242.4,23.800617,8.186191,14.009981,5.0,0.0,-0.05,23.785672797540222,8.177069635102686,15.0
242.5,23.796253,8.180985,18.606157,5.0,0.0,-0.05,23.782591498871245,8.175118689049409,15.0
242.60000000000002,23.793003,8.184701,16.37952,5.0,0.003,0.039194163,23.77951367873365,8.173166648504894,15.0
242.70000000000002,23.78758,8.188412,15.026249,5.0,0.003,0.039194163,23.776439386372488,8.17121352566939,15.0
242.8,23.780832,8.183204,14.203562,5.0,0.003,-0.05,23.773368670976378,8.169259332749908,15.0
242.9,23.773268,8.178002,13.703475,5.0,0.003,-0.05,23.770301581676694,8.167304081960147,15.0
243.0,23.765205,8.174282,13.398757,5.0,0.003,-0.03524765,23.767238167546807,8.165347785520419,15.0
243.10000000000002,23.756842,8.170567,13.21231,5.0,0.003,-0.03524765,23.76417847760127,8.163390455657568,15.0
243.20000000000002,23.75142,8.168446,14.505337,4.0733795,0.0016473813,-0.019731464,23.761122560795066,8.161432104604902,15.0
243.3,23.747076,8.1663265,15.365075,4.0733795,0.0016473813,-0.019731464,23.75807046602279,8.159472744602109,15.0
243.4,23.744816,8.166456,18.438507,4.0733714,0.00021387028,0.0027467,23.755022242117896,8.15751238789518,15.0
243.5,23.745127,8.166586,20.483673,4.0733714,0.00021387028,0.0027467,23.7519779378519,8.15555104673634,15.0
243.60000000000002,23.747135,8.165994,21.826117,4.0733724,0.00022475833,-0.0044716625,23.74893760193361,8.153588733383963,15.0
243.70000000000002,23.750263,8.165402,22.720304,4.0733724,0.00022475833,-0.0044716625,23.745901283008333,8.151625460102503,15.0
243.8,23.75418,8.165096,23.402939,4.0733733,0.00017516206,-0.001621666,23.742869029657108,8.149661239162413,15.0
243.9,23.758665,8.16479,23.858362,4.0733733,0.00017516206,-0.001621666,23.73984089039592,8.147696082840064,15.0
244.0,23.763525,8.164502,24.16269,4.0733776,0.00017516206,-0.0014442799,23.73681691367494,8.145730003417675,15.0
244.10000000000002,23.768635,8.164215,24.366533,4.0733776,0.00017516206,-0.0014442799,23.73379714787772,8.143763013183243,15.0
244.20000000000002,23.773909,8.163834,24.503567,4.0733857,0.00017516206,-0.0023923258,23.730781641320462,8.141795124430445,15.0
244.3,23.779293,8.163452,24.59618,4.0733857,0.00017516206,-0.0023923258,23.727770442251195,8.13982634945858,15.0
244.4,23.783518,8.161181,22.404781,2.4984398,0.0012948576,-0.021938862,23.724763598849044,8.137856700572488,15.0
244.5,23.786528,8.158912,20.698729,2.4984398,0.0012948576,-0.021938862,23.721761159223444,8.135886190082465,15.0
244.60000000000002,23.790558,8.153933,14.404072,0.1,0.003,-0.05,23.718763171413357,8.133914830304196,15.0
244.70000000000002,23.794432,8.148953,8.172107,0.1,0.003,-0.05,23.71576968338653,8.131942633558674,15.0
244.8,23.784227,8.143795,15.069846,5.0,0.0,-0.05,23.712780743038703,8.129969612172122,15.0
244.9,23.780796,8.138643,19.254578,5.0,0.0,-0.05,23.70979639819286,8.127995778475919,15.0
245.0,23.78479,8.133664,12.974368,0.1,0.003,-0.05,23.70681669659846,8.126021144806515,15.0
245.10000000000002,23.788626,8.128685,6.7567067,0.1,0.003,-0.05,23.703841685930655,8.124045723505365,15.0
245.20000000000002,23.776978,8.123551,14.213839,5.0,0.0,-0.05,23.700871413789557,8.122069526918848,15.0
245.3,23.772652,8.118424,18.737658,5.0,0.0,-0.05,23.697905927699455,8.120092567398187,15.0
245.4,23.771141,8.119637,17.974174,4.4190893,0.0018957902,0.013193006,23.69494527510807,8.118114857299368,15.0
245.5,23.768955,8.120848,17.482534,4.4190893,0.0018957902,0.013193006,23.691989503385773,8.116136408983076,15.0
245.60000000000002,23.772903,8.1158695,11.2199745,0.1,0.003,-0.05,23.689038659824853,8.114157234814606,15.0
245.70000000000002,23.776695,8.110891,5.0197873,0.1,0.003,-0.05,23.68609279163874,8.11217734716379,15.0
245.8,23.7633,8.105781,13.1603,5.0,0.0,-0.05,23.683151945961264,8.11019675840492,15.0
245.9,23.757902,8.100676,18.098372,5.0,0.0,-0.05,23.680216169845895,8.108215480916668,15.0
246.0,23.753952,8.101974,16.079239,5.0,0.003,0.013998966,23.677285510264984,8.106233527082013,15.0
246.10000000000002,23.748026,8.10327,14.852273,5.0,0.003,0.013998966,23.674360014109023,8.10425090928816,15.0
246.20000000000002,23.740906,8.104542,14.105528,5.0,0.003,0.013778652,23.671439728185895,8.102267639926461,15.0
246.3,23.733063,8.105812,13.649899,5.0,0.003,0.013778652,23.668524699220104,8.100283731392349,15.0
246.4,23.724783,8.107035,13.370754,5.0,0.003,0.013309987,23.66561497385205,8.09829919608524,15.0
246.5,23.716242,8.108255,13.198602,5.0,0.003,0.013309987,23.662710598637286,8.096314046408475,15.0
246.60000000000002,23.707544,8.10941,13.091318,5.0,0.003,0.012664469,23.659811620045744,8.094328294769234,15.0
246.70000000000002,23.698753,8.110563,13.023369,5.0,0.003,0.012664469,23.65691808446103,8.092341953578458,15.0
246.8,23.689909,8.111639,12.979275,5.0,0.003,0.011899667,23.65403003817964,8.090355035250774,15.0
246.9,23.681034,8.112713,12.949652,5.0,0.003,0.011899667,23.65114752741026,8.088367552204412,15.0
247.0,23.672142,8.113702,12.928815,5.0,0.003,0.011061628,23.648270598273,8.086379516861136,15.0
247.10000000000002,23.663242,8.11469,12.913315,5.0,0.003,0.011061628,23.645399296798665,8.084390941646163,15.0
247.20000000000002,23.654339,8.115589,12.901062,5.0,0.003,0.010186781,23.642533668928014,8.082401838988078,15.0
247.3,23.645435,8.1164875,12.89079,5.0,0.003,0.010186781,23.639673760511034,8.080412221318767,15.0
247.4,23.636534,8.117296,12.881731,5.0,0.003,0.009303313,23.6368196173062,8.078422101073336,15.0
247.5,23.627634,8.118104,12.873419,5.0,0.003,0.009303313,23.633971284979744,8.076431490690029,15.0
247.60000000000002,23.618738,8.118824,12.865572,5.0,0.003,0.008432808,23.631128809104915,8.07444040261015,15.0
247.70000000000002,23.609846,8.119543,12.858018,5.0,0.003,0.008432808,23.628292235161275,8.072448849278,15.0
247.8,23.600958,8.120176,12.850654,5.0,0.003,0.0075911414,23.62546160853394,8.070456843140779,15.0
247.9,23.592073,8.12081,12.843415,5.0,0.003,0.0075911414,23.62263697451288,8.068464396648515,15.0
248.0,23.583193,8.121362,12.836265,5.0,0.003,0.0067895385,23.619818378292177,8.066471522253996,15.0
248.10000000000002,23.574316,8.121913,12.829177,5.0,0.003,0.0067895385,23.617005864969308,8.06447823241268,15.0
248.20000000000002,23.565443,8.122388,12.822139,5.0,0.003,0.0060358015,23.614199479544432,8.06248453958262,15.0
248.3,23.556574,8.122863,12.81514,5.0,0.003,0.0060358015,23.61139926691965,8.060490456224393,15.0
248.4,23.547903,8.123186,12.809812,4.9262457,0.0029548442,0.0045018108,23.608605271898313,8.05849599480101,15.0
248.5,23.539236,8.123508,12.803952,4.9262457,0.0029548442,0.0045018108,23.605817539184272,8.056501167777851,15.0
248.60000000000002,23.530745,8.123696,12.799238,4.8611574,0.0029149943,0.0031386395,23.603036113381194,8.054505987622575,15.0
248.70000000000002,23.522257,8.123884,12.793845,4.8611574,0.0029149943,0.0031386395,23.600261038991835,8.052510466805055,15.0
248.8,23.518478,8.122083,12.832079,3.0599067,0.0018121894,-0.017321661,23.597492360417323,8.05051461779729,15.0
248.9,23.514725,8.120282,12.859775,3.0599067,0.0018121894,-0.017321661,23.59473012195646,8.048518453073326,15.0
249.0,23.518644,8.115304,12.985814,0.1,0.0,-0.05,23.591974367804998,8.04652198510919,15.0
249.10000000000002,23.522566,8.110326,13.110659,0.1,0.0,-0.05,23.589225142054946,8.044525226382797,15.0
249.20000000000002,23.52649,8.105348,13.23432,0.1,0.0,-0.05,23.586482488693857,8.042528189373884,15.0
249.3,23.530416,8.100369,13.35681,0.1,0.0,-0.05,23.583746451604128,8.040530886563927,15.0
249.4,23.53026,8.100672,15.536624,1.9700571,0.0,0.0032719255,23.581017074562297,8.038533330436062,15.0
249.5,23.531078,8.100974,17.326677,1.9700571,0.0,0.0032719255,23.57829440123833,8.036535533475003,15.0
249.60000000000002,23.531769,8.096477,16.668533,2.2129927,0.0012013378,-0.04467281,23.57557847519495,8.034537508166983,15.0
249.70000000000002,23.532127,8.091982,16.141655,2.2129927,0.0012013378,-0.04467281,23.57286933988691,8.032539266999647,15.0
249.8,23.531853,8.092101,15.783001,2.4233654,0.0012631731,0.0015055191,23.570167038660323,8.030540822462,15.0
249.9,23.531385,8.09222,15.501453,2.4233654,0.0012631731,0.0015055191,23.567471614751945,8.02854218704431,15.0
250.0,23.530468,8.092168,15.487685,2.6101837,0.0012417507,-0.0001646408,23.564783111288506,8.026543373238045,15.0
250.10000000000002,23.529543,8.092115,15.476929,2.6101837,0.0012417507,-0.0001646408,23.562101571285996,8.024544393535782,15.0
250.20000000000002,23.528955,8.091908,17.295189,2.7738469,0.000335169,-0.0016751346,23.55942703764901,8.022545260431142,15.0
250.3,23.529469,8.0917015,18.673056,2.7738469,0.000335169,-0.0016751346,23.55675955317002,8.020545986418696,15.0
250.4,23.5307,8.091355,19.79505,2.9158394,0.000335169,-0.0030385277,23.554099160528725,8.018546583993903,15.0
250.5,23.53264,8.091009,20.633646,2.9158394,0.000335169,-0.0030385277,23.55144590229135,8.01654706565302,15.0
250.60000000000002,23.535103,8.090542,21.265097,2.927065,0.000335169,-0.004256376,23.548799820909963,8.01454744389303,15.0
250.70000000000002,23.537964,8.090075,21.736904,2.927065,0.000335169,-0.004256376,23.54616095872182,8.012547731211562,15.0
250.8,23.541119,8.087321,22.089827,2.9270737,0.000335169,-0.027126864,23.543529357948657,8.010547940106816,15.0
250.9,23.54449,8.08457,22.354239,2.9270737,0.000335169,-0.027126864,23.540905060696026,8.008548083077478,15.0
251.0,23.54858,8.079593,17.344143,0.1,0.0023841606,-0.05,23.53828810895263,8.00654817262265,15.0
251.10000000000002,23.552544,8.0746155,12.383959,0.1,0.0023841606,-0.05,23.535678544589643,8.004548221241764,15.0
251.20000000000002,23.548704,8.0695915,10.70535,2.7023602,0.00257911,-0.05,23.533076409360035,8.002548241434509,15.0
251.3,23.543865,8.06457,9.424152,2.7023602,0.00257911,-0.05,23.53048174489792,8.000548245700756,15.0
251.4,23.534904,8.059517,15.775766,5.0,0.0,-0.05,23.527894592717868,7.998548246540467,15.0
251.5,23.532179,8.05447,19.629374,5.0,0.0,-0.05,23.52531499421426,7.996548256453632,15.0
251.60000000000002,23.533226,8.04943,21.968672,5.0,0.0,-0.05,23.522742990660618,7.994548287940183,15.0
251.70000000000002,23.536556,8.044395,23.389984,5.0,0.0,-0.05,23.520178623208942,7.9925483534999175,15.0
251.8,23.540653,8.039419,17.067368,0.1,0.003,-0.05,23.51762193288906,7.9905484656324175,15.0
251.9,23.544592,8.034443,10.807721,0.1,0.003,-0.05,23.515072960607963,7.988548636836978,15.0
252.0,23.548374,8.029467,4.610418,0.1,0.003,-0.05,23.51253174714915,7.98654887961252,15.0
252.10000000000002,23.552002,8.02449,-1.5251637,0.1,0.003,-0.05,23.509998333171986,7.98454920645752,15.0
252.20000000000002,23.532156,8.019487,9.141999,5.0,0.0,-0.05,23.507472759211034,7.98254962986993,15.0
252.3,23.522797,8.01449,15.611672,5.0,0.0,-0.05,23.50495506567543,7.980550162347097,15.0
252.4,23.516386,8.0095,14.521759,5.0,0.003,-0.05,23.50244529284821,7.9785508163856855,15.0
252.5,23.508896,8.004515,13.8595295,5.0,0.003,-0.05,23.499943480885694,7.976551604481602,15.0
252.60000000000002,23.50076,8.006982,13.455607,5.0,0.003,0.02449658,23.497449669816813,7.974552539129913,15.0
252.70000000000002,23.492243,8.009445,13.207472,5.0,0.003,0.02449658,23.494963899542498,7.972553632824773,15.0
252.8,23.483498,8.011035,13.053889,5.0,0.003,0.015779262,23.492486209835015,7.970554898059339,15.0
252.9,23.474615,8.012623,12.957723,5.0,0.003,0.015779262,23.490016640337345,7.968556347325695,15.0
253.0,23.46565,8.013474,12.896457,5.0,0.003,0.008437288,23.48755523056255,7.966557993114778,15.0
253.10000000000002,23.456638,8.014325,12.856429,5.0,0.003,0.008437288,23.485102019893137,7.964559847916295,15.0
253.20000000000002,23.454227,8.00934,16.122135,2.976053,0.0,-0.05,23.482657047580417,7.962561924218647,15.0
253.3,23.453909,8.004359,18.547817,2.976053,0.0,-0.05,23.480220352743903,7.960564234508852,15.0
253.4,23.455143,8.000825,20.34992,2.9760604,0.0,-0.035566177,23.477791974370657,7.958566791272462,15.0
253.5,23.45753,7.9972935,21.68909,2.9760604,0.0,-0.035566177,23.475371951314678,7.956569606993492,15.0
253.60000000000002,23.461582,7.992318,15.383089,0.1,0.003,-0.05,23.472960322296284,7.954572694154336,15.0
253.70000000000002,23.465477,7.987343,9.139893,0.1,0.003,-0.05,23.470557125901493,7.952576065235695,15.0
253.8,23.45609,7.982386,15.598304,5.0,0.0,-0.05,23.46816240058139,7.950579732716492,15.0
253.9,23.453045,7.9774356,19.516582,5.0,0.0,-0.05,23.46577618465154,7.948583709073798,15.0
254.0,23.453836,7.9724913,21.895016,5.0,0.0,-0.05,23.46339851629133,7.946588006782755,15.0
254.10000000000002,23.45695,7.967553,23.339983,5.0,0.0,-0.05,23.461029433543413,7.944592638316495,15.0
254.20000000000002,23.46104,7.962591,17.017729,0.1,0.003,-0.049873166,23.458668974313063,7.942597616146067,15.0
254.3,23.464975,7.957629,10.758441,0.1,0.003,-0.049873166,23.456317176367577,7.940602952740349,15.0
254.4,23.466951,7.962661,11.783489,0.7165022,0.0,0.05,23.45397407733567,7.9386086605659845,15.0
254.5,23.469105,7.9676914,12.73756,0.7165022,0.0,0.05,23.451639714706875,7.936614752087292,15.0
254.60000000000002,23.471426,7.970326,13.625086,0.716055,0.0,0.026044924,23.44931412583095,7.934621239766191,15.0
254.70000000000002,23.473902,7.97296,14.451298,0.716055,0.0,0.026044924,23.44699734791726,7.93262813606213,15.0
254.8,23.46628,7.9680214,13.8128395,5.0,0.003,-0.05,23.44468941803421,7.930635453431998,15.0
254.9,23.458023,7.963089,13.424249,5.0,0.003,-0.05,23.44239037310862,7.928643204330058,15.0
255.0,23.449392,7.967157,13.185972,5.0,0.003,0.04,23.440100249925166,7.926651401207858,15.0
255.10000000000002,23.440548,7.9712195,13.037851,5.0,0.003,0.04,23.437819085125767,7.92466005651416,15.0
255.20000000000002,23.433222,7.974144,13.144882,4.4200797,0.0025405125,0.0287005,23.435546915209017,7.922669182694865,15.0
255.3,23.426006,7.9770656,13.211119,4.4200797,0.0025405125,0.0287005,23.433283776529578,7.920678792192927,15.0
255.4,23.418915,7.979964,13.336264,4.4200773,0.0024909533,0.028502395,23.43102970529763,7.918688897448279,15.0
255.5,23.41195,7.982859,13.414216,4.4200773,0.0024909533,0.028502395,23.428784737578255,7.916699510897757,15.0
255.60000000000002,23.405111,7.9857335,13.536784,4.4200754,0.002447324,0.028324697,23.426548909290894,7.914710644975021,15.0
255.70000000000002,23.398397,7.9886045,13.6131525,4.4200754,0.002447324,0.028324697,23.42432225620875,7.912722312110476,15.0
255.8,23.391804,7.9914565,13.72576,4.420074,0.0024089438,0.028165342,23.422104813958224,7.910734524731197,15.0
255.9,23.385324,7.994305,13.795794,4.420074,0.0024089438,0.028165342,23.41989661801835,7.908747295260847,15.0
256.0,23.378956,7.9971366,13.896421,4.4200726,0.002375207,0.028022487,23.41769770372021,7.906760636119605,15.0
256.1,23.37269,7.9999647,13.958817,4.4200726,0.002375207,0.028022487,23.41550810624639,7.904774559724084,15.0
256.2,23.366478,7.9985886,13.978242,4.4200716,0.00238621,-0.01401389,23.4133278606304,7.902789078487254,15.0
256.3,23.360285,7.997214,13.989364,4.4200716,0.00238621,-0.01401389,23.411157001756123,7.9008042048183675,15.0
256.40000000000003,23.354097,7.995851,13.983616,4.420071,0.0023929263,-0.0139090335,23.408995564357255,7.898819951122877,15.0
256.5,23.347906,7.9944897,13.978555,4.420071,0.0023929263,-0.0139090335,23.40684358301675,7.896836329802364,15.0
256.6,23.341707,7.9931393,13.963377,4.42007,0.0023990718,-0.013814781,23.404701092166263,7.894853353254453,15.0
256.7,23.335497,7.9917903,13.952247,4.42007,0.0023990718,-0.013814781,23.402568126085605,7.892871033872742,15.0
256.8,23.329273,7.9904513,13.93406,4.4200697,0.0024046933,-0.013730059,23.40044471890218,7.890889384046721,15.0
256.90000000000003,23.323036,7.989114,13.920986,4.4200697,0.0024046933,-0.013730059,23.398330904590463,7.888908416161694,15.0
257.0,23.316784,7.9877853,13.902374,4.420069,0.002409829,-0.013653916,23.39622671697144,7.8869281425987054,15.0
257.1,23.310516,7.986459,13.889017,4.420069,0.002409829,-0.013653916,23.39413218971206,7.884948575734456,15.0
257.2,23.304235,7.9851403,13.870977,4.4200687,0.0024145194,-0.013585483,23.392047356324724,7.882969727941236,15.0
257.3,23.297941,7.9838233,13.857979,4.4200687,0.0024145194,-0.013585483,23.389972250166714,7.880991611586833,15.0
257.40000000000003,23.291634,7.982514,13.840867,4.4200683,0.0024187984,-0.013523971,23.38790690443969,7.879014239034471,15.0
257.5,23.285313,7.981206,13.828456,4.4200683,0.0024187984,-0.013523971,23.385851352189135,7.877037622642722,15.0
257.6,23.27898,7.980239,13.8123255,4.420068,0.002422698,-0.010126114,23.383805626303843,7.87506177476543,15.0
257.7,23.272636,7.979273,13.800466,4.420068,0.002422698,-0.010126114,23.381769759515386,7.87308670775164,15.0
257.8,23.266335,7.9782734,13.873557,4.4200797,0.0023748372,-0.010472502,23.379743784397586,7.871112433945513,15.0
257.90000000000003,23.260101,7.977275,13.919083,4.4200797,0.0023748372,-0.010472502,23.377727733366005,7.869138965686253,15.0
258.0,23.254242,7.976219,14.503475,4.420053,0.0020507395,-0.0110585205,23.375721638677415,7.867166315308034,15.0
258.1,23.248907,7.9751644,14.877906,4.420053,0.0020507395,-0.0110585205,23.373725532429287,7.86519449513991,15.0
258.2,23.243917,7.9741273,15.1335945,4.4200363,0.0020413396,-0.010895005,23.371739446559282,7.863223517505754,15.0
258.3,23.239159,7.973091,15.296892,4.4200363,0.0020413396,-0.010895005,23.369763412844726,7.861253394724168,15.0
258.40000000000003,23.23426,7.972092,14.91948,4.4200587,0.00232164,-0.010536899,23.36779746290212,7.8592841391084125,15.0
258.5,23.229029,7.971094,14.675701,4.4200587,0.00232164,-0.010536899,23.365841628186622,7.85731576296633,15.0
258.6,23.223646,7.9700427,14.625172,4.4200597,0.0022590996,-0.011084191,23.363895939991544,7.855348278600264,15.0
258.7,23.21822,7.968992,14.591464,4.4200597,0.0022590996,-0.011084191,23.36196042944786,7.853381698306987,15.0
258.8,23.212797,7.9679594,14.622719,4.420071,0.002227569,-0.010920147,23.360035127523687,7.851416034377617,15.0
258.90000000000003,23.207405,7.9669275,14.641585,4.420071,0.002227569,-0.010920147,23.358120065023822,7.849451299097549,15.0
259.0,23.2019,7.9658356,14.4303465,4.4200854,0.002356935,-0.011533548,23.356215272589225,7.847487504746372,15.0
259.1,23.19621,7.964745,14.293277,4.4200854,0.002356935,-0.011533548,23.354320780696533,7.845524663597793,15.0
259.2,23.19141,7.9632773,14.654737,4.0816884,0.001921317,-0.015285687,23.352436619657574,7.843562787919565,15.0
259.3,23.186913,7.9618115,14.894224,4.0816884,0.001921317,-0.015285687,23.350562819618887,7.8416018899734015,15.0
259.40000000000003,23.19088,7.9568367,14.998521,0.1,0.0,-0.05,23.34869941056123,7.839641982014911,15.0
259.5,23.194849,7.9518623,15.101839,0.1,0.0,-0.05,23.34684642229911,7.837683076293511,15.0
259.6,23.198822,7.946888,15.204188,0.1,0.0,-0.05,23.3450038844803,7.835725185052356,15.0
259.7,23.202797,7.9419136,15.305578,0.1,0.0,-0.05,23.343171826585365,7.83376832052826,15.0
259.8,23.206774,7.9369397,15.406019,0.1,0.0,-0.05,23.34135027792719,7.831812494951618,15.0
259.90000000000003,23.210752,7.931966,15.50552,0.1,0.0,-0.05,23.33953926765052,7.829857720546336,15.0
260.0,23.214733,7.926992,15.60409,0.1,0.0,-0.05,23.337738824731478,7.827904009529748,15.0
260.1,23.218716,7.922018,15.701738,0.1,0.0,-0.05,23.33594897797711,7.825951374112537,15.0
260.2,23.2227,7.9170446,15.798474,0.1,0.0,-0.05,23.334169756024927,7.8239998264986745,15.0
260.3,23.226686,7.912071,15.894307,0.1,0.0,-0.05,23.332401187342445,7.822049378885322,15.0
260.40000000000003,23.230644,7.907098,13.8850765,0.10225131,0.0009960757,-0.05,23.330643300226726,7.820100043462771,15.0
260.5,23.23455,7.9021244,11.896346,0.10225131,0.0009960757,-0.05,23.32889612280392,7.818151832414366,15.0
260.6,23.23844,7.8971515,12.031183,0.1,0.0,-0.05,23.32715968302883,7.816204757916414,15.0
260.7,23.24233,7.8921785,12.164738,0.1,0.0,-0.05,23.325434008684464,7.814258832138128,15.0
260.8,23.246225,7.8872056,12.297022,0.1,0.0,-0.05,23.323719127381565,7.812314067241536,15.0
260.90000000000003,23.250122,7.8822327,12.428048,0.1,0.0,-0.05,23.3220150665582,7.810370475381411,15.0
261.0,23.254023,7.87726,12.55783,0.1,0.0,-0.05,23.32032185347931,7.8084280687052,15.0
261.1,23.257925,7.8722878,12.6863785,0.1,0.0,-0.05,23.31863951523626,7.806486859352935,15.0
261.2,23.261831,7.8673153,12.813707,0.1,0.0,-0.05,23.316968078746434,7.80454685945717,15.0
261.3,23.26574,7.862343,12.939828,0.1,0.0,-0.05,23.315307570752775,7.802608081142896,15.0
261.40000000000003,23.265574,7.8574305,15.01595,1.8078347,0.0,-0.05,23.313658017823375,7.800670536527472,15.0
261.5,23.26626,7.8525205,16.74924,1.8078347,0.0,-0.05,23.31201944635105,7.798734237720548,15.0
261.6,23.267273,7.848793,16.539745,1.8085916,0.0008523568,-0.038193084,23.310391882552906,7.796799196823981,15.0
261.7,23.268194,7.8450675,16.3654,1.8085916,0.0008523568,-0.038193084,23.308775352469933,7.794865425931773,15.0
261.8,23.268251,7.843294,13.63291,1.8932916,0.0022252973,-0.018712599,23.30716988196657,7.792932937129986,15.0
261.90000000000003,23.267128,7.8415217,11.37184,1.8932916,0.0022252973,-0.018712599,23.305575496730317,7.791001742496666,15.0
262.0,23.270998,7.83655,11.512501,0.1,0.0,-0.05,23.3039922222713,7.789071854101777,15.0
262.1,23.274872,7.8315787,11.651821,0.1,0.0,-0.05,23.30242008392188,7.7871432840071115,15.0
262.2,23.27875,7.826607,11.789813,0.1,0.0,-0.05,23.30085910683624,7.78521604426623,15.0
262.3,23.282629,7.821636,11.926491,0.1,0.0,-0.05,23.29930931598997,7.783290146924371,15.0
262.40000000000003,23.285103,7.816918,12.715108,0.5971378,0.0,-0.047695845,23.297770736179697,7.781365604018388,15.0
262.5,23.287687,7.8122005,13.458286,0.5971378,0.0,-0.047695845,23.296243392022664,7.7794424275766705,15.0
262.6,23.287294,7.8092046,14.013197,1.8248903,0.00075163686,-0.031067297,23.294727307956347,7.777520629619061,15.0
262.7,23.287128,7.80621,14.475811,1.8248903,0.00075163686,-0.031067297,23.293222508238056,7.775600222156793,15.0
262.8,23.279232,7.80148,13.811903,5.0,0.003,-0.05,23.291729016944554,7.773681217192405,15.0
262.90000000000003,23.270678,7.7967553,13.407735,5.0,0.003,-0.05,23.29024685797167,7.7717636267196735,15.0
263.0,23.261723,7.7931223,13.16088,5.0,0.003,-0.03913837,23.28877605503392,7.769847462723533,15.0
263.1,23.252523,7.7894936,13.009269,5.0,0.003,-0.03913837,23.287316631664115,7.76793273718,15.0
263.2,23.243475,7.7926564,12.91831,4.893819,0.0029349914,0.028829303,23.285868611213,7.7660194620561045,15.0
263.3,23.234356,7.7958155,12.859162,4.893819,0.0029349914,0.028829303,23.28443201684887,7.764107649309809,15.0
263.40000000000003,23.225536,7.797812,12.823097,4.770195,0.002859303,0.017300535,23.28300687155721,7.762197310889937,15.0
263.5,23.216698,7.799806,12.797742,4.770195,0.002859303,0.017300535,23.281593198140303,7.7602884587361,15.0
263.6,23.208052,7.8009076,12.781014,4.6960254,0.002813893,0.008429237,23.280191019216904,7.758381104778613,15.0
263.7,23.199402,7.802008,12.767875,4.6960254,0.002813893,0.008429237,23.27880035722184,7.756475260938437,15.0
263.8,23.190874,7.8024073,12.758172,4.6506166,0.002786092,0.0014458923,23.277421234405672,7.754570939127086,15.0
263.90000000000003,23.182346,7.802806,12.74961,4.6506166,0.002786092,0.0014458923,23.27605367283434,7.752668151246566,15.0
264.0,23.18625,7.7978354,12.876161,0.1,0.0,-0.05,23.274697694388802,7.750766909189297,15.0
264.1,23.190159,7.792865,13.001511,0.1,0.0,-0.05,23.273353320764677,7.748867224838033,15.0
264.2,23.194069,7.7878942,13.125672,0.1,0.0,-0.05,23.27202057347192,7.746969110065798,15.0
264.3,23.19798,7.782924,13.248657,0.1,0.0,-0.05,23.270699473834455,7.7450725767358,15.0
264.40000000000003,23.201897,7.778616,13.370476,0.1,0.0,-0.043382064,23.26939004298985,7.743177636701367,15.0
264.5,23.205814,7.7743077,13.491137,0.1,0.0,-0.043382064,23.268092301888977,7.74128430180587,15.0
264.6,23.203424,7.7752466,14.370556,2.6757772,0.0010400476,0.0076399883,23.266806271295653,7.739392583882644,15.0
264.7,23.201553,7.776185,15.043021,2.6757772,0.0010400476,0.0076399883,23.26553197178635,7.737502494754922,15.0
264.8,23.200047,7.7759976,15.46842,2.6760106,0.0010878108,-0.0036143095,23.264269423749827,7.73561404623575,15.0
264.90000000000003,23.19879,7.7758107,15.793731,2.6760106,0.0010878108,-0.0036143095,23.263018647386833,7.733727250127931,15.0
265.0,23.198301,7.77547,17.693754,2.6762147,0.00020238537,-0.005155387,23.261779662709756,7.731842118223931,15.0
265.1,23.198927,7.775129,19.147738,2.6762147,0.00020238537,-0.005155387,23.260552489542324,7.729958662305819,15.0
265.2,23.199024,7.7704372,21.64385,5.0,0.0,-0.05,23.25933714751929,7.72807689414519,15.0
265.3,23.20156,7.7657514,23.159979,5.0,0.0,-0.05,23.25813365608609,7.726196825503086,15.0
265.40000000000003,23.205566,7.7610717,24.08203,5.0,0.0,-0.05,23.256942034498568,7.724318468129931,15.0
265.5,23.210463,7.7563977,24.643944,5.0,0.0,-0.05,23.255762301822642,7.722441833765454,15.0
265.6,23.21589,7.7517295,24.987535,5.0,0.0,-0.05,23.25459447693401,7.720566934138612,15.0
265.7,23.221638,7.747067,25.198774,5.0,0.0,-0.05,23.253438578517848,7.718693780967522,15.0
265.8,23.225538,7.7428207,20.104834,0.88669413,0.0025183505,-0.043272242,23.252294625068497,7.716822385959384,15.0
265.90000000000003,23.228355,7.7385755,15.443553,0.88669413,0.0025183505,-0.043272242,23.251162634889198,7.714952760810413,15.0
266.0,23.221272,7.7339573,14.397853,5.0,0.003,-0.049723495,23.250042626091766,7.71308491720576,15.0
266.1,23.213154,7.729345,13.762173,5.0,0.003,-0.049723495,23.248934616596316,7.711218866819439,15.0
266.2,23.204418,7.7331495,13.373968,5.0,0.003,0.034445595,23.247838624130978,7.709354621314262,15.0
266.3,23.195322,7.7369494,13.134881,5.0,0.003,0.034445595,23.246754666231606,7.707492192341753,15.0
266.40000000000003,23.18608,7.740166,12.987384,4.974552,0.0029844195,0.028673729,23.245682760241507,7.705631591542092,15.0
266.5,23.176714,7.743379,12.894168,4.974552,0.0029844195,0.028673729,23.24462292331115,7.7037728305440245,15.0
266.6,23.167274,7.746111,12.834005,4.974552,0.0029844195,0.02389817,23.24357517239791,7.701915920964803,15.0
266.7,23.157795,7.7488394,12.793986,4.974552,0.0029844195,0.02389817,23.242539524265773,7.700060874410104,15.0
266.8,23.148293,7.7511377,12.766267,4.974552,0.0029844195,0.01963163,23.241515995485084,7.6982077024739635,15.0
266.90000000000003,23.13878,7.753433,12.746072,4.974552,0.0029844195,0.01963163,23.240504602432292,7.6963564167387,15.0
267.0,23.129265,7.755346,12.730501,4.974552,0.0029844195,0.015828716,23.239505361289655,7.694507028774845,15.0
267.1,23.11975,7.757256,12.717785,4.974552,0.0029844195,0.015828716,23.238518288045015,7.692659550141064,15.0
267.2,23.123652,7.7522864,12.844457,0.1,0.0,-0.05,23.23754339849152,7.690813992384096,15.0
267.3,23.127556,7.747317,12.969927,0.1,0.0,-0.05,23.236580708227386,7.688970367038667,15.0
267.40000000000003,23.131464,7.7423477,13.094208,0.1,0.0,-0.05,23.23563023265563,7.6871286856274335,15.0
267.5,23.135374,7.7373786,13.217311,0.1,0.0,-0.05,23.23469198698385,7.685288959660896,15.0
267.6,23.139288,7.7405095,13.339224,0.1,0.0,0.031,23.233765986223947,7.683451200637335,15.0
267.7,23.143204,7.7436404,13.459934,0.1,0.0,0.031,23.23285224519192,7.681615420042741,15.0
267.8,23.147123,7.7386713,13.579478,0.1,0.0,-0.05,23.231950778507606,7.679781629350734,15.0
267.90000000000003,23.151045,7.733702,13.697891,0.1,0.0,-0.05,23.231061600594447,7.677949840022501,15.0
268.0,23.15497,7.728733,13.815186,0.1,0.0,-0.05,23.23018472567928,7.676120063506722,15.0
268.1,23.158897,7.7237644,13.931372,0.1,0.0,-0.05,23.229320167792075,7.674292311239489,15.0
268.2,23.161688,7.7188196,8.819527,0.4432514,0.0027,-0.05,23.228467940765746,7.672466594644252,15.0
268.3,23.163923,7.7138753,3.9295268,0.4432514,0.0027,-0.05,23.227628058235904,7.670642925131731,15.0
268.40000000000003,23.148924,7.70926,12.411381,5.0,0.0,-0.05,23.226800533640652,7.668821314099857,15.0
268.5,23.14226,7.704651,17.556036,5.0,0.0,-0.05,23.22598538022037,7.667001772933692,15.0
268.6,23.142832,7.699876,19.431095,2.6942236,0.0,-0.05,23.22518261101749,7.665184313005361,15.0
268.7,23.144503,7.695104,20.864208,2.6942236,0.0,-0.05,23.224392238876305,7.663368945673985,15.0
268.8,23.14324,7.692286,18.060753,4.7694225,0.0027,-0.032075737,23.223614276442753,7.661555682285602,15.0
268.90000000000003,23.139315,7.6894712,16.320015,4.7694225,0.0027,-0.032075737,23.222848736164213,7.659744534173103,15.0
269.0,23.13374,7.6887665,15.2382345,4.7694225,0.0027,-0.010998175,23.222095630289314,7.657935512656159,15.0
269.1,23.127142,7.6880627,14.564996,4.7694225,0.0027,-0.010998175,23.221354970867736,7.656128629041145,15.0
269.2,23.120045,7.6886086,14.149793,4.716269,0.0026692653,0.0015423478,23.220626769750016,7.654323894621082,15.0
269.3,23.112566,7.689154,13.888451,4.716269,0.0026692653,0.0015423478,23.21991103858735,7.652521320675552,15.0
269.40000000000003,23.104914,7.6903844,13.724166,4.6918025,0.002655118,0.008420827,23.219207788831426,7.650720918470636,15.0
269.5,23.097118,7.691613,13.618927,4.6918025,0.002655118,0.008420827,23.218517031734226,7.6489226992588435,15.0
269.6,23.089298,7.6931024,13.5513525,4.667879,0.0026412846,0.011057891,23.217838778347843,7.647126674279037,15.0
269.7,23.081427,7.6945896,13.506443,4.667879,0.0026412846,0.011057891,23.217173039524322,7.6453328547563695,15.0
269.8,23.075783,7.6951,14.87335,4.0899744,0.0015148676,0.0017376451,23.21651982591547,7.643541251902203,15.0
269.90000000000003,23.071291,7.6956096,15.780173,4.0899744,0.0015148676,0.0017376451,23.215879147972686,7.641751876914052,15.0
270.0,23.06757,7.6959386,16.388483,4.0899777,0.0015109042,-6.304367e-05,23.215251015946805,7.639964740975506,15.0
270.1,23.064362,7.6962676,16.791718,4.0899777,0.0015109042,-6.304367e-05,23.21463543988793,7.638179855256155,15.0
270.2,23.061525,7.6962795,17.100388,4.086218,0.0014855827,-0.0032270679,23.214032429645265,7.636397230911532,15.0
270.3,23.05895,7.6962914,17.304869,4.086218,0.0014855827,-0.0032270679,23.213441994866955,7.6346168790830315,15.0
270.40000000000003,23.056551,7.6959786,17.445736,4.086222,0.0014824036,-0.0064741485,23.212864144999948,7.632838810897846,15.0
270.5,23.054272,7.6956663,17.53884,4.086222,0.0014824036,-0.0064741485,23.21229888928983,7.6310630374689,15.0
270.6,23.052027,7.695022,17.610022,4.1180496,0.0014885622,-0.009821637,23.211746236780677,7.629289569894768,15.0
270.7,23.04984,7.694379,17.656755,4.1180496,0.0014885622,-0.009821637,23.211206196314922,7.627518419259617,15.0
270.8,23.047665,7.6934257,17.633331,4.118049,0.0015195666,-0.012929265,23.210678776533197,7.625749596633133,15.0
270.90000000000003,23.04547,7.6924734,17.61745,4.118049,0.0015195666,-0.012929265,23.210163985874207,7.623983113070452,15.0
271.0,23.043242,7.6912384,17.573074,4.1180496,0.0015388115,-0.015765365,23.209661832574596,7.622218979612089,15.0
271.1,23.040976,7.690005,17.543354,4.1180496,0.0015388115,-0.015765365,23.209172324668803,7.620457207283875,15.0
271.2,23.03866,7.6885343,17.48304,4.11805,0.0015619614,-0.018150179,23.208695469988943,7.61869780709688,15.0
271.3,23.036293,7.687065,17.442783,4.11805,0.0015619614,-0.018150179,23.208231276164682,7.61694079004735,15.0
271.40000000000003,23.035038,7.685815,16.729137,3.2172272,0.001600954,-0.015268744,23.20777975062311,7.615186167116634,15.0
271.5,23.03329,7.6845655,16.211687,3.2172272,0.001600954,-0.015268744,23.20734090058863,7.613433949271121,15.0
271.6,23.031132,7.6831064,15.7375,3.2240613,0.0016584198,-0.017381275,23.20691473308283,7.611684147462167,15.0
271.7,23.028645,7.6816487,15.393742,3.2240613,0.0016584198,-0.017381275,23.20650125492438,7.609936772626028,15.0
271.8,23.02595,7.6800213,15.057375,3.1930802,0.0016914512,-0.019066155,23.206100472728924,7.608191835683789,15.0
271.90000000000003,23.023024,7.6783953,14.812633,3.1930802,0.0016914512,-0.019066155,23.205712392908968,7.606449347541302,15.0
272.0,23.023525,7.675252,14.780041,1.6267761,0.0008285984,-0.032992803,23.20533702167378,7.604709319089113,15.0
272.1,23.024012,7.6721096,14.752681,1.6267761,0.0008285984,-0.032992803,23.204974365029294,7.602971761202392,15.0
272.2,23.027962,7.6671424,14.858899,0.1,0.0,-0.05,23.204624428778008,7.601236684740872,15.0
272.3,23.031914,7.662175,14.96412,0.1,0.0,-0.05,23.20428721851889,7.5995041005487725,15.0
272.40000000000003,23.035868,7.657208,15.068353,0.1,0.0,-0.05,23.203962739647302,7.597774019454741,15.0
272.5,23.039825,7.6522408,15.171608,0.1,0.0,-0.05,23.2036509973549,7.59604645227178,15.0
272.6,23.043785,7.647334,15.273894,0.1,0.0,-0.049398985,23.203351996629547,7.5943214097971765,15.0
272.7,23.047747,7.6424274,15.375222,0.1,0.0,-0.049398985,23.203065742255255,7.592598902812442,15.0
272.8,23.05165,7.638655,10.988737,0.10141716,0.0021224346,-0.03805775,23.202792238812087,7.590878942083238,15.0
272.90000000000003,23.05544,7.634883,6.646566,0.10141716,0.0021224346,-0.03805775,23.202531490676087,7.589161538359313,15.0
273.0,23.042992,7.6303663,14.047076,5.0,0.0,-0.05,23.202283502019228,7.5874467023744385,15.0
273.1,23.037811,7.6258554,18.536148,5.0,0.0,-0.05,23.202048276809318,7.58573444484633,15.0
273.2,23.041853,7.620889,18.605154,0.10007922,0.0,-0.05,23.201825818809954,7.584024776476593,15.0
273.3,23.045895,7.615923,18.673532,0.10007922,0.0,-0.05,23.20161613158046,7.582317707950648,15.0
273.40000000000003,23.049938,7.61828,18.741264,0.10007195,0.0,0.023232687,23.201419218475834,7.580613249937669,15.0
273.5,23.053984,7.620637,18.808336,0.10007195,0.0,0.023232687,23.201235082646672,7.5789114130905135,15.0
273.6,23.055536,7.6192293,20.204372,2.348145,0.0,-0.016551942,23.20106372703915,7.577212208045655,15.0
273.7,23.057816,7.6178226,21.308731,2.348145,0.0,-0.016551942,23.20090515439495,7.57551564542312,15.0
273.8,23.059868,7.6136394,22.81262,4.4669986,0.0,-0.046370227,23.20075936725123,7.573821735826419,15.0
273.90000000000003,23.063261,7.6094604,23.776587,4.4669986,0.0,-0.046370227,23.200626367940586,7.572130489842482,15.0
274.0,23.06744,7.605884,24.28922,3.544516,0.0,-0.039482005,23.200506158591,7.570441918041591,15.0
274.1,23.07199,7.602311,24.650507,3.544516,0.0,-0.039482005,23.200398741125824,7.568756030977313,15.0
274.2,23.077114,7.5978355,24.98696,5.0,0.0,-0.05,23.200304117263727,7.567072839186438,15.0
274.3,23.08255,7.593365,25.193731,5.0,0.0,-0.05,23.200222288518695,7.565392353188909,15.0
274.40000000000003,23.088177,7.5924315,25.321432,5.0,0.0,-0.014668644,23.20015325619999,7.563714583487758,15.0
274.5,23.09392,7.591499,25.400816,5.0,0.0,-0.014668644,23.200097021412116,7.56203954056904,15.0
274.6,23.099741,7.596198,25.45019,5.0,0.0,0.041672006,23.20005358505484,7.560367234901768,15.0
274.7,23.105618,7.6008916,25.480766,5.0,0.0,0.041672006,23.200022947823133,7.558697676937847,15.0
274.8,23.111523,7.5994225,25.50074,5.0,0.0,-0.019931309,23.200005110207197,7.557030877112007,15.0
274.90000000000003,23.117437,7.597955,25.51495,5.0,0.0,-0.019931309,23.20000007249243,7.555366845841744,15.0
275.0,23.12336,7.599823,25.525236,5.0,0.0,0.013418241,23.200007834759436,7.553705593527248,15.0
275.1,23.129292,7.6016884,25.532785,5.0,0.0,0.013418241,23.200028396884022,7.552047130551338,15.0
275.2,23.134039,7.6042824,23.780317,4.9998984,0.001051789,0.020735396,23.20006175853719,7.550391467279406,15.0
275.3,23.137068,7.6068735,22.717451,4.9998984,0.001051789,0.020735396,23.200107919185157,7.548738614059338,15.0
275.40000000000003,23.140238,7.602392,23.831816,5.0,0.0,-0.05,23.20016687808935,7.547088581221463,15.0
275.5,23.144487,7.5979166,24.510159,5.0,0.0,-0.05,23.200238634306434,7.545441379078483,15.0
275.6,23.148958,7.593193,24.742487,2.4937468,0.0,-0.05,23.200323186688305,7.543797017925403,15.0
275.7,23.153547,7.5884724,24.924917,2.4937468,0.0,-0.05,23.20042053388213,7.5421555080394755,15.0
275.8,23.158276,7.5837765,25.079119,2.7058802,0.0,-0.05,23.200530674330356,7.540516859680133,15.0
275.90000000000003,23.163084,7.579084,25.198282,2.7058802,0.0,-0.05,23.200653606270738,7.5388810830889215,15.0
276.0,23.167953,7.575669,25.290613,2.705304,0.0,-0.03725517,23.200789327736366,7.53724818848944,15.0
276.1,23.172869,7.5722556,25.362415,2.705304,0.0,-0.03725517,23.2009378365557,7.535618186087273,15.0
276.2,23.17715,7.5710235,23.523533,2.7048573,0.0010175483,-0.015461356,23.201099130352603,7.533991086069933,15.0
276.3,23.180338,7.5697923,22.121258,2.7048573,0.0010175483,-0.015461356,23.201273206546375,7.532366898606787,15.0
276.40000000000003,23.184462,7.5648274,22.15607,0.10039384,0.0,-0.05,23.201460062351806,7.530745633849002,15.0
276.5,23.188585,7.5598626,22.190598,0.10039384,0.0,-0.05,23.201659694779202,7.5291273019294795,15.0
276.6,23.192638,7.5561314,16.51468,0.100039385,0.0027,-0.037668817,23.20187210063445,7.527511912962786,15.0
276.7,23.19655,7.5524,10.895314,0.100039385,0.0027,-0.037668817,23.202097276519062,7.525899477045099,15.0
276.8,23.200394,7.5474358,11.041916,0.1,0.0,-0.05,23.20233521883023,7.524290004254136,15.0
276.90000000000003,23.204239,7.5424714,11.187118,0.1,0.0,-0.05,23.202585923760875,7.522683504649099,15.0
277.0,23.207142,7.537541,11.46817,0.39082006,0.00013092812,-0.05,23.202849387299732,7.521079988270604,15.0
277.1,23.210072,7.532611,11.738648,0.39082006,0.00013092812,-0.05,23.203125605231385,7.519479465140623,15.0
277.2,23.212938,7.527682,10.732927,0.3983317,0.0007434002,-0.05,23.203414573136353,7.517881945262422,15.0
277.3,23.215706,7.5227532,9.766678,0.3983317,0.0007434002,-0.05,23.20371628639116,7.516287438620492,15.0
277.40000000000003,23.205822,7.518377,16.014423,5.0,0.0,-0.05,23.204030740168395,7.514695955180496,15.0
277.5,23.202072,7.514006,19.804558,5.0,0.0,-0.05,23.20435792943681,7.513107504889202,15.0
277.6,23.206055,7.5170755,13.518262,0.1,0.003,0.030327044,23.204697848961377,7.511522097674416,15.0
277.7,23.20988,7.5201445,7.294527,0.1,0.003,0.030327044,23.205050493303396,7.509939743444931,15.0
277.8,23.197565,7.5157714,14.512869,5.0,0.0,-0.05,23.20541585682056,7.508360452090453,15.0
277.90000000000003,23.19234,7.5114036,18.89138,5.0,0.0,-0.05,23.205793933667067,7.506784233481548,15.0
278.0,23.188025,7.517035,16.532045,5.0,0.003,0.05,23.20618471779369,7.505211097469581,15.0
278.1,23.181412,7.52266,15.097469,5.0,0.003,0.05,23.206588202947895,7.503641053886643,15.0
278.2,23.185358,7.517696,15.202324,0.1,0.0,-0.05,23.207004382673926,7.502074112545502,15.0
278.3,23.189306,7.5127325,15.306194,0.1,0.0,-0.05,23.20743325031292,7.500510283239536,15.0
278.40000000000003,23.185444,7.5084457,18.991968,4.5166674,4.0821906e-05,-0.04863927,23.207874799002997,7.4989495757426745,15.0
278.5,23.18492,7.5041637,21.339151,4.5166674,4.0821906e-05,-0.04863927,23.208329021679393,7.497391999809334,15.0
278.6,23.188951,7.5075903,16.00758,0.1,0.0025413043,0.033898387,23.208795911074553,7.495837565174359,15.0
278.7,23.192852,7.511017,10.729068,0.1,0.0025413043,0.033898387,23.209275459718256,7.494286281552959,15.0
278.8,23.196688,7.5096536,10.877532,0.1,0.0,-0.014000787,23.209767659937736,7.4927381586406545,15.0
278.90000000000003,23.200527,7.5082903,11.024556,0.1,0.0,-0.014000787,23.210272503857798,7.4911932061132065,15.0
279.0,23.20437,7.5065413,11.170156,0.1,0.0,-0.017858231,23.21078998340095,7.489651433626564,15.0
279.1,23.208218,7.504792,11.314345,0.1,0.0,-0.017858231,23.211320090287533,7.4881128508168,15.0
279.2,23.211967,7.5042653,11.500934,0.13087456,0.0,-0.005675813,23.211862816035847,7.486577467300053,15.0
279.3,23.215723,7.5037384,11.685136,0.13087456,0.0,-0.005675813,23.21241815196229,7.4850452926724635,15.0
279.40000000000003,23.219193,7.503902,7.0101614,0.18694992,0.0023431901,0.0011622226,23.2129860891815,7.483516336510118,15.0
279.5,23.222446,7.5040655,2.4218185,0.18694992,0.0023431901,0.0011622226,23.21356661860649,7.481990608368989,15.0
279.6,23.205282,7.4997125,11.562906,5.0,0.0,-0.05,23.214159730948808,7.48046811778487,15.0
279.7,23.197105,7.495365,17.106977,5.0,0.0,-0.05,23.214765416718663,7.478948874273326,15.0
279.8,23.192406,7.4949713,17.563889,5.0,0.0017384439,-0.010493736,23.215383666225105,7.47743288732962,15.0
279.90000000000003,23.188158,7.494578,17.839914,5.0,0.0017384439,-0.010493736,23.216014469576145,7.475920166428667,15.0
280.0,23.182898,7.4942493,16.10825,5.0,0.0028738445,-0.009849992,23.216657816678946,7.474410721024968,15.0
280.1,23.17594,7.4939213,15.0557575,5.0,0.0028738445,-0.009849992,23.21731369723997,7.472904560552552,15.0
280.2,23.179882,7.4889584,15.16153,0.10035522,5.034075e-10,-0.05,23.21798210076514,7.471401694424918,15.0
280.3,23.183826,7.4839954,15.266304,0.10035522,5.034075e-10,-0.05,23.21866301656002,7.469902132034971,15.0
280.40000000000003,23.179335,7.48734,19.321554,4.9529905,0.0,0.026832273,23.21935643372996,7.468405882754974,15.0
280.5,23.178814,7.49068,21.792294,4.9529905,0.0,0.026832273,23.22006234118031,7.466912955936479,15.0
280.6,23.179487,7.493201,21.520401,4.995299,0.001069091,0.018618494,23.22078072761656,7.4654233609102745,15.0
280.7,23.179901,7.4957185,21.354906,4.995299,0.001069091,0.018618494,23.221511581544547,7.463937106986324,15.0
280.8,23.178919,7.497493,19.42467,4.995299,0.0021631818,0.011212892,23.22225489127062,7.46245420345371,15.0
280.90000000000003,23.176046,7.4992647,18.251873,4.995299,0.0021631818,0.011212892,23.22301064490184,7.460974659580574,15.0
281.0,23.17165,7.500372,16.976143,4.995299,0.0024995364,0.004582998,23.223778830346166,7.459498484614063,15.0
281.1,23.166008,7.5014777,16.199932,4.995299,0.0024995364,0.004582998,23.22455943531265,7.458025687780261,15.0
281.2,23.16998,7.496515,16.293829,0.1,0.0,-0.05,23.225352447311625,7.456556278284149,15.0
281.3,23.173954,7.491552,16.38685,0.1,0.0,-0.05,23.226157853654918,7.455090265309526,15.0
281.40000000000003,23.168278,7.4871902,15.129028,4.51,0.0027,-0.049617894,23.226975641456043,7.453627658018972,15.0
281.5,23.161455,7.4828334,14.326849,4.51,0.0027,-0.049617894,23.22780579763041,7.452168465553777,15.0
281.6,23.153902,7.4795876,13.814598,4.51,0.0027,-0.038551297,23.228648308895547,7.450712697033889,15.0
281.7,23.145882,7.4763455,13.486802,4.51,0.0027,-0.038551297,23.229503161771284,7.449260361557856,15.0
281.8,23.137566,7.474512,13.276263,4.5099998,0.0026999998,-0.02449193,23.230370342579995,7.447811468202771,15.0
281.90000000000003,23.129063,7.4726806,13.140227,4.5099998,0.0026999998,-0.02449193,23.231249837446807,7.4463660260242115,15.0
282.0,23.132957,7.467718,13.264464,0.1,0.0,-0.05,23.232141632299818,7.444924044056188,15.0
282.1,23.136856,7.4627557,13.387524,0.1,0.0,-0.05,23.233045712870332,7.443485531311082,15.0
282.2,23.140757,7.4630933,13.509401,0.1,0.0,0.003000057,23.233962064693078,7.442050496779595,15.0
282.3,23.14466,7.463431,13.630094,0.1,0.0,0.003000057,23.23489067310645,7.440618949430685,15.0
282.40000000000003,23.148567,7.463492,13.749613,0.1,0.0,0.0002336666,23.235831523252727,7.43919089821152,15.0
282.5,23.152477,7.463553,13.867971,0.1,0.0,0.0002336666,23.23678460007833,7.437766352047418,15.0
282.6,23.15639,7.458591,13.985196,0.1,0.0,-0.05,23.237749888334047,7.436345319841783,15.0
282.7,23.160303,7.453629,14.101314,0.1,0.0,-0.05,23.238727372575294,7.434927810476066,15.0
282.8,23.164196,7.4510846,12.262164,0.1,0.00092402764,-0.025826016,23.239717037162336,7.433513832809693,15.0
282.90000000000003,23.168043,7.44854,10.441359,0.1,0.00092402764,-0.025826016,23.24071886626057,7.43210339568002,15.0
283.0,23.171793,7.4479923,5.9197884,0.10402513,0.0022129843,-0.0058662165,23.24173284384074,7.430696507902278,15.0
283.1,23.175426,7.4474444,1.445042,0.10402513,0.0022129843,-0.0058662165,23.242758953679232,7.429293178269506,15.0
283.2,23.157185,7.443162,10.969523,5.0,0.0,-0.05,23.243797179358314,7.427893415552513,15.0
283.3,23.148308,7.438885,16.745958,5.0,0.0,-0.05,23.244847504266392,7.4264972284998105,15.0
283.40000000000003,23.148119,7.437944,18.778452,2.588612,0.0,-0.013292371,23.245909911598293,7.425104625837563,15.0
283.5,23.149086,7.437003,20.347618,2.588612,0.0,-0.013292371,23.246984384355518,7.423715616269533,15.0
283.6,23.150946,7.436374,21.559343,2.5887818,0.0,-0.010177161,23.24807090534653,7.422330208477025,15.0
283.7,23.153494,7.4357457,22.495174,2.5887818,0.0,-0.010177161,23.24916945718702,7.420948411118833,15.0
283.8,23.155935,7.4398026,23.740948,5.0,0.0,0.033296835,23.250280022300174,7.419570232831187,15.0
283.90000000000003,23.159609,7.4438543,24.496826,5.0,0.0,0.033296835,23.251402582916977,7.418195682227696,15.0
284.0,23.16402,7.4395766,24.956795,5.0,0.0,-0.05,23.252537121076482,7.416824767899299,15.0
284.1,23.168867,7.435304,25.238276,5.0,0.0,-0.05,23.253683618626106,7.415457498414202,15.0
284.2,23.173988,7.441031,25.410273,5.0,0.0,0.049999744,23.254842057221907,7.414093882317839,15.0
284.3,23.17929,7.4467506,25.514826,5.0,0.0,0.049999744,23.2560124183289,7.412733928132803,15.0
284.40000000000003,23.184706,7.4523115,25.57852,5.0,0.0,0.04848618,23.25719468322133,7.411377644358804,15.0
284.5,23.190195,7.4578657,25.617466,5.0,0.0,0.04848618,23.258388832982977,7.410025039472614,15.0
284.6,23.195719,7.4535704,25.642675,5.0,0.0,-0.05,23.259594848507476,7.408676121928004,15.0
284.7,23.201248,7.4492803,25.660616,5.0,0.0,-0.05,23.260812710498605,7.40733090015571,15.0
284.8,23.206783,7.449605,25.673553,5.0,0.0,-0.0038785574,23.262042399470594,7.405989382563358,15.0
284.90000000000003,23.212326,7.449929,25.68296,5.0,0.0,-0.0038785574,23.26328389574845,7.404651577535432,15.0
285.0,23.217876,7.4518294,25.690025,5.0,0.0,0.011894419,23.26453717946826,7.40331749343321,15.0
285.1,23.223433,7.4537272,25.695503,5.0,0.0,0.011894419,23.265802230577506,7.40198713859471,15.0
285.2,23.228992,7.4549212,25.700104,4.994544,0.0,0.004884262,23.2670790288354,7.400660521334649,15.0
285.3,23.234554,7.456114,25.704254,4.994544,0.0,0.004884262,23.2683675538132,7.399337649944377,15.0
285.40000000000003,23.24012,7.4577293,25.70808,4.9994545,0.0,0.00912335,23.269667784894526,7.398018532691837,15.0
285.5,23.245687,7.459343,25.711664,4.9994545,0.0,0.00912335,23.270979701275714,7.39670317782151,15.0
285.6,23.251255,7.4592085,25.715324,4.9994545,0.0,-0.008347314,23.27230328196613,7.395391593554357,15.0
285.7,23.25682,7.459074,25.719217,4.9994545,0.0,-0.008347314,23.27363850578851,7.394083788087776,15.0
285.8,23.262388,7.4623923,25.72281,4.9994545,0.0,0.02619899,23.274985351379307,7.392779769595546,15.0
285.90000000000003,23.267963,7.4657063,25.725853,4.9994545,0.0,0.02619899,23.27634379718901,7.391479546227781,15.0
286.0,23.273544,7.4674554,25.728762,4.9994545,0.0,0.010579892,23.27771382148252,7.3901831261108715,15.0
286.1,23.279127,7.469202,25.73176,4.9994545,0.0,0.010579892,23.27909540233948,7.388890517347438,15.0
286.2,23.284708,7.4683704,25.735146,4.9994545,0.0,-0.015198378,23.28048851765462,7.387601728016281,15.0
286.3,23.290283,7.46754,25.73904,4.9994545,0.0,-0.015198378,23.281893145138127,7.386316766172331,15.0
286.40000000000003,23.295855,7.466483,25.743273,4.9994545,0.0,-0.01747249,23.283309262315996,7.385035639846595,15.0
286.5,23.30142,7.465428,25.747732,4.9994545,0.0,-0.01747249,23.28473684653038,7.3837583570461085,15.0
286.6,23.306984,7.4655914,25.75217,4.9994545,0.0,-0.005287624,23.286175874939957,7.382484925753883,15.0
286.7,23.312546,7.465755,25.756466,4.9994545,0.0,-0.005287624,23.287626324520307,7.381215353928863,15.0
286.8,23.318106,7.4655156,25.760725,4.9994545,0.0,-0.009317064,23.289088172064268,7.379949649505866,15.0
286.90000000000003,23.323664,7.4652762,25.765005,4.9994545,0.0,-0.009317064,23.29056139418231,7.378687820395541,15.0
287.0,23.32922,7.464908,25.769314,4.9982457,0.0,-0.010607277,23.292045967302908,7.377429874484316,15.0
287.1,23.334772,7.4645405,25.773653,4.9982457,0.0,-0.010607277,23.29354186767293,7.37617581963435,15.0
287.2,23.34032,7.4636116,25.778082,4.9976997,0.0,-0.016227167,23.295049071357994,7.37492566368348,15.0
287.3,23.345865,7.462684,25.782623,4.9976997,0.0,-0.016227167,23.29656755424288,7.373679414445176,15.0
287.40000000000003,23.351406,7.4617577,25.787231,4.9969487,0.0,-0.016227167,23.298097292031894,7.372437079708494,15.0
287.5,23.356943,7.460832,25.79188,4.9969487,0.0,-0.016227167,23.299638260249257,7.371198667238022,15.0
287.6,23.362474,7.459938,25.796545,4.9962063,0.0,-0.015923519,23.30119043423952,7.36996418477383,15.0
287.7,23.368002,7.4590454,25.801218,4.9962063,0.0,-0.015923519,23.30275378916792,7.368733640031436,15.0
287.8,23.373528,7.4582825,25.80588,4.998674,0.0,-0.01463556,23.304328300020824,7.367507040701734,15.0
287.90000000000003,23.37905,7.4575205,25.810516,4.998674,0.0,-0.01463556,23.305913941606086,7.366284394450969,15.0
288.0,23.384567,7.4569116,25.815119,4.998674,0.0,-0.013114217,23.307510688553474,7.365065708920677,15.0
288.1,23.390083,7.4563036,25.819681,4.998674,0.0,-0.013114217,23.309118515315074,7.363850991727637,15.0
288.2,23.395596,7.4558206,25.824203,4.998674,0.0,-0.011870129,23.31073739616569,7.362640250463828,15.0
288.3,23.401106,7.4553385,25.828686,4.998674,0.0,-0.011870129,23.31236730520326,7.361433492696379,15.0
288.40000000000003,23.406612,7.4549723,25.83313,4.998674,0.0,-0.010715326,23.31400821634928,7.360230725967521,15.0
288.5,23.412117,7.4546065,25.837536,4.998674,0.0,-0.010715326,23.315660103349202,7.359031957794544,15.0
288.6,23.41762,7.454345,25.841906,4.998674,0.0,-0.00967181,23.317322939772872,7.3578371956697435,15.0
288.7,23.42312,7.4540844,25.846241,4.998674,0.0,-0.00967181,23.318996699014942,7.356646447060381,15.0
288.8,23.428617,7.453824,25.850555,4.998674,0.0,-0.00967181,23.3206813542953,7.355459719408629,15.0
288.90000000000003,23.434113,7.4535637,25.854855,4.998674,0.0,-0.00967181,23.322376878659497,7.354277020131533,15.0
289.0,23.439606,7.453304,25.859146,4.998674,0.0,-0.00967181,23.324083244979178,7.35309835662096,15.0
289.1,23.445097,7.4530444,25.86343,4.998674,0.0,-0.00967181,23.325800425952522,7.351923736243551,15.0
289.2,23.450586,7.4527855,25.86771,4.998674,0.0,-0.00967181,23.327528394104668,7.350753166340681,15.0
289.3,23.456072,7.4525266,25.871986,4.998674,0.0,-0.00967181,23.32926712178816,7.349586654228408,15.0
289.40000000000003,23.461555,7.452268,25.876259,4.998674,0.0,-0.00967181,23.3310165811834,7.348424207197429,15.0
289.5,23.467037,7.45201,25.88053,4.998674,0.0,-0.00967181,23.33277674429906,7.347265832513035,15.0
289.6,23.472517,7.451752,25.884798,4.998674,0.0,-0.00967181,23.334547582972583,7.346111537415061,15.0
289.7,23.477993,7.4514947,25.889065,4.998674,0.0,-0.00967181,23.336329068870583,7.344961329117852,15.0
289.8,23.483467,7.4512377,25.89333,4.998674,0.0,-0.00967181,23.33812117348932,7.343815214810202,15.0
289.90000000000003,23.48894,7.4509807,25.897593,4.998674,0.0,-0.00967181,23.339923868155164,7.342673201655323,15.0
290.0,23.49441,7.450724,25.901852,4.998674,0.0,-0.00967181,23.341737124025034,7.341535296790796,15.0
290.1,23.499878,7.450468,25.90611,4.998674,0.0,-0.00967181,23.343560912086875,7.340401507328519,15.0
290.2,23.505342,7.450212,25.910368,4.998674,0.0,-0.00967181,23.345395203160123,7.339271840354675,15.0
290.3,23.510805,7.4499564,25.914621,4.998674,0.0,-0.00967181,23.34723996789615,7.338146302929677,15.0
290.40000000000003,23.516266,7.4497013,25.918873,4.998674,0.0,-0.00967181,23.34909517677877,7.337024902088131,15.0
290.5,23.521725,7.449446,25.923124,4.998674,0.0,-0.00967181,23.350960800124675,7.33590764483879,15.0
290.6,23.527182,7.4491916,25.927374,4.998674,0.0,-0.00967181,23.35283680808393,7.334794538164506,15.0
290.7,23.532635,7.4489374,25.93162,4.998674,0.0,-0.00967181,23.354723170640447,7.333685589022194,15.0
290.8,23.538086,7.4486833,25.935865,4.998674,0.0,-0.00967181,23.356619857612472,7.332580804342781,15.0
290.90000000000003,23.543535,7.4484296,25.940107,4.998674,0.0,-0.00967181,23.35852683865305,7.331480191031169,15.0
291.0,23.548983,7.4481764,25.94435,4.998674,0.0,-0.00967181,23.360444083250524,7.330383755966186,15.0
291.1,23.554428,7.447923,25.948587,4.998674,0.0,-0.00967181,23.36237156072902,7.329291506000549,15.0
291.2,23.55987,7.4476705,25.952826,4.998674,0.0,-0.00967181,23.364309240248943,7.328203447960816,15.0
291.3,23.56531,7.447418,25.95706,4.998674,0.0,-0.00967181,23.366257090807462,7.327119588647347,15.0
291.40000000000003,23.570747,7.447166,25.961294,4.998674,0.0,-0.00967181,23.368215081239008,7.326039934834257,15.0
291.5,23.576183,7.446914,25.965525,4.998674,0.0,-0.00967181,23.370183180215776,7.324964493269382,15.0
291.6,23.581617,7.446663,25.969755,4.998674,0.0,-0.00967181,23.372161356248224,7.323893270674226,15.0
291.7,23.587048,7.4464116,25.973984,4.998674,0.0,-0.00967181,23.374149577685575,7.322826273743927,15.0
291.8,23.592476,7.446161,25.978209,4.998674,0.0,-0.00967181,23.376147812716336,7.321763509147214,15.0
291.90000000000003,23.597902,7.4459105,25.982433,4.998674,0.0,-0.00967181,23.378156029368782,7.32070498352636,15.0
292.0,23.603327,7.44566,25.986654,4.998674,0.0,-0.00967181,23.380174195511493,7.319650703497148,15.0
292.1,23.60875,7.4454103,25.990875,4.998674,0.0,-0.00967181,23.382202278853853,7.318600675648824,15.0
292.2,23.614168,7.445161,25.995094,4.998674,0.0,-0.00967181,23.38424024694657,7.317554906544061,15.0
292.3,23.619585,7.4449115,25.99931,4.998674,0.0,-0.00967181,23.386288067182203,7.3165134027189085,15.0
292.40000000000003,23.625,7.4446626,26.003523,4.998674,0.0,-0.00967181,23.38834570679567,7.315476170682764,15.0
292.5,23.630413,7.4444137,26.007736,4.998674,0.0,-0.00967181,23.390413132864776,7.314443216918326,15.0
292.6,23.635824,7.444165,26.011948,4.998674,0.0,-0.00967181,23.392490312310752,7.31341454788155,15.0
292.7,23.641232,7.4439173,26.016157,4.998674,0.0,-0.00967181,23.39457721189877,7.312390170001615,15.0
292.8,23.646637,7.4436693,26.020363,4.998674,0.0,-0.00967181,23.39667379823848,7.311370089680879,15.0
292.90000000000003,23.65204,7.443422,26.024567,4.998674,0.0,-0.00967181,23.398780037784555,7.31035431329484,15.0
293.0,23.657377,7.4431086,25.958063,4.9298716,4.2135543e-05,-0.0102382265,23.40089589683719,7.309342847192099,15.0
293.1,23.662643,7.4427958,25.919046,4.9298716,4.2135543e-05,-0.0102382265,23.4030213415427,7.308335697694314,15.0
293.2,23.667774,7.442385,25.790358,4.8277893,0.0001046517,-0.011078615,23.40515633789401,7.307332871096168,15.0
293.3,23.672775,7.441975,25.712467,4.8277893,0.0001046517,-0.011078615,23.407300851731225,7.306334373665322,15.0
293.40000000000003,23.677412,7.4412265,25.286264,4.4757614,0.00032023733,-0.013976674,23.409454848742165,7.305340211642383,15.0
293.5,23.681658,7.440479,25.01514,4.4757614,0.00032023733,-0.013976674,23.411618294462926,7.30435039124086,15.0
293.6,23.683964,7.4358683,19.639189,2.5984907,0.003,-0.05,23.413791154278428,7.303364918647127,15.0
293.7,23.683187,7.4312606,15.494116,2.5984907,0.003,-0.05,23.415973393422952,7.302383800020385,15.0
293.8,23.674767,7.4269986,14.634914,5.0,0.003,-0.05,23.418164976980723,7.301407041492621,15.0
293.90000000000003,23.665497,7.422742,14.11195,5.0,0.003,-0.05,23.42036586988645,7.300434649168575,15.0
294.0,23.65571,7.4184904,13.79281,5.0,0.003,-0.05,23.422576036925893,7.2994666291256936,15.0
294.1,23.645607,7.414244,13.597227,5.0,0.003,-0.05,23.424795442736425,7.2985029874141,15.0
294.2,23.635311,7.410003,13.476541,5.0,0.003,-0.05,23.427024051807603,7.297543730056552,15.0
294.3,23.624895,7.405768,13.401254,5.0,0.003,-0.05,23.42926182848173,7.296588863048404,15.0
294.40000000000003,23.614403,7.401538,13.353486,5.0,0.003,-0.05,23.431508736954427,7.2956383923575725,15.0
294.5,23.603863,7.397313,13.322396,5.0,0.003,-0.05,23.433764741275205,7.294692323924496,15.0
294.6,23.59329,7.3930936,13.3014145,5.0,0.003,-0.05,23.43602980534804,7.293750663662098,15.0
294.7,23.582695,7.3888793,13.286556,5.0,0.003,-0.05,23.43830389293196,7.292813417455754,15.0
294.8,23.572084,7.3846703,13.275407,5.0,0.003,-0.05,23.440586967641607,7.291880591163249,15.0
294.90000000000003,23.56146,7.3804665,13.266502,5.0,0.003,-0.05,23.442878992947843,7.290952190614743,15.0
295.0,23.550827,7.376268,13.258956,5.0,0.003,-0.05,23.445179932178302,7.29002822161274,15.0
295.1,23.540186,7.3720746,13.25223,5.0,0.003,-0.05,23.447489748518013,7.289108689932038,15.0
295.2,23.529537,7.3678865,13.245997,5.0,0.003,-0.05,23.449808405009957,7.288193601319712,15.0
295.3,23.51888,7.3637037,13.240062,5.0,0.003,-0.05,23.452135864555686,7.28728296149506,15.0
295.40000000000003,23.508217,7.359526,13.2343025,5.0,0.003,-0.05,23.454472089915896,7.286376776149578,15.0
295.5,23.497545,7.355354,13.228646,5.0,0.003,-0.05,23.456817043711027,7.285475050946923,15.0
295.6,23.488544,7.3511868,15.6949415,5.0,0.001521314,-0.05,23.45917068842187,7.284577791522873,15.0
295.7,23.481964,7.347025,17.190166,5.0,0.001521314,-0.05,23.46153298639016,7.283685003485298,15.0
295.8,23.479168,7.344329,20.024775,4.3558044,0.00015213141,-0.034329046,23.463903899819186,7.282796692414118,15.0
295.90000000000003,23.478867,7.3416357,21.859009,4.3558044,0.00015213141,-0.034329046,23.466283390774375,7.281912863861276,15.0
296.0,23.480639,7.338489,22.119114,3.0691726,0.00045091056,-0.03677321,23.468671421183924,7.281033523350699,15.0
296.1,23.482574,7.335345,22.31135,3.0691726,0.00045091056,-0.03677321,23.4710679528394,7.280158676378258,15.0
296.2,23.484287,7.331347,23.25772,4.22704,0.00018200933,-0.047266934,23.473472947396345,7.279288328411749,15.0
296.3,23.486803,7.3273535,23.87934,4.22704,0.00018200933,-0.047266934,23.475886366374905,7.27842248489084,15.0
296.40000000000003,23.490366,7.322763,24.308077,2.28102,0.0,-0.05,23.478308171160418,7.277561151227052,15.0
296.5,23.49414,7.318175,24.650497,2.28102,0.0,-0.05,23.48073832300406,7.276704332803717,15.0
296.6,23.498238,7.3133054,24.731441,0.62199885,0.0,-0.05,23.48317678302346,7.275852034975947,15.0
296.7,23.502344,7.308437,24.807865,0.62199885,0.0,-0.05,23.485623512203308,7.275004263070603,15.0
296.8,23.50643,7.311594,24.92269,1.0107468,0.0,0.029585602,23.488078471395983,7.274161022386252,15.0
296.90000000000003,23.510542,7.3147507,25.02659,1.0107468,0.0,0.029585602,23.490541621322198,7.27332231819315,15.0
297.0,23.514683,7.31466,25.329823,3.7070308,0.0,-0.0074997796,23.4930129225716,7.2724881557331935,15.0
297.1,23.519054,7.3145695,25.540154,3.7070308,0.0,-0.0074997796,23.495492335603426,7.271658540219896,15.0
297.2,23.523584,7.313319,25.68653,3.7074938,0.0,-0.019107254,23.497979820747123,7.270833476838351,15.0
297.3,23.528221,7.31207,25.788866,3.7074938,0.0,-0.019107254,23.500475338202975,7.270012970745201,15.0
297.40000000000003,23.532446,7.3099003,24.883614,3.3135173,0.0005366672,-0.027648725,23.502978848042762,7.269197027068609,15.0
297.5,23.536024,7.307732,24.234842,3.3135173,0.0005366672,-0.027648725,23.505490310210373,7.268385650908218,15.0
297.6,23.539427,7.3064404,24.736256,4.0322385,5.366674e-05,-0.020147178,23.508009684522474,7.267578847335128,15.0
297.7,23.54324,7.30515,25.072485,4.0322385,5.366674e-05,-0.020147178,23.510536930669126,7.266776621391858,15.0
297.8,23.545824,7.303973,22.509947,4.030636,0.0016479897,-0.019021839,23.513072008214447,7.265978978092317,15.0
297.90000000000003,23.54628,7.3027973,20.797844,4.030636,0.0016479897,-0.019021839,23.515614876597247,7.265185922421773,15.0
298.0,23.550264,7.297839,14.505519,0.1,0.003,-0.05,23.518165495131687,7.2643974593368235,15.0
298.1,23.554092,7.292881,8.275862,0.1,0.003,-0.05,23.520723823007927,7.263613593765357,15.0
298.2,23.541708,7.2887917,15.26341,5.0,0.0,-0.05,23.523289819292774,7.262834330606534,15.0
298.3,23.536188,7.2847075,19.501757,5.0,0.0,-0.05,23.525863442930344,7.262059674730744,15.0
298.40000000000003,23.538147,7.2799172,14.086379,1.0336368,0.003,-0.05,23.528444652742714,7.261289630979585,15.0
298.5,23.538773,7.2751284,9.203173,1.0336368,0.003,-0.05,23.531033407430574,7.2605242041658276,15.0
298.6,23.527262,7.2710614,15.825895,5.0,0.0,-0.05,23.533629665573915,7.259763399073387,15.0
298.7,23.522257,7.2669997,19.843065,5.0,0.0,-0.05,23.536233385632656,7.259007220457293,15.0
298.8,23.526218,7.270984,13.616433,0.1,0.0029734322,0.039417837,23.538844525947333,7.258255673043658,15.0
298.90000000000003,23.530024,7.2749686,7.4517627,0.1,0.0029734322,0.039417837,23.541463044739757,7.257508761529652,15.0
299.0,23.516802,7.2709017,14.76035,5.0,0.0,-0.05,23.544088900113685,7.256766490583471,15.0
299.1,23.510761,7.26684,19.193296,5.0,0.0,-0.05,23.546722050055482,7.256028864844303,15.0
299.2,23.51386,7.269979,17.883192,0.6329479,0.0008398011,0.029986942,23.54936245243481,7.255295888922309,15.0
299.3,23.51676,7.2731175,16.653463,0.6329479,0.0008398011,0.029986942,23.552010065005287,7.254567567398585,15.0
299.40000000000003,23.520494,7.2751727,11.003075,0.15329479,0.0027465648,0.020031663,23.554664845405163,7.253843904825137,15.0
299.5,23.524015,7.277228,5.4386654,0.15329479,0.0027465648,0.020031663,23.557326751158016,7.253124905724857,15.0
299.6,23.508827,7.273158,13.536215,5.0,0.0,-0.05,23.559995739673404,7.252410574591483,15.0
299.7,23.501598,7.2690935,18.447437,5.0,0.0,-0.05,23.562671768247572,7.251700915889585,15.0
299.8,23.504519,7.271091,19.002832,0.7611724,0.0,0.018341117,23.565354794064117,7.250995934054527,15.0
299.90000000000003,23.507542,7.273088,19.517597,0.7611724,0.0,0.018341117,23.568044774194686,7.250295633492442,15.0
300.0,23.504768,7.2755375,16.829718,3.8427458,0.0027,0.01727902,23.5,7.6,15.0
300.1,23.49986,7.2779846,14.997823,3.8427458,0.0027,0.01727902,23.5,7.6,15.0
300.2,23.5037,7.283027,8.763544,0.100400336,0.003,0.05,23.5,7.6,15.0
300.3,23.507383,7.2880692,2.591542,0.100400336,0.003,0.05,23.5,7.6,15.0
300.40000000000003,23.489449,7.283986,11.800724,5.0,0.0,-0.05,23.5,7.6,15.0
300.5,23.480568,7.279908,17.385836,5.0,0.0,-0.05,23.5,7.6,15.0
300.6,23.484468,7.2849503,11.127076,0.1,0.003,0.05,23.5,7.6,15.0
300.7,23.488214,7.2899923,4.930591,0.1,0.003,0.05,23.5,7.6,15.0
300.8,23.472603,7.285907,13.214289,5.0,0.0,-0.05,23.5,7.6,15.0
300.90000000000003,23.465134,7.2818265,18.238369,5.0,0.0,-0.05,23.5,7.6,15.0
301.0,23.469055,7.2868686,11.971001,0.1,0.003,0.05,23.5,7.6,15.0
301.1,23.472822,7.2919106,5.765992,0.1,0.003,0.05,23.5,7.6,15.0
301.2,23.458054,7.2878227,13.71634,5.0,0.0,-0.05,23.5,7.6,15.0
301.3,23.4511,7.28374,18.538345,5.0,0.0,-0.05,23.5,7.6,15.0
301.40000000000003,23.45503,7.288782,12.267876,0.1,0.003,0.05,23.5,7.6,15.0
301.5,23.458805,7.293824,6.0597973,0.1,0.003,0.05,23.5,7.6,15.0
301.6,23.444345,7.289734,13.89008,5.0,0.0,-0.05,23.5,7.6,15.0
301.7,23.437582,7.285649,18.639307,5.0,0.0,-0.05,23.5,7.6,15.0
301.8,23.441515,7.290691,12.367721,0.1,0.003,0.05,23.5,7.6,15.0
301.90000000000003,23.445293,7.295733,6.1585364,0.1,0.003,0.05,23.5,7.6,15.0
302.0,23.43095,7.2916403,13.945578,5.0,0.0,-0.05,23.5,7.6,15.0
302.1,23.424261,7.287553,18.668592,5.0,0.0,-0.05,23.5,7.6,15.0
302.2,23.428196,7.292595,12.396604,0.1,0.003,0.05,23.5,7.6,15.0
302.3,23.431974,7.297637,6.1870213,0.1,0.003,0.05,23.5,7.6,15.0
302.40000000000003,23.417679,7.293542,13.958493,5.0,0.0,-0.05,23.5,7.6,15.0
302.5,23.411022,7.289452,18.672073,5.0,0.0,-0.05,23.5,7.6,15.0
302.6,23.414957,7.294494,12.3999405,0.1,0.003,0.05,23.5,7.6,15.0
302.7,23.418736,7.299536,6.1902146,0.1,0.003,0.05,23.5,7.6,15.0
302.8,23.404463,7.295439,13.956082,5.0,0.0,-0.05,23.5,7.6,15.0
302.90000000000003,23.397823,7.2913465,18.666267,5.0,0.0,-0.05,23.5,7.6,15.0
303.0,23.401758,7.2963886,12.394082,0.1,0.003,0.05,23.5,7.6,15.0
303.1,23.405539,7.3014307,6.1843047,0.1,0.003,0.05,23.5,7.6,15.0
303.2,23.39128,7.297331,13.94816,5.0,0.0,-0.05,23.5,7.6,15.0
303.3,23.384651,7.2932363,18.65713,5.0,0.0,-0.05,23.5,7.6,15.0
303.40000000000003,23.388586,7.2982783,12.384926,0.1,0.003,0.05,23.5,7.6,15.0
303.5,23.392366,7.3033204,6.1751304,0.1,0.003,0.05,23.5,7.6,15.0
303.6,23.378119,7.299218,13.938265,5.0,0.0,-0.05,23.5,7.6,15.0
303.7,23.3715,7.295121,18.6468,5.0,0.0,-0.05,23.5,7.6,15.0
303.8,23.375435,7.3001633,12.374589,0.1,0.003,0.05,23.5,7.6,15.0
303.90000000000003,23.379215,7.305205,6.164787,0.1,0.003,0.05,23.5,7.6,15.0
304.0,23.364975,7.3011003,13.927667,5.0,0.0,-0.05,23.5,7.6,15.0
304.1,23.358366,7.297001,18.636051,5.0,0.0,-0.05,23.5,7.6,15.0
304.2,23.362303,7.302043,12.363838,0.1,0.003,0.05,23.5,7.6,15.0
304.3,23.366083,7.3070846,6.1540337,0.1,0.003,0.05,23.5,7.6,15.0
304.40000000000003,23.351852,7.3029776,13.916827,5.0,0.0,-0.05,23.5,7.6,15.0
304.5,23.345251,7.298876,18.625162,5.0,0.0,-0.05,23.5,7.6,15.0
304.6,23.349188,7.3039174,12.352948,0.1,0.003,0.05,23.5,7.6,15.0
304.7,23.352968,7.308959,6.143143,0.1,0.003,0.05,23.5,7.6,15.0
304.8,23.338747,7.3048496,13.905911,5.0,0.0,-0.05,23.5,7.6,15.0
304.90000000000003,23.332155,7.3007455,18.614233,5.0,0.0,-0.05,23.5,7.6,15.0
305.0,23.336092,7.305787,12.342019,0.1,0.003,0.05,23.5,7.6,15.0
305.1,23.339872,7.3108287,6.1322136,0.1,0.003,0.05,23.5,7.6,15.0
305.2,23.325659,7.306717,13.894978,5.0,0.0,-0.05,23.5,7.6,15.0
305.3,23.319075,7.3026104,18.6033,5.0,0.0,-0.05,23.5,7.6,15.0
305.40000000000003,23.323011,7.307652,12.331086,0.1,0.003,0.05,23.5,7.6,15.0
305.5,23.326792,7.3126936,6.1212807,0.1,0.003,0.05,23.5,7.6,15.0
305.6,23.312588,7.3085794,13.8840475,5.0,0.0,-0.05,23.5,7.6,15.0
305.7,23.306013,7.3044705,18.592377,5.0,0.0,-0.05,23.5,7.6,15.0
305.8,23.30995,7.309512,12.320163,0.1,0.003,0.05,23.5,7.6,15.0
305.90000000000003,23.31373,7.3145537,6.1103578,0.1,0.003,0.05,23.5,7.6,15.0
306.0,23.299534,7.3104377,13.873131,5.0,0.0,-0.05,23.5,7.6,15.0
306.1,23.292967,7.3063264,18.581465,5.0,0.0,-0.05,23.5,7.6,15.0
306.2,23.296904,7.311368,12.309252,0.1,0.003,0.05,23.5,7.6,15.0
306.3,23.300684,7.3164096,6.099447,0.1,0.003,0.05,23.5,7.6,15.0
306.40000000000003,23.286495,7.312291,13.8622265,5.0,0.0,-0.05,23.5,7.6,15.0
306.5,23.279936,7.308178,18.570568,5.0,0.0,-0.05,23.5,7.6,15.0
306.6,23.28395,7.3132195,18.643345,0.10068677,0.0,0.05,23.5,7.6,15.0
306.7,23.287968,7.318261,18.715393,0.10068677,0.0,0.05,23.5,7.6,15.0
306.8,23.291916,7.3233027,13.076878,0.1006965,0.0027,0.05,23.5,7.6,15.0
306.90000000000003,23.295723,7.328344,7.494854,0.1006965,0.0027,0.05,23.5,7.6,15.0
307.0,23.282946,7.32421,14.704886,5.0,0.0,-0.05,23.5,7.6,15.0
307.1,23.277254,7.3200817,19.078163,5.0,0.0,-0.05,23.5,7.6,15.0
307.20000000000005,23.28127,7.3251247,19.15241,0.11064302,0.0,0.05,23.5,7.6,15.0
307.3,23.285286,7.330168,19.225842,0.11064302,0.0,0.05,23.5,7.6,15.0
307.40000000000003,23.289227,7.335211,13.591365,0.11055262,0.0027,0.05,23.5,7.6,15.0
307.5,23.293013,7.3402534,8.018834,0.11055262,0.0027,0.05,23.5,7.6,15.0
307.6,23.280788,7.336105,15.019311,5.0,0.0,-0.05,23.5,7.6,15.0
307.70000000000005,23.275444,7.3319616,19.265566,5.0,0.0,-0.05,23.5,7.6,15.0
307.8,23.277517,7.337257,20.249424,1.6273757,0.0,0.05,23.5,7.6,15.0
307.90000000000003,23.279964,7.34255,21.0853,1.6273757,0.0,0.05,23.5,7.6,15.0
308.0,23.28275,7.3478365,21.785313,1.602154,0.0,0.05,23.5,7.6,15.0
308.1,23.285797,7.353121,22.38155,1.602154,0.0,0.05,23.5,7.6,15.0
308.20000000000005,23.288618,7.3585587,23.158434,2.568118,0.0,0.05,23.5,7.6,15.0
308.3,23.291885,7.363993,23.759153,2.568118,0.0,0.05,23.5,7.6,15.0
308.40000000000003,23.294333,7.369596,22.29886,3.6552062,0.0011730565,0.05,23.5,7.6,15.0
308.5,23.295673,7.375194,21.284973,3.6552062,0.0011730565,0.05,23.5,7.6,15.0
308.6,23.296001,7.380789,20.092947,3.666754,0.0014498481,0.05,23.5,7.6,15.0
308.70000000000005,23.295427,7.3863783,19.265697,3.666754,0.0014498481,0.05,23.5,7.6,15.0
308.8,23.294641,7.391911,18.493452,3.3275952,0.0014498481,0.05,23.5,7.6,15.0
308.90000000000003,23.293322,7.397439,17.938602,3.3275952,0.0014498481,0.05,23.5,7.6,15.0
309.0,23.291622,7.402962,17.540056,3.327728,0.0014496043,0.05,23.5,7.6,15.0
309.1,23.289652,7.408481,17.252983,3.327728,0.0014496043,0.05,23.5,7.6,15.0
309.20000000000005,23.293642,7.4135203,17.337849,0.1,0.0,0.05,23.5,7.6,15.0
309.3,23.297634,7.418559,17.421871,0.1,0.0,0.05,23.5,7.6,15.0
309.40000000000003,23.301628,7.423598,17.505056,0.1,0.0,0.05,23.5,7.6,15.0
309.5,23.305624,7.4286366,17.587414,0.1,0.0,0.05,23.5,7.6,15.0
309.6,23.309624,7.4336753,17.668951,0.1,0.0,0.05,23.5,7.6,15.0
309.70000000000005,23.313625,7.4387136,17.749678,0.1,0.0,0.05,23.5,7.6,15.0
309.8,23.317564,7.443752,12.690558,0.1,0.00243,0.05,23.5,7.6,15.0
309.90000000000003,23.321377,7.44879,7.681777,0.1,0.00243,0.05,23.5,7.6,15.0
310.0,23.309114,7.444506,14.797559,5.0,0.0,-0.05,23.5,7.6,15.0
310.1,23.303843,7.4402275,19.113817,5.0,0.0,-0.05,23.5,7.6,15.0
310.20000000000005,23.303741,7.445787,21.237993,3.8435163,0.0,0.05,23.5,7.6,15.0
310.3,23.305347,7.451341,22.68361,3.8435163,0.0,0.05,23.5,7.6,15.0
310.40000000000003,23.308119,7.4568887,23.665747,3.8351865,0.0,0.05,23.5,7.6,15.0
310.5,23.311684,7.462431,24.334806,3.8351865,0.0,0.05,23.5,7.6,15.0
310.6,23.315847,7.468124,24.89763,5.0,0.0,0.05,23.5,7.6,15.0
310.70000000000005,23.320578,7.4738097,25.23912,5.0,0.0,0.05,23.5,7.6,15.0
310.8,23.325655,7.4794884,25.446442,5.0,0.0,0.05,23.5,7.6,15.0
310.90000000000003,23.330946,7.48516,25.572433,5.0,0.0,0.05,23.5,7.6,15.0
311.0,23.336372,7.490824,25.649128,5.0,0.0,0.05,23.5,7.6,15.0
311.1,23.341887,7.4964814,25.695944,5.0,0.0,0.05,23.5,7.6,15.0
311.20000000000005,23.347456,7.5021315,25.724651,5.0,0.0,0.05,23.5,7.6,15.0
311.3,23.353065,7.507775,25.742388,5.0,0.0,0.05,23.5,7.6,15.0
311.40000000000003,23.358704,7.513411,25.753479,5.0,0.0,0.05,23.5,7.6,15.0
311.5,23.364363,7.51904,25.760546,5.0,0.0,0.05,23.5,7.6,15.0
311.6,23.370039,7.524662,25.765179,5.0,0.0,0.05,23.5,7.6,15.0
311.70000000000005,23.37573,7.5302773,25.768341,5.0,0.0,0.05,23.5,7.6,15.0
311.8,23.381437,7.5358853,25.770617,5.0,0.0,0.05,23.5,7.6,15.0
311.90000000000003,23.387156,7.5414863,25.77236,5.0,0.0,0.05,23.5,7.6,15.0
312.0,23.392887,7.54708,25.773785,5.0,0.0,0.05,23.5,7.6,15.0
312.1,23.39863,7.552667,25.775023,5.0,0.0,0.05,23.5,7.6,15.0
312.20000000000005,23.404385,7.558247,25.776154,5.0,0.0,0.05,23.5,7.6,15.0
312.3,23.41015,7.5638204,25.777222,5.0,0.0,0.05,23.5,7.6,15.0
312.40000000000003,23.415928,7.5693865,25.77826,5.0,0.0,0.05,23.5,7.6,15.0
312.5,23.421717,7.5749454,25.779282,5.0,0.0,0.05,23.5,7.6,15.0
312.6,23.427517,7.5804977,25.7803,5.0,0.0,0.05,23.5,7.6,15.0
312.70000000000005,23.433329,7.586043,25.781322,5.0,0.0,0.05,23.5,7.6,15.0
312.8,23.439148,7.5892878,25.782644,5.0,0.0,0.027050028,23.5,7.6,15.0
312.90000000000003,23.444973,7.5925283,25.784397,5.0,0.0,0.027050028,23.5,7.6,15.0
313.0,23.450804,7.5965967,25.78631,5.0,0.0,0.035374463,23.5,7.6,15.0
313.1,23.456642,7.6006603,25.788233,5.0,0.0,0.035374463,23.5,7.6,15.0
313.20000000000005,23.462486,7.6033278,25.790342,5.0,0.0,0.021455232,23.5,7.6,15.0
313.3,23.468334,7.605992,25.792717,5.0,0.0,0.021455232,23.5,7.6,15.0
313.40000000000003,23.473188,7.606203,24.333744,4.9824743,0.0008737479,-0.0030362632,23.5,7.6,15.0
313.5,23.47661,7.6064143,23.448067,4.9824743,0.0008737479,-0.0030362632,23.5,7.6,15.0
313.6,23.479778,7.602754,18.712078,1.1750739,0.0024921051,-0.03800673,23.5,7.6,15.0
313.70000000000005,23.48163,7.599095,14.5016,1.1750739,0.0024921051,-0.03800673,23.5,7.6,15.0
313.8,23.476517,7.604592,18.46702,4.746995,0.00018052674,0.05,23.5,7.6,15.0
313.90000000000003,23.475166,7.610082,20.932463,4.746995,0.00018052674,0.05,23.5,7.6,15.0
314.0,23.473343,7.606586,18.387154,4.8962893,0.002636949,-0.04,23.5,7.6,15.0
314.1,23.469051,7.603094,16.826561,4.8962893,0.002636949,-0.04,23.5,7.6,15.0
314.20000000000005,23.465157,7.5996137,18.919853,4.9668584,0.0008464426,-0.04,23.5,7.6,15.0
314.3,23.4633,7.5961375,20.194227,4.9668584,0.0008464426,-0.04,23.5,7.6,15.0
314.40000000000003,23.46737,7.595496,20.250475,0.10081881,0.0,-0.006759261,23.5,7.6,15.0
314.5,23.47144,7.594855,20.306192,0.10081881,0.0,-0.006759261,23.5,7.6,15.0
314.6,23.475441,7.590322,14.650973,0.10008188,0.0027,-0.045675926,23.5,7.6,15.0
314.70000000000005,23.479301,7.585789,9.052127,0.10008188,0.0027,-0.045675926,23.5,7.6,15.0
314.8,23.468624,7.581334,15.643594,5.0,0.0,-0.05,23.5,7.6,15.0
314.90000000000003,23.464422,7.5768847,19.64213,5.0,0.0,-0.05,23.5,7.6,15.0
315.0,23.46414,7.5724406,22.068817,5.0,0.0,-0.05,23.5,7.6,15.0
315.1,23.466228,7.568002,23.542637,5.0,0.0,-0.05,23.5,7.6,15.0
315.20000000000005,23.46975,7.5635695,24.43882,5.0,0.0,-0.05,23.5,7.6,15.0
315.3,23.474134,7.559142,24.98483,5.0,0.0,-0.05,23.5,7.6,15.0
315.40000000000003,23.47565,7.564714,20.302181,4.9997954,0.003,0.05,23.5,7.6,15.0
315.5,23.472582,7.570279,17.459164,4.9997954,0.003,0.05,23.5,7.6,15.0
315.6,23.469917,7.5726166,14.217445,3.1135793,0.003,0.019795278,23.5,7.6,15.0
315.70000000000005,23.465092,7.574952,11.841819,3.1135793,0.003,0.019795278,23.5,7.6,15.0
315.8,23.468952,7.579987,11.980843,0.1,0.0,0.05,23.5,7.6,15.0
315.90000000000003,23.472816,7.585022,12.118482,0.1,0.0,0.05,23.5,7.6,15.0
316.0,23.476685,7.5873055,12.254758,0.1,0.0,0.022488263,23.5,7.6,15.0
316.1,23.480556,7.589589,12.389693,0.1,0.0,0.022488263,23.5,7.6,15.0
316.20000000000005,23.481232,7.589343,12.558766,1.163921,0.00065103656,-0.0038980767,23.5,7.6,15.0
316.3,23.481953,7.589097,12.709336,1.163921,0.00065103656,-0.0038980767,23.5,7.6,15.0
316.40000000000003,23.483295,7.5906267,11.764948,0.9233655,0.0010346527,0.014104692,23.5,7.6,15.0
316.5,23.48443,7.592156,10.903857,0.9233655,0.0010346527,0.014104692,23.5,7.6,15.0
316.6,23.488268,7.5871906,11.052285,0.1,0.0,-0.05,23.5,7.6,15.0
316.70000000000005,23.49211,7.5822253,11.199294,0.1,0.0,-0.05,23.5,7.6,15.0
316.8,23.495932,7.58001,9.600265,0.1,0.0008249477,-0.022501742,23.5,7.6,15.0
316.90000000000003,23.499714,7.5777946,8.017187,0.1,0.0008249477,-0.022501742,23.5,7.6,15.0
317.0,23.487976,7.5733495,15.023343,5.0,0.0,-0.05,23.5,7.6,15.0
317.1,23.48312,7.56891,19.273258,5.0,0.0,-0.05,23.5,7.6,15.0
317.20000000000005,23.487085,7.573917,12.994013,0.1,0.003,0.04971851,23.5,7.6,15.0
317.3,23.490894,7.5789237,6.7772465,0.1,0.003,0.04971851,23.5,7.6,15.0
317.40000000000003,23.47795,7.574477,14.267906,5.0,0.0,-0.05,23.5,7.6,15.0
317.5,23.472364,7.5700364,18.811531,5.0,0.0,-0.05,23.5,7.6,15.0
317.6,23.476318,7.5750713,12.536793,0.1,0.003,0.05,23.5,7.6,15.0
317.70000000000005,23.480118,7.5801063,6.324488,0.1,0.003,0.05,23.5,7.6,15.0
317.8,23.466743,7.5756583,13.989654,5.0,0.0,-0.05,23.5,7.6,15.0
317.90000000000003,23.460901,7.571216,18.639067,5.0,0.0,-0.05,23.5,7.6,15.0
318.0,23.464851,7.576251,12.3659525,0.1,0.003,0.05,23.5,7.6,15.0
318.1,23.468647,7.581286,6.1552553,0.1,0.003,0.05,23.5,7.6,15.0
318.20000000000005,23.455122,7.5768366,13.883281,5.0,0.0,-0.05,23.5,7.6,15.0
318.3,23.44919,7.5723925,18.570803,5.0,0.0,-0.05,23.5,7.6,15.0
318.40000000000003,23.453136,7.5774274,12.299368,0.10105998,0.003,0.05,23.5,7.6,15.0
318.5,23.456926,7.5824623,6.0909915,0.10105998,0.003,0.05,23.5,7.6,15.0
318.6,23.443354,7.5780115,13.840545,5.0,0.0,-0.05,23.5,7.6,15.0
318.70000000000005,23.437397,7.573566,18.541119,5.0,0.0,-0.05,23.5,7.6,15.0
318.8,23.44136,7.578601,13.361177,0.1,0.0024834636,0.05,23.5,7.6,15.0
318.90000000000003,23.445194,7.583636,8.232776,0.1,0.0024834636,0.05,23.5,7.6,15.0
319.0,23.433743,7.5791836,15.136749,5.0,0.0,-0.05,23.5,7.6,15.0
319.1,23.429071,7.5747366,19.32473,5.0,0.0,-0.05,23.5,7.6,15.0
319.20000000000005,23.433117,7.579683,19.390127,0.10171304,0.0,0.049110968,23.5,7.6,15.0
319.3,23.437164,7.584629,19.454863,0.10171304,0.0,0.049110968,23.5,7.6,15.0
319.40000000000003,23.441149,7.588372,14.123962,0.100171305,0.002550588,0.03708432,23.5,7.6,15.0
319.5,23.445,7.5921154,8.846203,0.100171305,0.002550588,0.03708432,23.5,7.6,15.0
319.6,23.434175,7.587652,15.507011,5.0,0.0,-0.05,23.5,7.6,15.0
319.70000000000005,23.429893,7.5831947,19.547592,5.0,0.0,-0.05,23.5,7.6,15.0
319.8,23.430275,7.588281,19.226301,2.9842625,0.0010500835,0.047527626,23.5,7.6,15.0
319.90000000000003,23.430458,7.593364,18.987167,2.9842625,0.0010500835,0.047527626,23.5,7.6,15.0
320.0,23.433832,7.5971327,13.398316,0.38842624,0.0028050083,0.037051044,23.5,7.6,15.0
320.1,23.436674,7.600901,8.022391,0.38842624,0.0028050083,0.037051044,23.5,7.6,15.0
320.20000000000005,23.425076,7.596427,15.002484,5.0,0.0,-0.05,23.5,7.6,15.0
320.3,23.420334,7.5919585,19.236628,5.0,0.0,-0.05,23.5,7.6,15.0
320.40000000000003,23.421364,7.5971813,16.852388,1.9575826,0.0018368112,0.05,23.5,7.6,15.0
320.5,23.42134,7.6024017,14.891541,1.9575826,0.0018368112,0.05,23.5,7.6,15.0
320.6,23.42528,7.597436,14.999759,0.1,0.0,-0.05,23.5,7.6,15.0
320.70000000000005,23.429222,7.5924706,15.106959,0.1,0.0,-0.05,23.5,7.6,15.0
320.8,23.428682,7.593637,17.29961,2.3007343,0.0,0.0090799,23.5,7.6,15.0
320.90000000000003,23.42927,7.594803,19.041496,2.3007343,0.0,0.0090799,23.5,7.6,15.0
321.0,23.430542,7.595709,19.71783,2.301476,0.00037291145,0.0064889207,23.5,7.6,15.0
321.1,23.432161,7.5966144,20.255238,2.301476,0.00037291145,0.0064889207,23.5,7.6,15.0
321.20000000000005,23.432426,7.5925493,22.210587,5.0,0.00012930062,-0.04596124,23.5,7.6,15.0
321.3,23.4346,7.5884895,23.398403,5.0,0.00012930062,-0.04596124,23.5,7.6,15.0
321.40000000000003,23.43844,7.5914097,23.733553,1.5143175,0.0,0.027403457,23.5,7.6,15.0
321.5,23.442398,7.5943284,24.021772,1.5143175,0.0,0.027403457,23.5,7.6,15.0
321.6,23.44643,7.5973907,24.412445,2.5035267,0.0,0.027848694,23.5,7.6,15.0
321.70000000000005,23.450682,7.600451,24.71688,2.5035267,0.0,0.027848694,23.5,7.6,15.0
321.8,23.455484,7.6059713,25.138021,5.0,0.0,0.05,23.5,7.6,15.0
321.90000000000003,23.460712,7.611485,25.393745,5.0,0.0,0.05,23.5,7.6,15.0
322.0,23.4662,7.6156583,25.54937,5.0,0.0,0.0366575,23.5,7.6,15.0
322.1,23.471848,7.6198263,25.644459,5.0,0.0,0.0366575,23.5,7.6,15.0
322.20000000000005,23.477581,7.6154833,25.703945,5.0,0.0,-0.048454605,23.5,7.6,15.0
322.3,23.483355,7.6111455,25.742762,5.0,0.0,-0.048454605,23.5,7.6,15.0
322.40000000000003,23.485815,7.6112156,20.769789,4.8695993,0.0029718808,-0.0042744153,23.5,7.6,15.0
322.5,23.483486,7.6112857,17.71277,4.8695993,0.0029718808,-0.0042744153,23.5,7.6,15.0
322.6,23.478086,7.6142516,15.841868,4.9416475,0.0029971881,0.024630453,23.5,7.6,15.0
322.70000000000005,23.47088,7.6172137,14.697461,4.9416475,0.0029971881,0.024630453,23.5,7.6,15.0
322.8,23.462576,7.6203303,13.99628,4.94194,0.0029971881,0.026211942,23.5,7.6,15.0
322.90000000000003,23.453606,7.623443,13.565086,4.94194,0.0029971881,0.026211942,23.5,7.6,15.0
323.0,23.447575,7.6243,18.333261,4.9562654,0.0,0.0036630356,23.5,7.6,15.0
323.1,23.446205,7.6251554,21.237915,4.9562654,0.0,0.0036630356,23.5,7.6,15.0
323.20000000000005,23.447506,7.6207876,22.803787,5.0,0.00012970963,-0.048635487,23.5,7.6,15.0
323.3,23.45033,7.616425,23.755592,5.0,0.00012970963,-0.048635487,23.5,7.6,15.0
323.40000000000003,23.454262,7.6158433,24.150866,2.1728215,0.0,-0.008143915,23.5,7.6,15.0
323.5,23.458384,7.615262,24.469603,2.1728215,0.0,-0.008143915,23.5,7.6,15.0
323.6,23.462658,7.615547,24.726715,2.1727326,0.0,0.00052116887,23.5,7.6,15.0
323.70000000000005,23.467056,7.6158323,24.93422,2.1727326,0.0,0.00052116887,23.5,7.6,15.0
323.8,23.471943,7.612798,25.058699,5.0,0.00012773565,-0.035406876,23.5,7.6,15.0
323.90000000000003,23.476938,7.609768,25.136406,5.0,0.00012773565,-0.035406876,23.5,7.6,15.0
324.0,23.479078,7.6090097,20.849693,4.9520636,0.0027141965,-0.012660397,23.5,7.6,15.0
324.1,23.477034,7.6082525,18.236279,4.9520636,0.0027141965,-0.012660397,23.5,7.6,15.0
324.20000000000005,23.472466,7.6094375,16.630987,4.935877,0.0027141965,0.006777871,23.5,7.6,15.0
324.3,23.466343,7.610621,15.648827,4.935877,0.0027141965,0.006777871,23.5,7.6,15.0
324.40000000000003,23.459278,7.613482,15.046488,4.9357133,0.0027141965,0.023581112,23.5,7.6,15.0
324.5,23.451643,7.6163397,14.67583,4.9357133,0.0027141965,0.023581112,23.5,7.6,15.0
324.6,23.443665,7.620019,14.446326,4.9356065,0.0027141965,0.031836174,23.5,7.6,15.0
324.70000000000005,23.435482,7.6236935,14.302951,4.9356065,0.0027141965,0.031836174,23.5,7.6,15.0
324.8,23.42718,7.6273637,14.2120695,4.935543,0.0027141965,0.031836174,23.5,7.6,15.0
324.90000000000003,23.418808,7.631029,14.153277,4.935543,0.0027141965,0.031836174,23.5,7.6,15.0
325.0,23.410398,7.6346903,14.113963,4.935429,0.0027141965,0.031836174,23.5,7.6,15.0
325.1,23.40197,7.6383467,14.086641,4.935429,0.0027141965,0.031836174,23.5,7.6,15.0
325.20000000000005,23.393534,7.641749,14.066603,4.9353538,0.0027141965,0.029339194,23.5,7.6,15.0
325.3,23.385098,7.6451473,14.051107,4.9353538,0.0027141965,0.029339194,23.5,7.6,15.0
325.40000000000003,23.376663,7.647869,14.038418,4.935293,0.0027141965,0.022612495,23.5,7.6,15.0
325.5,23.368235,7.6505876,14.027571,4.935293,0.0027141965,0.022612495,23.5,7.6,15.0
325.6,23.359812,7.652715,14.017886,4.935249,0.0027141965,0.016734315,23.5,7.6,15.0
325.70000000000005,23.351395,7.65484,14.009016,4.935249,0.0027141965,0.016734315,23.5,7.6,15.0
325.8,23.346317,7.6532483,18.403408,4.7280073,0.0,-0.020247776,23.5,7.6,15.0
325.90000000000003,23.345375,7.6516585,21.142641,4.7280073,0.0,-0.020247776,23.5,7.6,15.0
326.0,23.347006,7.64939,22.850946,4.7278953,0.0,-0.027055748,23.5,7.6,15.0
326.1,23.350235,7.647125,23.917215,4.7278953,0.0,-0.027055748,23.5,7.6,15.0
326.20000000000005,23.354467,7.643523,24.596512,4.844842,0.0,-0.040553395,23.5,7.6,15.0
326.3,23.359337,7.639926,25.017263,4.844842,0.0,-0.040553395,23.5,7.6,15.0
326.40000000000003,23.364634,7.6363745,25.285278,5.0,0.0,-0.040281948,23.5,7.6,15.0
326.5,23.370176,7.6328273,25.450346,5.0,0.0,-0.040281948,23.5,7.6,15.0
326.6,23.375877,7.6369,25.552025,5.0,0.0,0.035919696,23.5,7.6,15.0
326.70000000000005,23.381683,7.640968,25.61446,5.0,0.0,0.035919696,23.5,7.6,15.0
326.8,23.387547,7.6373024,25.654099,5.0,0.0,-0.041408032,23.5,7.6,15.0
326.90000000000003,23.39343,7.6336417,25.680748,5.0,0.0,-0.041408032,23.5,7.6,15.0
327.0,23.399336,7.6380806,25.69848,5.0,0.0,0.03959197,23.5,7.6,15.0
327.1,23.405266,7.6425138,25.70994,5.0,0.0,0.03959197,23.5,7.6,15.0
327.20000000000005,23.411215,7.6469183,25.717604,5.0,0.0,0.039358493,23.5,7.6,15.0
327.3,23.417177,7.651317,25.722971,5.0,0.0,0.039358493,23.5,7.6,15.0
327.40000000000003,23.42315,7.654181,25.727148,5.0,0.0,0.024056278,23.5,7.6,15.0
327.5,23.429129,7.6570415,25.730768,5.0,0.0,0.024056278,23.5,7.6,15.0
327.6,23.435112,7.6591773,25.734148,5.0,0.0,0.016840909,23.5,7.6,15.0
327.70000000000005,23.4411,7.6613107,25.73746,5.0,0.0,0.016840909,23.5,7.6,15.0
327.8,23.447084,7.660241,25.741142,5.0,0.0,-0.015178358,23.5,7.6,15.0
327.90000000000003,23.453064,7.659173,25.745394,5.0,0.0,-0.015178358,23.5,7.6,15.0
328.0,23.458406,7.6579175,24.820406,5.0,0.00055608986,-0.0170663,23.5,7.6,15.0
328.1,23.462831,7.6566634,24.260862,5.0,0.00055608986,-0.0170663,23.5,7.6,15.0
328.20000000000005,23.467266,7.6554112,24.759497,5.0,5.560895e-05,-0.017066322,23.5,7.6,15.0
328.3,23.472181,7.6541605,25.06374,5.0,5.560895e-05,-0.017066322,23.5,7.6,15.0
328.40000000000003,23.477388,7.652877,25.251097,4.99954,5.5027045e-05,-0.017412024,23.5,7.6,15.0
328.5,23.482769,7.6515946,25.366653,4.99954,5.5027045e-05,-0.017412024,23.5,7.6,15.0
328.6,23.488064,7.648716,25.508017,4.13523,0.0,-0.032649297,23.5,7.6,15.0
328.70000000000005,23.493467,7.64584,25.60346,4.13523,0.0,-0.032649297,23.5,7.6,15.0
328.8,23.498514,7.6411147,25.650587,2.8063385,0.0,-0.05,23.5,7.6,15.0
328.90000000000003,23.503578,7.6363926,25.687803,2.8063385,0.0,-0.05,23.5,7.6,15.0
329.0,23.508656,7.6333003,25.717411,2.8062716,0.0,-0.033726647,23.5,7.6,15.0
329.1,23.513742,7.6302104,25.741161,2.8062716,0.0,-0.033726647,23.5,7.6,15.0
329.20000000000005,23.518839,7.631891,25.760122,2.8063731,0.0,0.013972621,23.5,7.6,15.0
329.3,23.523947,7.63357,25.775133,2.8063731,0.0,0.013972621,23.5,7.6,15.0
329.40000000000003,23.528496,7.635474,24.240656,2.8064356,0.00083451136,0.016233917,23.5,7.6,15.0
329.5,23.532106,7.6373773,23.08211,2.8064356,0.00083451136,0.016233917,23.5,7.6,15.0
329.6,23.53617,7.6324105,16.764952,0.1,0.003,-0.05,23.5,7.6,15.0
329.70000000000005,23.540075,7.6274443,10.510711,0.1,0.003,-0.05,23.5,7.6,15.0
329.8,23.530504,7.622833,10.167912,3.887533,0.0029978424,-0.05,23.5,7.6,15.0
329.90000000000003,23.520655,7.618226,9.934045,3.887533,0.0029978424,-0.05,23.5,7.6,15.0
330.0,23.510897,7.6137304,16.183422,5.0,0.0,-0.05,23.5,7.6,15.0
330.1,23.507277,7.6092405,19.974611,5.0,0.0,-0.05,23.5,7.6,15.0
330.20000000000005,23.511261,7.6042747,13.688357,0.1,0.003,-0.05,23.5,7.6,15.0
330.3,23.515089,7.599309,7.464711,0.1,0.003,-0.05,23.5,7.6,15.0
330.40000000000003,23.502855,7.594837,14.687491,5.0,0.0,-0.05,23.5,7.6,15.0
330.5,23.497717,7.5903707,19.068745,5.0,0.0,-0.05,23.5,7.6,15.0
330.6,23.498463,7.5930605,15.933602,1.9411107,0.0022402466,0.024674887,23.5,7.6,15.0
330.70000000000005,23.49783,7.5957494,13.351314,1.9411107,0.0022402466,0.024674887,23.5,7.6,15.0
330.8,23.497473,7.5983014,10.575018,1.4418845,0.0022488881,0.023825528,23.5,7.6,15.0
330.90000000000003,23.496187,7.6008525,8.171219,1.4418845,0.0022488881,0.023825528,23.5,7.6,15.0
331.0,23.484673,7.596379,15.110367,5.0,0.0,-0.05,23.5,7.6,15.0
331.1,23.479973,7.5919104,19.319683,5.0,0.0,-0.05,23.5,7.6,15.0
331.20000000000005,23.480478,7.5923676,17.807447,2.4607384,0.00155465,0.001821666,23.5,7.6,15.0
331.3,23.48016,7.592825,16.625023,2.4607384,0.00155465,0.001821666,23.5,7.6,15.0
331.40000000000003,23.479197,7.5932817,15.70035,2.4607384,0.00155465,0.001821666,23.5,7.6,15.0
331.5,23.477732,7.5937386,14.977112,2.4607384,0.00155465,0.001821666,23.5,7.6,15.0
331.6,23.471926,7.5979657,17.774302,4.9985914,0.0008739401,0.03697785,23.5,7.6,15.0
331.70000000000005,23.468885,7.6021876,19.469564,4.9985914,0.0008739401,0.03697785,23.5,7.6,15.0
331.8,23.466372,7.6045566,18.34087,4.778111,0.002091143,0.018705571,23.5,7.6,15.0
331.90000000000003,23.462797,7.6069226,17.639275,4.778111,0.002091143,0.018705571,23.5,7.6,15.0
332.0,23.457867,7.6038527,16.130074,4.778111,0.0027264284,-0.0356557,23.5,7.6,15.0
332.1,23.4515,7.6007867,15.1929245,4.778111,0.0027264284,-0.0356557,23.5,7.6,15.0
332.20000000000005,23.444242,7.5983744,14.610238,4.778111,0.0027264284,-0.029151762,23.5,7.6,15.0
332.3,23.436434,7.595965,14.24717,4.778111,0.0027264284,-0.029151762,23.5,7.6,15.0
332.40000000000003,23.428476,7.5945263,14.024397,4.7042127,0.0026833601,-0.01938828,23.5,7.6,15.0
332.5,23.420315,7.5930896,13.883234,4.7042127,0.0026833601,-0.01938828,23.5,7.6,15.0
332.6,23.416815,7.595535,17.426456,3.5410712,0.0,0.020615624,23.5,7.6,15.0
332.70000000000005,23.415962,7.5979776,19.912357,3.5410712,0.0,0.020615624,23.5,7.6,15.0
332.8,23.416965,7.5981045,21.657309,3.5420797,0.0,-0.0025324025,23.5,7.6,15.0
332.90000000000003,23.419268,7.5982313,22.882235,3.5420797,0.0,-0.0025324025,23.5,7.6,15.0
333.0,23.42248,7.596536,23.742823,3.5430155,0.0,-0.02076375,23.5,7.6,15.0
333.1,23.426327,7.5948424,24.347805,3.5430155,0.0,-0.02076375,23.5,7.6,15.0
333.20000000000005,23.430616,7.591604,24.773777,3.5438786,0.0,-0.036227852,23.5,7.6,15.0
333.3,23.435213,7.588369,25.074238,3.5438786,0.0,-0.036227852,23.5,7.6,15.0
333.40000000000003,23.440023,7.5850596,25.286736,3.5446744,0.0,-0.036998767,23.5,7.6,15.0
333.5,23.444983,7.5817533,25.43751,3.5446744,0.0,-0.036998767,23.5,7.6,15.0
333.6,23.450043,7.579376,25.544937,3.5454059,0.0,-0.027729286,23.5,7.6,15.0
333.70000000000005,23.455175,7.5770016,25.621868,3.5454059,0.0,-0.027729286,23.5,7.6,15.0
333.8,23.460358,7.5761313,25.677284,3.546065,1.2896805e-12,-0.012698391,23.5,7.6,15.0
333.90000000000003,23.465576,7.575262,25.71748,3.546065,1.2896805e-12,-0.012698391,23.5,7.6,15.0
334.0,23.470821,7.5750375,25.747011,3.556056,1.2896805e-12,-0.006267331,23.5,7.6,15.0
334.1,23.476084,7.574813,25.768927,3.556056,1.2896805e-12,-0.006267331,23.5,7.6,15.0
334.20000000000005,23.481363,7.5744452,25.785578,3.57059,4.8608895e-12,-0.00771503,23.5,7.6,15.0
334.3,23.48665,7.574078,25.798487,3.57059,4.8608895e-12,-0.00771503,23.5,7.6,15.0
334.40000000000003,23.49174,7.573683,25.380325,3.5710676,0.00023974417,-0.00800222,23.5,7.6,15.0
334.5,23.49651,7.5732875,25.088898,3.5710676,0.00023974417,-0.00800222,23.5,7.6,15.0
334.6,23.500355,7.5730033,23.402346,3.5714986,0.0010700098,-0.006896956,23.5,7.6,15.0
334.70000000000005,23.50293,7.5727196,22.223,3.5714986,0.0010700098,-0.006896956,23.5,7.6,15.0
334.8,23.506968,7.576066,15.914535,0.1,0.003,0.03311549,23.5,7.6,15.0
334.90000000000003,23.510849,7.5794125,9.668849,0.1,0.003,0.03311549,23.5,7.6,15.0
335.0,23.500727,7.5749655,16.028708,5.0,0.0,-0.05,23.5,7.6,15.0
335.1,23.49685,7.5705237,19.886833,5.0,0.0,-0.05,23.5,7.6,15.0
335.20000000000005,23.50083,7.5755587,13.601576,0.1,0.003,0.05,23.5,7.6,15.0
335.3,23.504654,7.5805936,7.3788567,0.1,0.003,0.05,23.5,7.6,15.0
335.40000000000003,23.49229,7.576145,14.636711,5.0,0.0,-0.05,23.5,7.6,15.0
335.5,23.487059,7.571702,19.039207,5.0,0.0,-0.05,23.5,7.6,15.0
335.6,23.491018,7.574851,12.762309,0.1,0.003,0.031140335,23.5,7.6,15.0
335.70000000000005,23.494822,7.578,6.5478773,0.1,0.003,0.031140335,23.5,7.6,15.0
335.8,23.481646,7.5735545,14.130068,5.0,0.0,-0.05,23.5,7.6,15.0
335.90000000000003,23.47592,7.5691147,18.729177,5.0,0.0,-0.05,23.5,7.6,15.0
336.0,23.475006,7.5737853,14.717528,2.5738454,0.003,0.043703467,23.5,7.6,15.0
336.1,23.471825,7.5784526,11.615202,2.5738454,0.003,0.043703467,23.5,7.6,15.0
336.20000000000005,23.475672,7.5756726,11.145709,0.1,0.00028882848,-0.028149422,23.5,7.6,15.0
336.3,23.479507,7.5728927,10.680933,0.1,0.00028882848,-0.028149422,23.5,7.6,15.0
336.40000000000003,23.483337,7.5698395,10.668026,0.1,7.7370336e-05,-0.03088384,23.5,7.6,15.0
336.5,23.487165,7.5667863,10.655294,0.1,7.7370336e-05,-0.03088384,23.5,7.6,15.0
336.6,23.490988,7.5636067,10.159386,0.1,0.00030592317,-0.03214782,23.5,7.6,15.0
336.70000000000005,23.494797,7.560427,9.668459,0.1,0.00030592317,-0.03214782,23.5,7.6,15.0
336.8,23.484634,7.5560036,16.028206,5.0,0.0,-0.05,23.5,7.6,15.0
336.90000000000003,23.480719,7.5515857,19.886248,5.0,0.0,-0.05,23.5,7.6,15.0
337.0,23.4847,7.556621,13.600988,0.1,0.003,0.05,23.5,7.6,15.0
337.1,23.488523,7.5616565,7.378268,0.1,0.003,0.05,23.5,7.6,15.0
337.20000000000005,23.476122,7.5572314,14.636055,5.0,0.0,-0.05,23.5,7.6,15.0
337.3,23.47085,7.552812,19.038494,5.0,0.0,-0.05,23.5,7.6,15.0
337.40000000000003,23.47481,7.5578475,12.761589,0.1,0.003,0.05,23.5,7.6,15.0
337.5,23.478613,7.562883,6.547139,0.1,0.003,0.05,23.5,7.6,15.0
337.6,23.465408,7.5584564,14.128399,5.0,0.0,-0.05,23.5,7.6,15.0
337.70000000000005,23.459652,7.5540357,18.72693,5.0,0.0,-0.05,23.5,7.6,15.0
337.8,23.463604,7.559071,12.453035,0.1,0.003,0.05,23.5,7.6,15.0
337.90000000000003,23.4674,7.5641065,6.2415648,0.1,0.003,0.05,23.5,7.6,15.0
338.0,23.453909,7.5596786,13.93934,5.0,0.0,-0.05,23.5,7.6,15.0
338.1,23.447983,7.555256,18.608505,5.0,0.0,-0.05,23.5,7.6,15.0
338.20000000000005,23.451931,7.5602913,12.335693,0.1,0.003,0.05,23.5,7.6,15.0
338.3,23.455725,7.5653267,6.125296,0.1,0.003,0.05,23.5,7.6,15.0
338.40000000000003,23.442137,7.5608974,13.865044,5.0,0.0,-0.05,23.5,7.6,15.0
338.5,23.436153,7.5564733,18.559656,5.0,0.0,-0.05,23.5,7.6,15.0
338.6,23.440105,7.5615087,12.552632,0.1,0.0028745064,0.05,23.5,7.6,15.0
338.70000000000005,23.443909,7.566544,6.6053786,0.1,0.0028745064,0.05,23.5,7.6,15.0
338.8,23.430809,7.562113,14.152657,5.0,0.0,-0.05,23.5,7.6,15.0
338.90000000000003,23.425125,7.5576873,18.730597,5.0,0.0,-0.05,23.5,7.6,15.0
339.0,23.429157,7.5627227,18.80088,0.1,0.0,0.05,23.5,7.6,15.0
339.1,23.433191,7.567758,18.870466,0.1,0.0,0.05,23.5,7.6,15.0
339.20000000000005,23.437157,7.563793,13.22934,0.1,0.0027,-0.04,23.5,7.6,15.0
339.3,23.44098,7.5598283,7.644396,0.1,0.0027,-0.04,23.5,7.6,15.0
339.40000000000003,23.428885,7.5554056,14.783997,5.0,0.0,-0.05,23.5,7.6,15.0
339.5,23.423801,7.5509887,19.114794,5.0,0.0,-0.05,23.5,7.6,15.0
339.6,23.427763,7.556024,12.836789,0.1,0.003,0.05,23.5,7.6,15.0
339.70000000000005,23.43157,7.5610595,6.621251,0.1,0.003,0.05,23.5,7.6,15.0
339.8,23.418482,7.5566354,14.159944,5.0,0.0,-0.05,23.5,7.6,15.0
339.90000000000003,23.412802,7.5522165,18.732674,5.0,0.0,-0.05,23.5,7.6,15.0
340.0,23.41667,7.557265,18.883595,0.21622458,0.0,0.05,23.5,7.6,15.0
340.1,23.420546,7.562313,19.031284,0.21622458,0.0,0.05,23.5,7.6,15.0
340.20000000000005,23.42449,7.5583496,13.39958,0.11162246,0.0027,-0.04,23.5,7.6,15.0
340.3,23.428278,7.554386,7.8304477,0.11162246,0.0027,-0.04,23.5,7.6,15.0
340.40000000000003,23.41636,7.54997,14.894456,5.0,0.0,-0.05,23.5,7.6,15.0
340.5,23.411385,7.54556,19.179422,5.0,0.0,-0.05,23.5,7.6,15.0
340.6,23.415348,7.5505958,12.900715,0.1,0.003,0.05,23.5,7.6,15.0
340.70000000000005,23.419155,7.555631,6.6844807,0.1,0.003,0.05,23.5,7.6,15.0
340.8,23.406126,7.5512137,14.195939,5.0,0.0,-0.05,23.5,7.6,15.0
340.90000000000003,23.400476,7.546802,18.752155,5.0,0.0,-0.05,23.5,7.6,15.0
341.0,23.404314,7.551853,18.917942,0.23865063,0.0,0.05,23.5,7.6,15.0
341.1,23.408161,7.5569043,19.079815,0.23865063,0.0,0.05,23.5,7.6,15.0
341.20000000000005,23.412138,7.552942,16.303322,0.11692338,0.0013508608,-0.04,23.5,7.6,15.0
341.3,23.416033,7.5489793,13.559166,0.11692338,0.0013508608,-0.04,23.5,7.6,15.0
341.40000000000003,23.41982,7.5463843,8.277177,0.114170894,0.0025650861,-0.026322266,23.5,7.6,15.0
341.5,23.423458,7.5437894,3.0551991,0.114170894,0.0025650861,-0.026322266,23.5,7.6,15.0
341.6,23.406824,7.5393867,11.9972315,5.0,0.0,-0.05,23.5,7.6,15.0
341.70000000000005,23.39898,7.53499,17.420656,5.0,0.0,-0.05,23.5,7.6,15.0
341.8,23.402979,7.5400257,17.503916,0.1,0.0,0.05,23.5,7.6,15.0
341.90000000000003,23.40698,7.5450616,17.586346,0.1,0.0,0.05,23.5,7.6,15.0
342.0,23.410913,7.5500975,11.957909,0.1,0.0027,0.05,23.5,7.6,15.0
342.1,23.414705,7.555133,6.3854747,0.1,0.0027,0.05,23.5,7.6,15.0
342.20000000000005,23.401386,7.550716,14.013266,5.0,0.0,-0.05,23.5,7.6,15.0
342.3,23.395561,7.5463047,18.640003,5.0,0.0,-0.05,23.5,7.6,15.0
342.40000000000003,23.399588,7.5513406,18.712427,0.10196846,0.0,0.05,23.5,7.6,15.0
342.5,23.403618,7.5563765,18.784117,0.10196846,0.0,0.05,23.5,7.6,15.0
342.6,23.407627,7.5610833,17.135983,0.1019278,0.00081294175,0.046711534,23.5,7.6,15.0
342.70000000000005,23.411594,7.56579,15.504563,0.1019278,0.00081294175,0.046711534,23.5,7.6,15.0
342.8,23.415546,7.570825,15.606797,0.1,0.0,0.05,23.5,7.6,15.0
342.90000000000003,23.419502,7.57586,15.708014,0.1,0.0,0.05,23.5,7.6,15.0
343.0,23.416016,7.580938,19.36125,4.51,0.0,0.04578215,23.5,7.6,15.0
343.1,23.41586,7.58601,21.687328,4.51,0.0,0.04578215,23.5,7.6,15.0
343.20000000000005,23.41743,7.5907364,22.518368,4.51,0.00038020368,0.04238132,23.5,7.6,15.0
343.3,23.419767,7.5954576,23.047373,4.51,0.00038020368,0.04238132,23.5,7.6,15.0
343.40000000000003,23.422941,7.597266,24.117266,5.0,0.0,0.012799598,23.5,7.6,15.0
343.5,23.427168,7.599073,24.76714,5.0,0.0,0.012799598,23.5,7.6,15.0
343.6,23.43204,7.604595,25.161919,5.0,0.0,0.05,23.5,7.6,15.0
343.70000000000005,23.437311,7.6101103,25.401663,5.0,0.0,0.05,23.5,7.6,15.0
343.8,23.442825,7.613364,25.547718,5.0,0.0,0.027442817,23.5,7.6,15.0
343.90000000000003,23.448486,7.6166143,25.637226,5.0,0.0,0.027442817,23.5,7.6,15.0
344.0,23.454233,7.615669,25.692991,5.0,0.0,-0.014498561,23.5,7.6,15.0
344.1,23.460026,7.614724,25.728754,5.0,0.0,-0.014498561,23.5,7.6,15.0
344.20000000000005,23.46584,7.6108146,25.75277,5.0,0.0,-0.04417855,23.5,7.6,15.0
344.3,23.47166,7.60691,25.76998,5.0,0.0,-0.04417855,23.5,7.6,15.0
344.40000000000003,23.477486,7.606845,25.782568,5.0,0.0,-0.0058124517,23.5,7.6,15.0
344.5,23.483316,7.6067796,25.79194,5.0,0.0,-0.0058124517,23.5,7.6,15.0
344.6,23.488394,7.605403,25.390633,3.2509477,0.0002240854,-0.017212091,23.5,7.6,15.0
344.70000000000005,23.493187,7.6040273,25.101944,3.2509477,0.0002240854,-0.017212091,23.5,7.6,15.0
344.8,23.497719,7.602628,24.767832,3.2384644,0.00029340884,-0.01744502,23.5,7.6,15.0
344.90000000000003,23.502014,7.60123,24.527285,3.2384644,0.00029340884,-0.01744502,23.5,7.6,15.0
345.0,23.504827,7.603785,18.950407,1.9139506,0.003,0.023404421,23.5,7.6,15.0
345.1,23.505215,7.606339,14.344907,1.9139506,0.003,0.023404421,23.5,7.6,15.0
345.20000000000005,23.496384,7.611852,13.842481,5.0,0.003,0.05,23.5,7.6,15.0
345.3,23.487085,7.617358,13.533637,5.0,0.003,0.05,23.5,7.6,15.0
345.40000000000003,23.477509,7.6228576,13.342151,5.0,0.003,0.05,23.5,7.6,15.0
345.5,23.467772,7.62835,13.221813,5.0,0.003,0.05,23.5,7.6,15.0
345.6,23.458248,7.633603,13.148234,4.8910885,0.0029333194,0.047777314,23.5,7.6,15.0
345.70000000000005,23.448679,7.63885,13.099114,4.8910885,0.0029333194,0.047777314,23.5,7.6,15.0
345.8,23.439384,7.6438665,13.067861,4.7859006,0.0028689187,0.045630623,23.5,7.6,15.0
345.90000000000003,23.430084,7.648877,13.044693,4.7859006,0.0028689187,0.045630623,23.5,7.6,15.0
346.0,23.43398,7.6439104,13.171075,0.1,0.0,-0.05,23.5,7.6,15.0
346.1,23.43788,7.6389437,13.296258,0.1,0.0,-0.05,23.5,7.6,15.0
346.20000000000005,23.441782,7.633977,13.420255,0.1,0.0,-0.05,23.5,7.6,15.0
346.3,23.445686,7.6290107,13.5430765,0.1,0.0,-0.05,23.5,7.6,15.0
346.40000000000003,23.449482,7.6245747,10.537637,0.12310634,0.0014935816,-0.04471938,23.5,7.6,15.0
346.5,23.453186,7.6201386,7.569036,0.12310634,0.0014935816,-0.04471938,23.5,7.6,15.0
346.6,23.441181,7.6156406,14.727664,5.0,0.0,-0.05,23.5,7.6,15.0
346.70000000000005,23.436209,7.6111484,19.070053,5.0,0.0,-0.05,23.5,7.6,15.0
346.8,23.435234,7.6111503,18.693851,3.720229,0.0013847408,-0.0038419715,23.5,7.6,15.0
346.90000000000003,23.43397,7.611152,18.434235,3.720229,0.0013847408,-0.0038419715,23.5,7.6,15.0
347.0,23.433632,7.6110682,17.683077,2.836454,0.0013847408,-0.0038419715,23.5,7.6,15.0
347.1,23.43283,7.6109843,17.117321,2.836454,0.0013847408,-0.0038419715,23.5,7.6,15.0
347.20000000000005,23.436827,7.606896,17.203424,0.1,0.0,-0.041226596,23.5,7.6,15.0
347.3,23.440825,7.6028075,17.288725,0.1,0.0,-0.041226596,23.5,7.6,15.0
347.40000000000003,23.436008,7.59837,15.7521925,4.51,0.0027,-0.04912266,23.5,7.6,15.0
347.5,23.429792,7.5939374,14.772648,4.51,0.0027,-0.04912266,23.5,7.6,15.0
347.6,23.422682,7.58951,14.147677,4.51,0.0027,-0.04912266,23.5,7.6,15.0
347.70000000000005,23.414999,7.5850873,13.748425,4.51,0.0027,-0.04912266,23.5,7.6,15.0
347.8,23.40695,7.58067,13.49286,4.51,0.0027,-0.04912266,23.5,7.6,15.0
347.90000000000003,23.398664,7.576257,13.328764,4.51,0.0027,-0.04912266,23.5,7.6,15.0
348.0,23.390226,7.5718493,13.222894,4.5099998,0.0027,-0.049122658,23.5,7.6,15.0
348.1,23.38169,7.5674467,13.154087,4.5099998,0.0027,-0.049122658,23.5,7.6,15.0
348.20000000000005,23.374275,7.565286,13.346626,4.137326,0.00234194,-0.026332302,23.5,7.6,15.0
348.3,23.367027,7.563128,13.472527,4.137326,0.00234194,-0.026332302,23.5,7.6,15.0
348.40000000000003,23.37093,7.5681634,13.594663,0.1,0.0,0.05,23.5,7.6,15.0
348.5,23.374836,7.5731983,13.715583,0.1,0.0,0.05,23.5,7.6,15.0
348.6,23.378746,7.5782332,13.8352995,0.1,0.0,0.05,23.5,7.6,15.0
348.70000000000005,23.38266,7.583268,13.953824,0.1,0.0,0.05,23.5,7.6,15.0
348.8,23.386576,7.5878496,14.07117,0.1,0.0,0.045467712,23.5,7.6,15.0
348.90000000000003,23.390495,7.592431,14.187349,0.1,0.0,0.045467712,23.5,7.6,15.0
349.0,23.394417,7.595927,14.302378,0.1,0.0,0.03461249,23.5,7.6,15.0
349.1,23.398342,7.5994225,14.41627,0.1,0.0,0.03461249,23.5,7.6,15.0
349.20000000000005,23.40227,7.5944567,14.529063,0.1,0.0,-0.05,23.5,7.6,15.0
349.3,23.4062,7.5894914,14.640793,0.1,0.0,-0.05,23.5,7.6,15.0
349.40000000000003,23.410133,7.584526,14.75147,0.1,0.0,-0.05,23.5,7.6,15.0
349.5,23.414068,7.5795608,14.861104,0.1,0.0,-0.05,23.5,7.6,15.0
349.6,23.408148,7.575015,14.265502,4.069,0.00243,-0.05,23.5,7.6,15.0
349.70000000000005,23.401724,7.570474,13.868306,4.069,0.00243,-0.05,23.5,7.6,15.0
349.8,23.394966,7.5682435,13.6028595,4.069,0.00243,-0.026932124,23.5,7.6,15.0
349.90000000000003,23.387987,7.566015,13.424847,4.069,0.00243,-0.026932124,23.5,7.6,15.0
350.0,23.386889,7.569639,15.813249,2.1521673,0.0,0.03367387,23.5,7.6,15.0
350.1,23.38695,7.5732617,17.738695,2.1521673,0.0,0.03367387,23.5,7.6,15.0
350.20000000000005,23.387695,7.576643,19.418112,2.3508296,0.0,0.031071197,23.5,7.6,15.0
350.3,23.389324,7.5800223,20.745478,2.3508296,0.0,0.031071197,23.5,7.6,15.0
350.40000000000003,23.390228,7.5855684,22.714333,5.0,0.0,0.05,23.5,7.6,15.0
350.5,23.393082,7.5911074,23.908274,5.0,0.0,0.05,23.5,7.6,15.0
350.6,23.397106,7.5866456,24.633743,5.0,0.0,-0.05,23.5,7.6,15.0
350.70000000000005,23.401827,7.5821896,25.076298,5.0,0.0,-0.05,23.5,7.6,15.0
350.8,23.406979,7.587733,25.346064,5.0,0.0,0.05,23.5,7.6,15.0
350.90000000000003,23.412407,7.593269,25.51001,5.0,0.0,0.05,23.5,7.6,15.0
351.0,23.417995,7.590921,25.61082,5.0,0.0,-0.028820867,23.5,7.6,15.0
351.1,23.42367,7.588576,25.674208,5.0,0.0,-0.028820867,23.5,7.6,15.0
351.20000000000005,23.429398,7.5891614,25.714529,5.0,0.0,0.0004720445,23.5,7.6,15.0
351.3,23.435162,7.589746,25.740551,5.0,0.0,0.0004720445,23.5,7.6,15.0
351.40000000000003,23.44095,7.5946364,25.757338,4.992751,0.0,0.043571092,23.5,7.6,15.0
351.5,23.446764,7.5995207,25.768087,4.992751,0.0,0.043571092,23.5,7.6,15.0
351.6,23.452585,7.603745,25.775227,4.960165,0.0,0.03705766,23.5,7.6,15.0
351.70000000000005,23.45842,7.607964,25.780294,4.960165,0.0,0.03705766,23.5,7.6,15.0
351.8,23.464249,7.607319,25.784702,4.9336033,0.0,-0.011535866,23.5,7.6,15.0
351.90000000000003,23.470074,7.606674,25.789246,4.9336033,0.0,-0.011535866,23.5,7.6,15.0
352.0,23.473703,7.6041794,22.51471,4.912416,0.001953776,-0.03003771,23.5,7.6,15.0
352.1,23.474148,7.6016874,20.511501,4.912416,0.001953776,-0.03003771,23.5,7.6,15.0
352.20000000000005,23.478151,7.6048045,14.654691,0.1,0.002794304,0.030827153,23.5,7.6,15.0
352.3,23.48201,7.6079216,8.856168,0.1,0.002794304,0.030827153,23.5,7.6,15.0
352.40000000000003,23.471203,7.603439,15.520248,5.0,0.0,-0.05,23.5,7.6,15.0
352.5,23.466942,7.598962,19.562826,5.0,0.0,-0.05,23.5,7.6,15.0
352.6,23.470917,7.6039963,13.280399,0.1,0.003,0.05,23.5,7.6,15.0
352.70000000000005,23.474735,7.6090302,7.060483,0.1,0.003,0.05,23.5,7.6,15.0
352.8,23.462175,7.604546,14.427968,5.0,0.0,-0.05,23.5,7.6,15.0
352.90000000000003,23.456854,7.6000676,18.896954,5.0,0.0,-0.05,23.5,7.6,15.0
353.0,23.459742,7.602222,19.544214,0.9856065,0.0,0.020316835,23.5,7.6,15.0
353.1,23.462782,7.604376,20.130812,0.9856065,0.0,0.020316835,23.5,7.6,15.0
353.20000000000005,23.464085,7.6035404,15.776396,1.7509758,0.0027,-0.0103307795,23.5,7.6,15.0
353.3,23.463638,7.6027055,12.121528,1.7509758,0.0027,-0.0103307795,23.5,7.6,15.0
353.40000000000003,23.466818,7.600596,10.020644,0.2979358,0.0011949639,-0.021633716,23.5,7.6,15.0
353.5,23.469841,7.598487,7.981536,0.2979358,0.0011949639,-0.021633716,23.5,7.6,15.0
353.6,23.45816,7.594016,14.988031,5.0,0.0,-0.05,23.5,7.6,15.0
353.70000000000005,23.453362,7.5895505,19.238174,5.0,0.0,-0.05,23.5,7.6,15.0
353.8,23.453825,7.589993,17.754795,2.4691122,0.0015495231,0.0016507707,23.5,7.6,15.0
353.90000000000003,23.453478,7.5904355,16.5959,2.4691122,0.0015495231,0.0016507707,23.5,7.6,15.0
354.0,23.4525,7.5908775,15.690378,2.4691122,0.0015495231,0.0016507707,23.5,7.6,15.0
354.1,23.451027,7.5913196,14.982707,2.4691122,0.0015495231,0.0016507707,23.5,7.6,15.0
354.20000000000005,23.454967,7.594943,15.09028,0.1,0.0,0.035889033,23.5,7.6,15.0
354.3,23.45891,7.5985665,15.19679,0.1,0.0,0.035889033,23.5,7.6,15.0
354.40000000000003,23.454004,7.6008453,17.433994,4.51,0.0009400073,0.018031172,23.5,7.6,15.0
354.5,23.451138,7.6031218,18.857887,4.51,0.0009400073,0.018031172,23.5,7.6,15.0
354.6,23.448076,7.603968,17.30487,4.51,0.0023780635,0.0037492975,23.5,7.6,15.0
354.70000000000005,23.443611,7.6048136,16.31415,4.51,0.0023780635,0.0037492975,23.5,7.6,15.0
354.8,23.438114,7.6021304,15.457181,4.51,0.002509407,-0.031545255,23.5,7.6,15.0
354.90000000000003,23.431839,7.5994506,14.910141,4.51,0.002509407,-0.031545255,23.5,7.6,15.0
355.0,23.425774,7.5972724,14.584418,4.2246237,0.0023470204,-0.026268363,23.5,7.6,15.0
355.1,23.419428,7.5950966,14.369737,4.2246237,0.0023470204,-0.026268363,23.5,7.6,15.0
355.20000000000005,23.423353,7.594869,14.483162,0.1,0.0,-0.0026197075,23.5,7.6,15.0
355.3,23.427282,7.5946417,14.5954895,0.1,0.0,-0.0026197075,23.5,7.6,15.0
355.40000000000003,23.431122,7.590259,14.748583,0.13786954,0.0,-0.044210713,23.5,7.6,15.0
355.5,23.434965,7.5858765,14.899655,0.13786954,0.0,-0.044210713,23.5,7.6,15.0
355.6,23.438715,7.581647,9.92428,0.14154464,0.00243,-0.042687554,23.5,7.6,15.0
355.70000000000005,23.44229,7.5774174,5.018907,0.14154464,0.00243,-0.042687554,23.5,7.6,15.0
355.8,23.427664,7.572973,13.186726,5.0,0.0,-0.05,23.5,7.6,15.0
355.90000000000003,23.421066,7.568534,18.14085,5.0,0.0,-0.05,23.5,7.6,15.0
356.0,23.42242,7.573773,19.527672,2.00233,0.0,0.05,23.5,7.6,15.0
356.1,23.42441,7.5790095,20.662504,2.00233,0.0,0.05,23.5,7.6,15.0
356.20000000000005,23.425024,7.584287,16.665108,2.4194298,0.0027,0.05,23.5,7.6,15.0
356.3,23.4235,7.5895615,13.525953,2.4194298,0.0027,0.05,23.5,7.6,15.0
356.40000000000003,23.422031,7.58991,16.09609,2.355471,0.0,0.00082393124,23.5,7.6,15.0
356.5,23.421911,7.590258,18.126709,2.355471,0.0,0.00082393124,23.5,7.6,15.0
356.6,23.422857,7.590439,19.731245,2.3554993,0.0,-0.0008496562,23.5,7.6,15.0
356.70000000000005,23.424644,7.5906196,20.999254,2.3554993,0.0,-0.0008496562,23.5,7.6,15.0
356.8,23.42579,7.5956726,22.876339,5.0,0.0,0.04520105,23.5,7.6,15.0
356.90000000000003,23.428797,7.6007195,24.014769,5.0,0.0,0.04520105,23.5,7.6,15.0
357.0,23.432919,7.596246,24.706646,5.0,0.0,-0.05,23.5,7.6,15.0
357.1,23.437702,7.591778,25.128841,5.0,0.0,-0.05,23.5,7.6,15.0
357.20000000000005,23.442892,7.5936904,25.386736,5.0,0.0,0.013791185,23.5,7.6,15.0
357.3,23.448336,7.5956006,25.544342,5.0,0.0,0.013791185,23.5,7.6,15.0
357.40000000000003,23.453932,7.596947,25.641226,5.0,0.0,0.008174474,23.5,7.6,15.0
357.5,23.459621,7.598292,25.701363,5.0,0.0,0.008174474,23.5,7.6,15.0
357.6,23.465366,7.598136,25.739414,5.0,0.0,-0.0068238084,23.5,7.6,15.0
357.70000000000005,23.471142,7.5979805,25.764238,5.0,0.0,-0.0068238084,23.5,7.6,15.0
357.8,23.47581,7.6022115,25.769978,1.5152522,0.0,0.040553324,23.5,7.6,15.0
357.90000000000003,23.48048,7.606441,25.775045,1.5152522,0.0,0.040553324,23.5,7.6,15.0
358.0,23.485064,7.610642,25.778765,1.2389041,0.0,0.040553324,23.5,7.6,15.0
358.1,23.48965,7.6148415,25.782158,1.2389041,0.0,0.040553324,23.5,7.6,15.0
358.20000000000005,23.49424,7.616443,25.785364,1.242789,0.0,0.014578812,23.5,7.6,15.0
358.3,23.49883,7.6180444,25.788486,1.242789,0.0,0.014578812,23.5,7.6,15.0
358.40000000000003,23.501291,7.615074,20.765873,4.920557,0.003,-0.03466078,23.5,7.6,15.0
358.5,23.498867,7.6121078,17.694662,4.920557,0.003,-0.03466078,23.5,7.6,15.0
358.6,23.493351,7.6176133,15.872358,5.0,0.003,0.05,23.5,7.6,15.0
358.70000000000005,23.486067,7.623112,14.763405,5.0,0.003,0.05,23.5,7.6,15.0
358.8,23.477716,7.6286044,14.086894,5.0,0.003,0.05,23.5,7.6,15.0
358.90000000000003,23.468727,7.6340895,13.672538,5.0,0.003,0.05,23.5,7.6,15.0
359.0,23.464285,7.6354256,17.68357,4.0257893,0.0,0.009443416,23.5,7.6,15.0
359.1,23.463171,7.6367607,20.364754,4.0257893,0.0,0.009443416,23.5,7.6,15.0
359.20000000000005,23.46428,7.6374393,22.157448,4.0258102,0.0,0.0028898183,23.5,7.6,15.0
359.3,23.466873,7.6381173,23.356527,4.0258102,0.0,0.0028898183,23.5,7.6,15.0
359.40000000000003,23.470655,7.633322,23.791561,1.9783436,0.0,-0.05,23.5,7.6,15.0
359.5,23.474625,7.6285286,24.14955,1.9783436,0.0,-0.05,23.5,7.6,15.0
359.6,23.475517,7.6240187,19.775457,4.985197,0.003,-0.05,23.5,7.6,15.0
359.70000000000005,23.472107,7.6195145,17.11805,4.985197,0.003,-0.05,23.5,7.6,15.0
359.8,23.466064,7.618144,15.513638,5.0,0.003,-0.018711926,23.5,7.6,15.0
359.90000000000003,23.458448,7.6167755,14.538394,5.0,0.003,-0.018711926,23.5,7.6,15.0
360.0,23.449886,7.621493,13.943777,5.0,0.003,0.042170145,23.5,7.6,15.0
360.1,23.440763,7.6262045,13.579246,5.0,0.003,0.042170145,23.5,7.6,15.0
360.20000000000005,23.438175,7.6256566,13.511351,2.4982047,0.0014682886,-0.008056669,23.5,7.6,15.0
360.3,23.43555,7.625109,13.458104,2.4982047,0.0014682886,-0.008056669,23.5,7.6,15.0
360.40000000000003,23.439455,7.620143,13.580555,0.1,0.0,-0.05,23.5,7.6,15.0
360.5,23.443363,7.6151767,13.701846,0.1,0.0,-0.05,23.5,7.6,15.0
360.6,23.447273,7.610211,13.82199,0.1,0.0,-0.05,23.5,7.6,15.0
360.70000000000005,23.451185,7.605245,13.940997,0.1,0.0,-0.05,23.5,7.6,15.0
360.8,23.451145,7.6004457,15.865764,1.7732034,0.0,-0.05,23.5,7.6,15.0
360.90000000000003,23.451881,7.5956483,17.478294,1.7732034,0.0,-0.05,23.5,7.6,15.0
361.0,23.45588,7.5979543,17.233725,0.1,0.00015476168,0.02271677,23.5,7.6,15.0
361.1,23.459871,7.6002603,16.991606,0.1,0.00015476168,0.02271677,23.5,7.6,15.0
361.20000000000005,23.46379,7.599072,11.336441,0.1,0.002715476,-0.012228333,23.5,7.6,15.0
361.3,23.46757,7.5978837,5.737582,0.1,0.002715476,-0.012228333,23.5,7.6,15.0
361.40000000000003,23.453684,7.5934134,13.625555,5.0,0.0,-0.05,23.5,7.6,15.0
361.5,23.44755,7.5889487,18.410053,5.0,0.0,-0.05,23.5,7.6,15.0
361.6,23.451496,7.593983,12.139011,0.1,0.003,0.05,23.5,7.6,15.0
361.70000000000005,23.455286,7.5990176,5.9303665,0.1,0.003,0.05,23.5,7.6,15.0
361.8,23.441607,7.594546,13.738676,5.0,0.0,-0.05,23.5,7.6,15.0
361.90000000000003,23.4356,7.59008,18.474884,5.0,0.0,-0.05,23.5,7.6,15.0
362.0,23.43921,7.595081,13.83835,0.27226213,0.0023049035,0.04949081,23.5,7.6,15.0
362.1,23.44251,7.600082,9.326338,0.27226213,0.0023049035,0.04949081,23.5,7.6,15.0
362.20000000000005,23.432184,7.595609,15.795816,5.0,0.0,-0.05,23.5,7.6,15.0
362.3,23.428211,7.5911417,19.72042,5.0,0.0,-0.05,23.5,7.6,15.0
362.40000000000003,23.424698,7.5966735,17.085983,5.0,0.003,0.05,23.5,7.6,15.0
362.5,23.418615,7.6021986,15.484696,5.0,0.003,0.05,23.5,7.6,15.0
362.6,23.42257,7.5982313,15.58699,0.1,0.0,-0.040014967,23.5,7.6,15.0
362.70000000000005,23.426525,7.5942645,15.688319,0.1,0.0,-0.040014967,23.5,7.6,15.0
362.8,23.421509,7.5917125,16.795898,4.5084085,0.0014913081,-0.030353293,23.5,7.6,15.0
362.90000000000003,23.417494,7.5891633,17.501038,4.5084085,0.0014913081,-0.030353293,23.5,7.6,15.0
363.0,23.413076,7.5874786,16.102144,4.4662914,0.0025536607,-0.021688836,23.5,7.6,15.0
363.1,23.4074,7.585796,15.205941,4.4662914,0.0025536607,-0.021688836,23.5,7.6,15.0
363.20000000000005,23.401106,7.584926,14.638549,4.3904777,0.0025104806,-0.013492423,23.5,7.6,15.0
363.3,23.394312,7.5840573,14.271138,4.3904777,0.0025104806,-0.013492423,23.5,7.6,15.0
363.40000000000003,23.38726,7.583731,14.034164,4.365549,0.0024958942,-0.008044298,23.5,7.6,15.0
363.5,23.380007,7.5834055,13.879157,4.365549,0.0024958942,-0.008044298,23.5,7.6,15.0
363.6,23.37675,7.585016,17.303179,3.4058611,0.0,0.012319789,23.5,7.6,15.0
363.70000000000005,23.37597,7.5866246,19.738308,3.4058611,0.0,0.012319789,23.5,7.6,15.0
363.8,23.375917,7.591094,22.097687,5.0,0.0,0.039311424,23.5,7.6,15.0
363.90000000000003,23.378195,7.5955577,23.528625,5.0,0.0,0.039311424,23.5,7.6,15.0
364.0,23.381884,7.5960083,24.397255,5.0,0.0,-0.00079040887,23.5,7.6,15.0
364.1,23.386423,7.5964584,24.925444,5.0,0.0,-0.00079040887,23.5,7.6,15.0
364.20000000000005,23.390102,7.59573,20.098152,1.0310025,0.0024299985,-0.008569633,23.5,7.6,15.0
364.3,23.3926,7.5950017,15.744026,1.0310025,0.0024299985,-0.008569633,23.5,7.6,15.0
364.40000000000003,23.39656,7.591838,15.843586,0.1,0.0,-0.03198324,23.5,7.6,15.0
364.5,23.400524,7.588674,15.9422035,0.1,0.0,-0.03198324,23.5,7.6,15.0
364.6,23.404465,7.583889,14.019465,0.1,0.0009553609,-0.048198324,23.5,7.6,15.0
364.70000000000005,23.408356,7.579104,12.115917,0.1,0.0009553609,-0.048198324,23.5,7.6,15.0
364.8,23.412226,7.582663,12.251769,0.1,0.0,0.035241783,23.5,7.6,15.0
364.90000000000003,23.4161,7.586222,12.386277,0.1,0.0,0.035241783,23.5,7.6,15.0
365.0,23.419975,7.586821,12.519464,0.1,0.0,0.0056415163,23.5,7.6,15.0
365.1,23.423855,7.58742,12.65135,0.1,0.0,0.0056415163,23.5,7.6,15.0
365.20000000000005,23.427738,7.585497,12.781958,0.1,0.0,-0.019575786,23.5,7.6,15.0
365.3,23.431623,7.5835743,12.911305,0.1,0.0,-0.019575786,23.5,7.6,15.0
365.40000000000003,23.435513,7.5801506,13.007592,0.1,1.5045872e-05,-0.03458648,23.5,7.6,15.0
365.5,23.439404,7.576727,13.10297,0.1,1.5045872e-05,-0.03458648,23.5,7.6,15.0
365.6,23.443233,7.5733056,13.225247,0.12211744,1.5045872e-05,-0.03458648,23.5,7.6,15.0
365.70000000000005,23.447067,7.5698843,13.3461,0.12211744,1.5045872e-05,-0.03458648,23.5,7.6,15.0
365.8,23.450891,7.5665517,12.964529,0.12397158,0.00025331695,-0.033701353,23.5,7.6,15.0
365.90000000000003,23.454702,7.5632195,12.587719,0.12397158,0.00025331695,-0.033701353,23.5,7.6,15.0
366.0,23.458519,7.5663643,12.747155,0.121281475,0.0,0.031070221,23.5,7.6,15.0
366.1,23.46234,7.5695086,12.904681,0.121281475,0.0,0.031070221,23.5,7.6,15.0
366.20000000000005,23.466227,7.5745435,13.033141,0.1,0.0,0.05,23.5,7.6,15.0
366.3,23.470118,7.5795784,13.160321,0.1,0.0,0.05,23.5,7.6,15.0
366.40000000000003,23.467272,7.5802536,13.196673,2.4773555,0.0014555238,0.0039082877,23.5,7.6,15.0
366.5,23.464447,7.5809283,13.224493,2.4773555,0.0014555238,0.0039082877,23.5,7.6,15.0
366.6,23.46165,7.5816092,13.2457905,2.4739301,0.0014534267,0.0039746976,23.5,7.6,15.0
366.70000000000005,23.458868,7.5822897,13.261872,2.4739301,0.0014534267,0.0039746976,23.5,7.6,15.0
366.8,23.462399,7.587015,13.550764,0.23301874,0.0,0.046769615,23.5,7.6,15.0
366.90000000000003,23.465946,7.5917406,13.832998,0.23301874,0.0,0.046769615,23.5,7.6,15.0
367.0,23.46951,7.5943875,14.109431,0.23360775,0.0,0.025990117,23.5,7.6,15.0
367.1,23.473087,7.5970345,14.379506,0.23360775,0.0,0.025990117,23.5,7.6,15.0
367.20000000000005,23.476622,7.597783,12.628516,0.23413672,0.00095940597,0.0070083546,23.5,7.6,15.0
367.3,23.480053,7.5985317,10.9180975,0.23413672,0.00095940597,0.0070083546,23.5,7.6,15.0
367.40000000000003,23.483892,7.5935664,11.066313,0.1,0.0,-0.05,23.5,7.6,15.0
367.5,23.487734,7.588601,11.213112,0.1,0.0,-0.05,23.5,7.6,15.0
367.6,23.49158,7.583636,11.358508,0.1,4.522886e-12,-0.05,23.5,7.6,15.0
367.70000000000005,23.495428,7.5786705,11.502516,0.1,4.522886e-12,-0.05,23.5,7.6,15.0
367.8,23.499279,7.5742216,11.645147,0.1,1.918927e-11,-0.044837635,23.5,7.6,15.0
367.90000000000003,23.503134,7.5697727,11.786415,0.1,1.918927e-11,-0.044837635,23.5,7.6,15.0
368.0,23.506992,7.566696,11.926329,0.1,3.0191533e-11,-0.031116197,23.5,7.6,15.0
368.1,23.510853,7.5636196,12.064898,0.1,3.0191533e-11,-0.031116197,23.5,7.6,15.0
368.20000000000005,23.514717,7.561785,12.202131,0.1,3.0191533e-11,-0.01869763,23.5,7.6,15.0
368.3,23.518585,7.559951,12.338039,0.1,3.0191533e-11,-0.01869763,23.5,7.6,15.0
368.40000000000003,23.522455,7.5555778,12.472642,0.1,3.0191533e-11,-0.044083934,23.5,7.6,15.0
368.5,23.526329,7.5512047,12.605961,0.1,3.0191533e-11,-0.044083934,23.5,7.6,15.0
368.6,23.530207,7.547089,12.738007,0.1,3.0191533e-11,-0.041512325,23.5,7.6,15.0
368.70000000000005,23.534086,7.5429735,12.868793,0.1,3.0191533e-11,-0.041512325,23.5,7.6,15.0
368.8,23.53797,7.541816,12.998322,0.1,3.0191533e-11,-0.011931439,23.5,7.6,15.0
368.90000000000003,23.541855,7.540659,13.126597,0.1,3.0191533e-11,-0.011931439,23.5,7.6,15.0
369.0,23.545744,7.539649,13.253633,0.1,3.0191533e-11,-0.010458486,23.5,7.6,15.0
369.1,23.549635,7.538639,13.379439,0.1,3.0191533e-11,-0.010458486,23.5,7.6,15.0
369.20000000000005,23.55353,7.537758,13.504028,0.1,1.538264e-11,-0.009173319,23.5,7.6,15.0
369.3,23.557428,7.5368767,13.627412,0.1,1.538264e-11,-0.009173319,23.5,7.6,15.0
369.40000000000003,23.561302,7.536106,11.537414,0.1,0.0010460353,-0.008063655,23.5,7.6,15.0
369.5,23.565123,7.5353355,9.468244,0.1,0.0010460353,-0.008063655,23.5,7.6,15.0
369.6,23.554615,7.5309434,15.933319,5.0,0.0,-0.05,23.5,7.6,15.0
369.70000000000005,23.550457,7.526557,19.855179,5.0,0.0,-0.05,23.5,7.6,15.0
369.8,23.550144,7.522176,22.235325,5.0,0.0,-0.05,23.5,7.6,15.0
369.90000000000003,23.552156,7.5178003,23.680874,5.0,0.0,-0.05,23.5,7.6,15.0
370.0,23.55559,7.523424,24.558582,5.0,0.0,0.05,24.2,7.9,15.0
370.1,23.559898,7.529041,25.090988,5.0,0.0,0.05,24.2,7.9,15.0
370.20000000000005,23.564741,7.5346503,25.414076,5.0,0.0,0.05,24.2,7.9,15.0
370.3,23.569914,7.5402527,25.61028,5.0,0.0,0.05,24.2,7.9,15.0
370.40000000000003,23.57529,7.5458484,25.729568,5.0,0.0,0.05,24.2,7.9,15.0
370.5,23.580795,7.551437,25.802238,5.0,0.0,0.05,24.2,7.9,15.0
370.6,23.586382,7.5570183,25.846653,5.0,0.0,0.05,24.2,7.9,15.0
370.70000000000005,23.592024,7.562593,25.873943,5.0,0.0,0.05,24.2,7.9,15.0
370.8,23.597702,7.5681605,25.890858,5.0,0.0,0.05,24.2,7.9,15.0
370.90000000000003,23.603407,7.5737214,25.901487,5.0,0.0,0.05,24.2,7.9,15.0
371.0,23.609133,7.579275,25.908312,5.0,0.0,0.05,24.2,7.9,15.0
371.1,23.614876,7.5848217,25.912836,5.0,0.0,0.05,24.2,7.9,15.0
371.20000000000005,23.620634,7.5903616,25.915968,5.0,0.0,0.05,24.2,7.9,15.0
371.3,23.626406,7.5958943,25.918262,5.0,0.0,0.05,24.2,7.9,15.0
371.40000000000003,23.63219,7.6014204,25.920055,5.0,0.0,0.05,24.2,7.9,15.0
371.5,23.637987,7.6069393,25.921549,5.0,0.0,0.05,24.2,7.9,15.0
371.6,23.643795,7.6124516,25.922865,5.0,0.0,0.05,24.2,7.9,15.0
371.70000000000005,23.649614,7.617957,25.924078,5.0,0.0,0.05,24.2,7.9,15.0
371.8,23.655445,7.6234555,25.925234,5.0,0.0,0.05,24.2,7.9,15.0
371.90000000000003,23.661287,7.6289473,25.926361,5.0,0.0,0.05,24.2,7.9,15.0
372.0,23.667141,7.634432,25.927475,5.0,0.0,0.05,24.2,7.9,15.0
372.1,23.673006,7.6399097,25.928585,5.0,0.0,0.05,24.2,7.9,15.0
372.20000000000005,23.678883,7.645381,25.929699,5.0,0.0,0.05,24.2,7.9,15.0
372.3,23.68477,7.650845,25.93082,5.0,0.0,0.05,24.2,7.9,15.0
372.40000000000003,23.690668,7.6563025,25.93195,5.0,0.0,0.05,24.2,7.9,15.0
372.5,23.696577,7.661753,25.93309,5.0,0.0,0.05,24.2,7.9,15.0
372.6,23.702497,7.6671968,25.93424,5.0,0.0,0.05,24.2,7.9,15.0
372.70000000000005,23.70843,7.6726336,25.935404,5.0,0.0,0.05,24.2,7.9,15.0
372.8,23.714373,7.678064,25.936579,5.0,0.0,0.05,24.2,7.9,15.0
372.90000000000003,23.720325,7.6834874,25.937765,5.0,0.0,0.05,24.2,7.9,15.0
373.0,23.72629,7.688904,25.938965,5.0,0.0,0.05,24.2,7.9,15.0
373.1,23.732265,7.6943135,25.940176,5.0,0.0,0.05,24.2,7.9,15.0
373.20000000000005,23.738253,7.6997166,25.9414,5.0,0.0,0.05,24.2,7.9,15.0
373.3,23.74425,7.705113,25.942636,5.0,0.0,0.05,24.2,7.9,15.0
373.40000000000003,23.750257,7.7105026,25.943884,5.0,0.0,0.05,24.2,7.9,15.0
373.5,23.756277,7.7158856,25.945145,5.0,0.0,0.05,24.2,7.9,15.0
373.6,23.762306,7.721262,25.946417,5.0,0.0,0.05,24.2,7.9,15.0
373.70000000000005,23.768347,7.7266316,25.9477,5.0,0.0,0.05,24.2,7.9,15.0
373.8,23.774399,7.731994,25.948997,5.0,0.0,0.05,24.2,7.9,15.0
373.90000000000003,23.78046,7.73735,25.950306,5.0,0.0,0.05,24.2,7.9,15.0
374.0,23.786533,7.742699,25.951626,5.0,0.0,0.05,24.2,7.9,15.0
374.1,23.792618,7.7480416,25.95296,5.0,0.0,0.05,24.2,7.9,15.0
374.20000000000005,23.798712,7.7533774,25.954304,5.0,0.0,0.05,24.2,7.9,15.0
374.3,23.804817,7.7587066,25.955662,5.0,0.0,0.05,24.2,7.9,15.0
374.40000000000003,23.810934,7.764029,25.957031,5.0,0.0,0.05,24.2,7.9,15.0
374.5,23.81706,7.769345,25.958412,5.0,0.0,0.05,24.2,7.9,15.0
374.6,23.823198,7.7746544,25.959806,5.0,0.0,0.05,24.2,7.9,15.0
374.70000000000005,23.829346,7.7799573,25.961212,5.0,0.0,0.05,24.2,7.9,15.0
374.8,23.835505,7.7852535,25.96263,5.0,0.0,0.05,24.2,7.9,15.0
374.90000000000003,23.841675,7.790543,25.964058,5.0,0.0,0.05,24.2,7.9,15.0
375.0,23.847855,7.795826,25.9655,5.0,0.0,0.05,24.2,7.9,15.0
375.1,23.854046,7.801102,25.966953,5.0,0.0,0.05,24.2,7.9,15.0
375.20000000000005,23.860247,7.8063717,25.968418,5.0,0.0,0.05,24.2,7.9,15.0
375.3,23.866459,7.811635,25.969896,5.0,0.0,0.05,24.2,7.9,15.0
375.40000000000003,23.87268,7.8168917,25.971386,5.0,0.0,0.05,24.2,7.9,15.0
375.5,23.878914,7.8221416,25.972887,5.0,0.0,0.05,24.2,7.9,15.0
375.6,23.885157,7.827305,25.97441,5.0,0.0,0.049199123,24.2,7.9,15.0
375.70000000000005,23.89141,7.832462,25.97596,5.0,0.0,0.049199123,24.2,7.9,15.0
375.8,23.897673,7.8368397,25.977629,5.0,0.0,0.041466158,24.2,7.9,15.0
375.90000000000003,23.903944,7.841212,25.979458,5.0,0.0,0.041466158,24.2,7.9,15.0
376.0,23.910223,7.8455405,25.981392,5.0,0.0,0.04108518,24.2,7.9,15.0
376.1,23.91651,7.849864,25.983398,5.0,0.0,0.04108518,24.2,7.9,15.0
376.20000000000005,23.922806,7.855073,25.985338,5.0,0.0,0.05,24.2,7.9,15.0
376.3,23.929113,7.8602753,25.987144,5.0,0.0,0.05,24.2,7.9,15.0
376.40000000000003,23.93543,7.865471,25.988876,5.0,0.0,0.05,24.2,7.9,15.0
376.5,23.94176,7.8706603,25.990566,5.0,0.0,0.05,24.2,7.9,15.0
376.6,23.948097,7.8756895,25.992256,5.0,0.0,0.048460986,24.2,7.9,15.0
376.70000000000005,23.954445,7.880712,25.993967,5.0,0.0,0.048460986,24.2,7.9,15.0
376.8,23.960802,7.8856435,25.995705,5.0,0.0,0.04760875,24.2,7.9,15.0
376.90000000000003,23.967169,7.8905687,25.997473,5.0,0.0,0.04760875,24.2,7.9,15.0
377.0,23.973545,7.8946557,25.99937,5.0,0.0,0.03928188,24.2,7.9,15.0
377.1,23.979929,7.8987374,26.00144,5.0,0.0,0.03928188,24.2,7.9,15.0
377.20000000000005,23.986319,7.901669,26.003765,5.0,0.0,0.027824592,24.2,7.9,15.0
377.3,23.992712,7.904597,26.006369,5.0,0.0,0.027824592,24.2,7.9,15.0
377.40000000000003,23.99911,7.9076166,26.009132,5.0,0.0,0.028778454,24.2,7.9,15.0
377.5,24.005512,7.9106326,26.011986,5.0,0.0,0.028778454,24.2,7.9,15.0
377.6,24.011919,7.913413,26.014923,5.0,0.0,0.026460614,24.2,7.9,15.0
377.70000000000005,24.018332,7.91619,26.01794,5.0,0.0,0.026460614,24.2,7.9,15.0
377.8,24.024748,7.91885,26.021023,5.0,0.0,0.02532131,24.2,7.9,15.0
377.90000000000003,24.031168,7.9215064,26.02416,5.0,0.0,0.02532131,24.2,7.9,15.0
378.0,24.037592,7.923708,26.02739,5.0,0.0,0.02080598,24.2,7.9,15.0
378.1,24.044018,7.925907,26.030724,5.0,0.0,0.02080598,24.2,7.9,15.0
378.20000000000005,24.05045,7.9290714,26.034,5.0,0.0,0.030490682,24.2,7.9,15.0
378.3,24.056887,7.9322314,26.03714,5.0,0.0,0.030490682,24.2,7.9,15.0
378.40000000000003,24.063324,7.9323683,26.040586,5.0,0.0,0.0002779232,24.2,7.9,15.0
378.5,24.06976,7.9325047,26.044542,5.0,0.0,0.0002779232,24.2,7.9,15.0
378.6,24.076185,7.9283776,26.049355,5.0,0.0,-0.042385172,24.2,7.9,15.0
378.70000000000005,24.082598,7.9242554,26.05514,5.0,0.0,-0.042385172,24.2,7.9,15.0
378.8,24.088997,7.9202886,26.061493,5.0,0.0,-0.040881537,24.2,7.9,15.0
378.90000000000003,24.095385,7.916327,26.068169,5.0,0.0,-0.040881537,24.2,7.9,15.0
379.0,24.10177,7.9197135,26.074095,5.0,0.0,0.03259728,24.2,7.9,15.0
379.1,24.108166,7.9230957,26.078777,5.0,0.0,0.03259728,24.2,7.9,15.0
379.20000000000005,24.114569,7.9264736,26.082708,5.0,0.0,0.03259605,24.2,7.9,15.0
379.3,24.12098,7.9298472,26.086187,5.0,0.0,0.03259605,24.2,7.9,15.0
379.40000000000003,24.127396,7.932838,26.089441,5.0,0.0,0.028803473,24.2,7.9,15.0
379.5,24.133818,7.935825,26.092604,5.0,0.0,0.028803473,24.2,7.9,15.0
379.6,24.140236,7.9336047,26.09638,5.0,0.0,-0.023262242,24.2,7.9,15.0
379.70000000000005,24.146645,7.9313874,26.101086,5.0,0.0,-0.023262242,24.2,7.9,15.0
379.8,24.153046,7.9292083,26.106348,5.0,0.0,-0.022905389,24.2,7.9,15.0
379.90000000000003,24.15944,7.927032,26.111942,5.0,0.0,-0.022905389,24.2,7.9,15.0
380.0,24.165825,7.924997,26.117716,5.0,0.0,-0.02152076,24.2,7.9,15.0
380.1,24.172203,7.922964,26.12358,5.0,0.0,-0.02152076,24.2,7.9,15.0
380.20000000000005,24.178576,7.921215,26.129463,5.0,0.0,-0.018707411,24.2,7.9,15.0
380.3,24.18494,7.9194684,26.135323,5.0,0.0,-0.018707411,24.2,7.9,15.0
380.40000000000003,24.1913,7.9171467,26.141241,5.0,0.0,-0.02448294,24.2,7.9,15.0
380.5,24.19765,7.914828,26.147253,5.0,0.0,-0.02448294,24.2,7.9,15.0
380.6,24.203995,7.9122243,26.153357,5.0,0.0,-0.027359886,24.2,7.9,15.0
380.70000000000005,24.21033,7.909624,26.159544,5.0,0.0,-0.027359886,24.2,7.9,15.0
380.8,24.216629,7.9073796,26.14107,4.9759545,1.4721778e-05,-0.023828382,24.2,7.9,15.0
380.90000000000003,24.222898,7.9051375,26.132206,4.9759545,1.4721778e-05,-0.023828382,24.2,7.9,15.0
381.0,24.229103,7.9054008,26.085905,4.9342957,4.022712e-05,0.0012222402,24.2,7.9,15.0
381.1,24.235256,7.905664,26.059368,4.9342957,4.022712e-05,0.0012222402,24.2,7.9,15.0
381.20000000000005,24.241364,7.906817,26.031693,4.9153056,4.789438e-05,0.010134804,24.2,7.9,15.0
381.3,24.24744,7.9079685,26.016262,4.9153056,4.789438e-05,0.010134804,24.2,7.9,15.0
381.40000000000003,24.253473,7.9086914,25.980078,4.8939366,6.4543165e-05,0.0058634947,24.2,7.9,15.0
381.5,24.259466,7.9094133,25.959465,4.8939366,6.4543165e-05,0.0058634947,24.2,7.9,15.0
381.6,24.265429,7.910642,25.952251,4.868275,6.189736e-05,0.010949634,24.2,7.9,15.0
381.70000000000005,24.271381,7.9118695,25.949255,4.868275,6.189736e-05,0.010949634,24.2,7.9,15.0
381.8,24.277304,7.912988,25.924046,4.8448396,7.633777e-05,0.009882384,24.2,7.9,15.0
381.90000000000003,24.2832,7.9141054,25.909954,4.8448396,7.633777e-05,0.009882384,24.2,7.9,15.0
382.0,24.289078,7.9154835,25.89917,4.8449903,7.842124e-05,0.012504137,24.2,7.9,15.0
382.1,24.294943,7.9168596,25.893898,4.8449903,7.842124e-05,0.012504137,24.2,7.9,15.0
382.20000000000005,24.30078,7.9185443,25.86808,4.8225446,9.224151e-05,0.015610352,24.2,7.9,15.0
382.3,24.30659,7.920227,25.853418,4.8225446,9.224151e-05,0.015610352,24.2,7.9,15.0
382.40000000000003,24.31217,7.9217663,25.62148,4.6002464,0.00021978367,0.014239731,24.2,7.9,15.0
382.5,24.317535,7.9233036,25.476196,4.6002464,0.00021978367,0.014239731,24.2,7.9,15.0
382.6,24.322105,7.923651,24.444431,3.7840211,0.00072021986,0.002508476,24.2,7.9,15.0
382.70000000000005,24.325861,7.9239984,23.738562,3.7840211,0.00072021986,0.002508476,24.2,7.9,15.0
382.8,24.328764,7.91905,18.112017,1.3902436,0.003,-0.05,24.2,7.9,15.0
382.90000000000003,24.329836,7.9141035,13.2163315,1.3902436,0.003,-0.05,24.2,7.9,15.0
383.0,24.319935,7.913972,13.328811,5.0,0.003,-0.0026338757,24.2,7.9,15.0
383.1,24.310154,7.9138403,13.394192,5.0,0.003,-0.0026338757,24.2,7.9,15.0
383.20000000000005,24.300444,7.911683,13.431282,5.0,0.003,-0.022904431,24.2,7.9,15.0
383.3,24.290773,7.9095287,13.451439,5.0,0.003,-0.022904431,24.2,7.9,15.0
383.40000000000003,24.281126,7.906153,13.461487,5.0,0.003,-0.035152063,24.2,7.9,15.0
383.5,24.271488,7.902782,13.465536,5.0,0.003,-0.035152063,24.2,7.9,15.0
383.6,24.261854,7.8987746,13.466028,5.0,0.003,-0.041556824,24.2,7.9,15.0
383.70000000000005,24.252218,7.8947725,13.46443,5.0,0.003,-0.041556824,24.2,7.9,15.0
383.8,24.242579,7.8899317,13.461669,5.0,0.003,-0.05,24.2,7.9,15.0
383.90000000000003,24.232931,7.8850965,13.458291,5.0,0.003,-0.05,24.2,7.9,15.0
384.0,24.2233,7.8806577,13.443174,4.988717,0.003,-0.046093754,24.2,7.9,15.0
384.1,24.213652,7.876224,13.432199,4.988717,0.003,-0.046093754,24.2,7.9,15.0
384.20000000000005,24.204735,7.8723006,13.067427,4.639621,0.003,-0.040934023,24.2,7.9,15.0
384.3,24.195478,7.868382,12.836338,4.639621,0.003,-0.040934023,24.2,7.9,15.0
384.40000000000003,24.1904,7.8735037,11.6871195,3.0141618,0.0025189368,0.05,24.2,7.9,15.0
384.5,24.184586,7.8786216,10.83507,3.0141618,0.0025189368,0.05,24.2,7.9,15.0
384.6,24.188423,7.883649,10.987667,0.1,0.0,0.05,24.2,7.9,15.0
384.70000000000005,24.192265,7.888676,11.138744,0.1,0.0,0.05,24.2,7.9,15.0
384.8,24.19611,7.884703,11.288344,0.1,0.0,-0.04,24.2,7.9,15.0
384.90000000000003,24.199959,7.8807306,11.436508,0.1,0.0,-0.04,24.2,7.9,15.0
385.0,24.20381,7.876758,11.58325,0.1,0.0,-0.04,24.2,7.9,15.0
385.1,24.207664,7.8727856,11.728584,0.1,0.0,-0.04,24.2,7.9,15.0
385.20000000000005,24.211504,7.868824,11.873321,0.10579573,3.5484043e-06,-0.03989355,24.2,7.9,15.0
385.3,24.215347,7.8648624,12.016589,0.10579573,3.5484043e-06,-0.03989355,24.2,7.9,15.0
385.40000000000003,24.219194,7.860901,12.158405,0.10579573,3.5484043e-06,-0.03989355,24.2,7.9,15.0
385.5,24.223043,7.85694,12.298784,0.10579573,3.5484043e-06,-0.03989355,24.2,7.9,15.0
385.6,24.223011,7.8620048,7.7952623,1.1554452,0.003,0.05,24.2,7.9,15.0
385.70000000000005,24.221754,7.8670683,3.782774,1.1554452,0.003,0.05,24.2,7.9,15.0
385.8,24.205954,7.862262,12.598054,5.0,0.0,-0.05,24.2,7.9,15.0
385.90000000000003,24.198816,7.8574615,17.944887,5.0,0.0,-0.05,24.2,7.9,15.0
386.0,24.193539,7.862661,16.172806,5.0,0.003,0.05,24.2,7.9,15.0
386.1,24.18654,7.8678536,15.094477,5.0,0.003,0.05,24.2,7.9,15.0
386.20000000000005,24.178505,7.8727493,14.436747,5.0,0.003,0.047090508,24.2,7.9,15.0
386.3,24.169847,7.877639,14.034022,5.0,0.003,0.047090508,24.2,7.9,15.0
386.40000000000003,24.160816,7.882336,13.785914,5.0,0.003,0.04522882,24.2,7.9,15.0
386.5,24.151566,7.8870277,13.631559,5.0,0.003,0.04522882,24.2,7.9,15.0
386.6,24.149918,7.886791,16.385565,2.4867387,0.0,-0.0033101737,24.2,7.9,15.0
386.70000000000005,24.149786,7.886555,18.53315,2.4867387,0.0,-0.0033101737,24.2,7.9,15.0
386.8,24.150835,7.8860908,20.208069,2.4867601,0.0,-0.0055928207,24.2,7.9,15.0
386.90000000000003,24.152805,7.885627,21.514555,2.4867601,0.0,-0.0055928207,24.2,7.9,15.0
387.0,24.15496,7.8879075,22.963493,3.7555342,0.0,0.021499244,24.2,7.9,15.0
387.1,24.158253,7.890186,23.959095,3.7555342,0.0,0.021499244,24.2,7.9,15.0
387.20000000000005,24.16232,7.8940115,24.613049,3.555631,0.0,0.03705173,24.2,7.9,15.0
387.3,24.16688,7.8978333,25.071642,3.555631,0.0,0.03705173,24.2,7.9,15.0
387.40000000000003,24.17216,7.902982,25.494463,5.0,0.0,0.05,24.2,7.9,15.0
387.5,24.177864,7.9081244,25.751434,5.0,0.0,0.05,24.2,7.9,15.0
387.6,24.183826,7.9108615,25.90818,5.0,0.0,0.025994955,24.2,7.9,15.0
387.70000000000005,24.189945,7.913595,26.004429,5.0,0.0,0.025994955,24.2,7.9,15.0
387.8,24.196089,7.9087305,25.976234,5.0,5.3087122e-05,-0.05,24.2,7.9,15.0
387.90000000000003,24.202183,7.903872,25.962076,5.0,5.3087122e-05,-0.05,24.2,7.9,15.0
388.0,24.207962,7.8990955,25.543417,5.0,0.0003001413,-0.049240667,24.2,7.9,15.0
388.1,24.21331,7.894325,25.292143,5.0,0.0003001413,-0.049240667,24.2,7.9,15.0
388.20000000000005,24.218184,7.8899226,24.835117,5.0,0.00048388971,-0.0456131,24.2,7.9,15.0
388.3,24.222591,7.885526,24.560202,5.0,0.00048388971,-0.0456131,24.2,7.9,15.0
388.40000000000003,24.226562,7.881487,24.176405,5.0,0.0006150324,-0.042093985,24.2,7.9,15.0
388.5,24.23014,7.8774524,23.945583,5.0,0.0006150324,-0.042093985,24.2,7.9,15.0
388.6,24.233364,7.8742332,23.618467,4.9267797,0.0007195858,-0.03396608,24.2,7.9,15.0
388.70000000000005,24.236256,7.871018,23.420164,4.9267797,0.0007195858,-0.03396608,24.2,7.9,15.0
388.8,24.238926,7.8687906,23.256903,4.8905973,0.0007405911,-0.024106877,24.2,7.9,15.0
388.90000000000003,24.24143,7.866566,23.158016,4.8905973,0.0007405911,-0.024106877,24.2,7.9,15.0
389.0,24.243877,7.865266,23.156145,4.866116,0.00070273125,-0.0148804765,24.2,7.9,15.0
389.1,24.246317,7.863967,23.156,4.866116,0.00070273125,-0.0148804765,24.2,7.9,15.0
389.20000000000005,24.24926,7.8690295,17.46046,1.1398762,0.003,0.05,24.2,7.9,15.0
389.3,24.250671,7.8740907,12.378352,1.1398762,0.003,0.05,24.2,7.9,15.0
389.40000000000003,24.249313,7.876965,8.474738,1.5603733,0.003,0.02801442,24.2,7.9,15.0
389.5,24.24655,7.8798385,5.13461,1.5603733,0.003,0.02801442,24.2,7.9,15.0
389.6,24.23209,7.875016,13.422843,5.0,0.0,-0.05,24.2,7.9,15.0
389.70000000000005,24.225775,7.8701997,18.45019,5.0,0.0,-0.05,24.2,7.9,15.0
389.8,24.221003,7.875383,16.484444,5.0,0.003,0.05,24.2,7.9,15.0
389.90000000000003,24.21432,7.88056,15.288724,5.0,0.003,0.05,24.2,7.9,15.0
390.0,24.206476,7.880826,14.5604315,5.0,0.003,0.0009278245,24.2,7.9,15.0
390.1,24.197927,7.881092,14.116026,5.0,0.003,0.0009278245,24.2,7.9,15.0
390.20000000000005,24.188951,7.881199,13.843736,5.0,0.003,-0.000660089,24.2,7.9,15.0
390.3,24.179718,7.8813057,13.675801,5.0,0.003,-0.000660089,24.2,7.9,15.0
390.40000000000003,24.170328,7.881266,13.571147,5.0,0.003,-0.0021213477,24.2,7.9,15.0
390.5,24.160845,7.881227,13.504869,5.0,0.003,-0.0021213477,24.2,7.9,15.0
390.6,24.156565,7.882771,16.965673,3.713049,0.0002593775,0.01410084,24.2,7.9,15.0
390.70000000000005,24.154974,7.8843136,19.352314,3.713049,0.0002593775,0.01410084,24.2,7.9,15.0
390.8,24.153927,7.885587,18.341051,3.7132375,0.0017563871,0.011422688,24.2,7.9,15.0
390.90000000000003,24.1521,7.8868594,17.642822,3.7132375,0.0017563871,0.011422688,24.2,7.9,15.0
391.0,24.154366,7.891156,18.61475,1.2144755,0.0,0.04238626,24.2,7.9,15.0
391.1,24.156912,7.8954515,19.475437,1.2144755,0.0,0.04238626,24.2,7.9,15.0
391.20000000000005,24.154047,7.8919086,17.347633,4.6214476,0.0027,-0.036902502,24.2,7.9,15.0
391.3,24.149208,7.8883696,16.00659,4.6214476,0.0027,-0.036902502,24.2,7.9,15.0
391.40000000000003,24.143127,7.8858852,15.160722,4.6214476,0.0027,-0.026393177,24.2,7.9,15.0
391.5,24.136263,7.883404,14.626483,4.6214476,0.0027,-0.026393177,24.2,7.9,15.0
391.6,24.128906,7.881746,14.28833,4.6214476,0.0027,-0.018178549,24.2,7.9,15.0
391.70000000000005,24.12124,7.8800898,14.073539,4.6214476,0.0027,-0.018178549,24.2,7.9,15.0
391.8,24.11338,7.8790674,13.936334,4.6214476,0.0027,-0.01185898,24.2,7.9,15.0
391.90000000000003,24.105398,7.878046,13.847908,4.6214476,0.0027,-0.01185898,24.2,7.9,15.0
392.0,24.09734,7.877502,13.790134,4.6214476,0.0027,-0.007097038,24.2,7.9,15.0
392.1,24.089233,7.8769584,13.751609,4.6214476,0.0027,-0.007097038,24.2,7.9,15.0
392.20000000000005,24.087275,7.8766756,10.8108,2.0173867,0.0027,-0.0036932328,24.2,7.9,15.0
392.3,24.083973,7.876393,8.406908,2.0173867,0.0027,-0.0036932328,24.2,7.9,15.0
392.40000000000003,24.07289,7.871575,15.361829,5.0,0.0,-0.05,24.2,7.9,15.0
392.5,24.068636,7.8667626,19.580927,5.0,0.0,-0.05,24.2,7.9,15.0
392.6,24.068533,7.87195,22.140272,5.0,0.0,0.05,24.2,7.9,15.0
392.70000000000005,24.07096,7.8771315,23.692396,5.0,0.0,0.05,24.2,7.9,15.0
392.8,24.074923,7.882306,24.63394,5.0,0.0,0.05,24.2,7.9,15.0
392.90000000000003,24.079823,7.8874745,25.205353,5.0,0.0,0.05,24.2,7.9,15.0
393.0,24.085283,7.885349,25.553328,5.0,0.0,-0.022919344,24.2,7.9,15.0
393.1,24.091074,7.883226,25.766638,5.0,0.0,-0.022919344,24.2,7.9,15.0
393.20000000000005,24.097069,7.885518,25.897747,5.0,0.0,0.021234583,24.2,7.9,15.0
393.3,24.103193,7.8878074,25.97855,5.0,0.0,0.021234583,24.2,7.9,15.0
393.40000000000003,24.109222,7.8909845,25.768244,5.0,0.00015583188,0.030143773,24.2,7.9,15.0
393.5,24.115047,7.8941574,25.64163,5.0,0.00015583188,0.030143773,24.2,7.9,15.0
393.6,24.120533,7.8974605,25.244982,5.0,0.00034770666,0.03148628,24.2,7.9,15.0
393.70000000000005,24.125633,7.9007597,25.00508,5.0,0.00034770666,0.03148628,24.2,7.9,15.0
393.8,24.1302,7.9020987,24.418863,4.9998536,0.00061185326,0.011911764,24.2,7.9,15.0
393.90000000000003,24.13419,7.9034357,24.06409,4.9998536,0.00061185326,0.011911764,24.2,7.9,15.0
394.0,24.138525,7.904626,24.87249,5.0,0.0,0.010457451,24.2,7.9,15.0
394.1,24.143654,7.9058146,25.36414,5.0,0.0,0.010457451,24.2,7.9,15.0
394.20000000000005,24.149261,7.905978,25.663904,5.0,0.0,0.00021794552,24.2,7.9,15.0
394.3,24.155159,7.9061418,25.847458,5.0,0.0,0.00021794552,24.2,7.9,15.0
394.40000000000003,24.160643,7.9057584,25.536528,4.0599093,0.00023296711,-0.005033298,24.2,7.9,15.0
394.5,24.165861,7.9053755,25.330734,4.0599093,0.00023296711,-0.005033298,24.2,7.9,15.0
394.6,24.171404,7.9005213,25.65092,5.0,0.0,-0.05,24.2,7.9,15.0
394.70000000000005,24.17724,7.895673,25.848032,5.0,0.0,-0.05,24.2,7.9,15.0
394.8,24.179876,7.9008226,20.974176,5.0,0.0029880528,0.049981616,24.2,7.9,15.0
394.90000000000003,24.177736,7.905966,18.015594,5.0,0.0029880528,0.049981616,24.2,7.9,15.0
395.0,24.172684,7.9047017,16.198914,5.0,0.003,-0.014069276,24.2,7.9,15.0
395.1,24.165848,7.903439,15.095103,5.0,0.003,-0.014069276,24.2,7.9,15.0
395.20000000000005,24.157932,7.9022813,14.423424,5.0,0.003,-0.013037039,24.2,7.9,15.0
395.3,24.14936,7.901125,14.013693,5.0,0.003,-0.013037039,24.2,7.9,15.0
395.40000000000003,24.140392,7.9000263,13.762749,5.0,0.003,-0.012474636,24.2,7.9,15.0
395.5,24.131184,7.8989286,13.608055,5.0,0.003,-0.012474636,24.2,7.9,15.0
395.6,24.1318,7.899093,15.281422,1.4358261,0.0,0.0010392144,24.2,7.9,15.0
395.70000000000005,24.132975,7.8992577,16.731052,1.4358261,0.0,0.0010392144,24.2,7.9,15.0
395.8,24.134632,7.897472,17.98739,1.436299,0.0,-0.01846807,24.2,7.9,15.0
395.90000000000003,24.136707,7.8956866,19.075972,1.436299,0.0,-0.01846807,24.2,7.9,15.0
396.0,24.139145,7.8930473,20.01957,1.4367143,0.0,-0.027015572,24.2,7.9,15.0
396.1,24.141893,7.890409,20.837362,1.4367143,0.0,-0.027015572,24.2,7.9,15.0
396.20000000000005,24.144913,7.8876576,21.546385,1.437079,0.0,-0.028156066,24.2,7.9,15.0
396.3,24.148167,7.8849072,22.161036,1.437079,0.0,-0.028156066,24.2,7.9,15.0
396.40000000000003,24.150906,7.8825183,18.797344,1.4373983,0.0019683,-0.024552267,24.2,7.9,15.0
396.5,24.152515,7.8801303,15.884413,1.4373983,0.0019683,-0.024552267,24.2,7.9,15.0
396.6,24.156479,7.8845267,15.986522,0.1,0.0,0.04368994,24.2,7.9,15.0
396.70000000000005,24.160444,7.8889227,16.087618,0.1,0.0,0.04368994,24.2,7.9,15.0
396.8,24.155405,7.8905153,16.40874,4.51,0.0019461968,0.014437412,24.2,7.9,15.0
396.90000000000003,24.150667,7.892106,16.611666,4.51,0.0019461968,0.014437412,24.2,7.9,15.0
397.0,24.145412,7.8900237,15.579562,4.51,0.0026246198,-0.022295032,24.2,7.9,15.0
397.1,24.139221,7.8879437,14.920848,4.51,0.0026246198,-0.022295032,24.2,7.9,15.0
397.20000000000005,24.132431,7.884712,14.499967,4.51,0.0026246198,-0.033841252,24.2,7.9,15.0
397.3,24.125257,7.881484,14.230603,4.51,0.0026246198,-0.033841252,24.2,7.9,15.0
397.40000000000003,24.12226,7.881791,17.685522,3.4324899,0.0,0.0018101155,24.2,7.9,15.0
397.5,24.12177,7.8820977,20.136383,3.4324899,0.0,0.0018101155,24.2,7.9,15.0
397.6,24.122202,7.887111,22.489475,5.0,0.0,0.048450053,24.2,7.9,15.0
397.70000000000005,24.12496,7.8921185,23.916613,5.0,0.0,0.048450053,24.2,7.9,15.0
397.8,24.128975,7.8947372,22.874275,0.6401832,0.00057262165,0.02577352,24.2,7.9,15.0
397.90000000000003,24.13283,7.8973556,21.89666,0.6401832,0.00057262165,0.02577352,24.2,7.9,15.0
398.0,24.135017,7.897939,23.558094,5.0,0.0,0.004312583,24.2,7.9,15.0
398.1,24.138838,7.898522,24.566996,5.0,0.0,0.004312583,24.2,7.9,15.0
398.20000000000005,24.1416,7.8944864,22.1499,4.947789,0.0018058263,-0.04187801,24.2,7.9,15.0
398.3,24.14199,7.890456,20.676975,4.947789,0.0018058263,-0.04187801,24.2,7.9,15.0
398.40000000000003,24.142952,7.8924623,22.82196,5.0,0.0,0.018461034,24.2,7.9,15.0
398.5,24.146027,7.894466,24.123652,5.0,0.0,0.018461034,24.2,7.9,15.0
398.6,24.149754,7.8927903,18.666243,0.59,0.0027,-0.017157044,24.2,7.9,15.0
398.70000000000005,24.152699,7.8911147,13.521708,0.59,0.0027,-0.017157044,24.2,7.9,15.0
398.8,24.154905,7.8907485,8.672065,0.59,0.0027,-0.0040658587,24.2,7.9,15.0
398.90000000000003,24.156418,7.8903823,4.1003656,0.59,0.0027,-0.0040658587,24.2,7.9,15.0
399.0,24.141068,7.8855467,12.76607,5.0,0.0,-0.05,24.2,7.9,15.0
399.1,24.134233,7.8807173,18.02226,5.0,0.0,-0.05,24.2,7.9,15.0
399.20000000000005,24.13825,7.875745,18.102985,0.1,0.0,-0.05,24.2,7.9,15.0
399.3,24.14227,7.8707724,18.182968,0.1,0.0,-0.05,24.2,7.9,15.0
399.40000000000003,24.14629,7.8658,18.262215,0.1,0.0,-0.05,24.2,7.9,15.0
399.5,24.150312,7.860828,18.340733,0.1,0.0,-0.05,24.2,7.9,15.0
399.6,24.154263,7.8658557,12.612225,0.1,0.002745501,0.05,24.2,7.9,15.0
399.70000000000005,24.158072,7.8708835,6.940716,0.1,0.002745501,0.05,24.2,7.9,15.0
399.8,24.145452,7.866072,14.495072,5.0,0.0,-0.05,24.2,7.9,15.0
399.90000000000003,24.140255,7.861267,19.07754,5.0,0.0,-0.05,24.2,7.9,15.0
400.0,24.14425,7.866295,15.729881,0.101633385,0.0016168836,0.05,24.2,7.9,15.0
400.1,24.148163,7.8713226,12.416074,0.101633385,0.0016168836,0.05,24.2,7.9,15.0
400.20000000000005,24.151964,7.875618,6.54045,0.100162275,0.0028430312,0.042676732,24.2,7.9,15.0
400.3,24.155619,7.879913,0.7233862,0.100162275,0.0028430312,0.042676732,24.2,7.9,15.0
400.40000000000003,24.13692,7.87509,10.718668,5.0,0.0,-0.05,24.2,7.9,15.0
400.5,24.128048,7.8702736,16.780846,5.0,0.0,-0.05,24.2,7.9,15.0
400.6,24.132034,7.8753014,16.873909,0.1,0.0,0.05,24.2,7.9,15.0
400.70000000000005,24.136023,7.8803287,16.966047,0.1,0.0,0.05,24.2,7.9,15.0
400.8,24.136715,7.8853955,12.869699,1.4579234,0.0027,0.05,24.2,7.9,15.0
400.90000000000003,24.136023,7.890461,9.328654,1.4579234,0.0027,0.05,24.2,7.9,15.0
401.0,24.125832,7.8856254,15.933307,5.0,0.0,-0.05,24.2,7.9,15.0
401.1,24.122126,7.8807955,19.940079,5.0,0.0,-0.05,24.2,7.9,15.0
401.20000000000005,24.12218,7.876457,22.128414,5.0,0.00014567551,-0.045144152,24.2,7.9,15.0
401.3,24.124372,7.872124,23.457644,5.0,0.00014567551,-0.045144152,24.2,7.9,15.0
401.40000000000003,24.128035,7.877305,24.507366,4.993724,0.0,0.05,24.2,7.9,15.0
401.5,24.132738,7.882479,25.144745,4.993724,0.0,0.05,24.2,7.9,15.0
401.6,24.136744,7.884746,23.56868,4.9932437,0.0011743,0.020972725,24.2,7.9,15.0
401.70000000000005,24.139204,7.88701,22.612104,4.9932437,0.0011743,0.020972725,24.2,7.9,15.0
401.8,24.139511,7.8894672,20.229109,4.9921594,0.0022517794,0.022932632,24.2,7.9,15.0
401.90000000000003,24.137486,7.8919215,18.781155,4.9921594,0.0022517794,0.022932632,24.2,7.9,15.0
402.0,24.135979,7.8923035,20.767149,4.999393,0.0005398143,0.0022272777,24.2,7.9,15.0
402.1,24.136427,7.892685,21.97207,4.999393,0.0005398143,0.0022272777,24.2,7.9,15.0
402.20000000000005,24.13984,7.8946967,16.526056,0.5899393,0.0027539814,0.019717788,24.2,7.9,15.0
402.3,24.142471,7.896708,11.392091,0.5899393,0.0027539814,0.019717788,24.2,7.9,15.0
402.40000000000003,24.146324,7.891735,11.5387535,0.1,0.0,-0.05,24.2,7.9,15.0
402.5,24.15018,7.886762,11.684015,0.1,0.0,-0.05,24.2,7.9,15.0
402.6,24.15404,7.8887496,11.827869,0.1,0.0,0.01960065,24.2,7.9,15.0
402.70000000000005,24.157902,7.8907366,11.970308,0.1,0.0,0.01960065,24.2,7.9,15.0
402.8,24.161768,7.8924937,12.111348,0.1,0.0,0.017299475,24.2,7.9,15.0
402.90000000000003,24.165638,7.894251,12.251003,0.1,0.0,0.017299475,24.2,7.9,15.0
403.0,24.169512,7.8957586,12.389287,0.1,0.0,0.014805508,24.2,7.9,15.0
403.1,24.17339,7.897266,12.526216,0.1,0.0,0.014805508,24.2,7.9,15.0
403.20000000000005,24.177269,7.898554,12.661802,0.1,0.0,0.012611459,24.2,7.9,15.0
403.3,24.181152,7.899842,12.796061,0.1,0.0,0.012611459,24.2,7.9,15.0
403.40000000000003,24.184858,7.900981,13.012434,0.16326998,0.0,0.011107927,24.2,7.9,15.0
403.5,24.188574,7.90212,13.225337,0.16326998,0.0,0.011107927,24.2,7.9,15.0
403.6,24.192284,7.903113,13.402926,0.16790707,1.7934519e-05,0.009643921,24.2,7.9,15.0
403.70000000000005,24.196001,7.9041057,13.577596,0.16790707,1.7934519e-05,0.009643921,24.2,7.9,15.0
403.8,24.199724,7.9049964,13.717281,0.16790706,3.3170196e-05,0.008625719,24.2,7.9,15.0
403.90000000000003,24.203453,7.905887,13.854679,0.16790706,3.3170196e-05,0.008625719,24.2,7.9,15.0
404.0,24.207188,7.9066777,13.989828,0.16790785,3.3170196e-05,0.007620604,24.2,7.9,15.0
404.1,24.210928,7.907468,14.122766,0.16790785,3.3170196e-05,0.007620604,24.2,7.9,15.0
404.20000000000005,24.214674,7.9081593,14.253524,0.1679036,3.3170196e-05,0.006633827,24.2,7.9,15.0
404.3,24.218426,7.9088507,14.382145,0.1679036,3.3170196e-05,0.006633827,24.2,7.9,15.0
404.40000000000003,24.222183,7.909475,14.508665,0.16790392,3.3170196e-05,0.0059586614,24.2,7.9,15.0
404.5,24.225945,7.910099,14.63312,0.16790392,3.3170196e-05,0.0059586614,24.2,7.9,15.0
404.6,24.229712,7.910656,14.755539,0.16790068,3.3170196e-05,0.005285918,24.2,7.9,15.0
404.70000000000005,24.233484,7.9112124,14.875962,0.16790068,3.3170196e-05,0.005285918,24.2,7.9,15.0
404.8,24.23726,7.91172,14.994422,0.1679004,3.3170196e-05,0.0047950083,24.2,7.9,15.0
404.90000000000003,24.241043,7.912227,15.110951,0.1679004,3.3170196e-05,0.0047950083,24.2,7.9,15.0
405.0,24.24483,7.912678,15.225583,0.16790086,3.3170196e-05,0.0042234836,24.2,7.9,15.0
405.1,24.248621,7.913128,15.338349,0.16790086,3.3170196e-05,0.0042234836,24.2,7.9,15.0
405.20000000000005,24.252417,7.9135346,15.449283,0.1679021,3.3170196e-05,0.0037876577,24.2,7.9,15.0
405.3,24.256216,7.9139414,15.558412,0.1679021,3.3170196e-05,0.0037876577,24.2,7.9,15.0
405.40000000000003,24.260021,7.914311,15.665769,0.16790296,3.3170196e-05,0.0034141066,24.2,7.9,15.0
405.5,24.26383,7.9146805,15.771381,0.16790296,3.3170196e-05,0.0034141066,24.2,7.9,15.0
405.6,24.267643,7.915023,15.875284,0.16790666,3.3170196e-05,0.0031434612,24.2,7.9,15.0
405.70000000000005,24.27146,7.915365,15.977501,0.16790666,3.3170196e-05,0.0031434612,24.2,7.9,15.0
405.8,24.275282,7.9156737,16.078058,0.16790444,3.3170196e-05,0.002808235,24.2,7.9,15.0
405.90000000000003,24.279108,7.9159822,16.176985,0.16790444,3.3170196e-05,0.002808235,24.2,7.9,15.0
406.0,24.282938,7.916262,16.274313,0.16790679,3.3170196e-05,0.0025183149,24.2,7.9,15.0
406.1,24.286772,7.916542,16.370066,0.16790679,3.3170196e-05,0.0025183149,24.2,7.9,15.0
406.20000000000005,24.29061,7.916907,16.464266,0.1679044,3.3170196e-05,0.003368565,24.2,7.9,15.0
406.3,24.29445,7.9172716,16.556942,0.1679044,3.3170196e-05,0.003368565,24.2,7.9,15.0
406.40000000000003,24.298296,7.917235,16.648119,0.16790214,3.3170196e-05,-0.0006453037,24.2,7.9,15.0
406.5,24.302145,7.917198,16.737825,0.16790214,3.3170196e-05,-0.0006453037,24.2,7.9,15.0
406.6,24.305998,7.9171615,16.826088,0.16790374,3.3170196e-05,-0.000646084,24.2,7.9,15.0
406.70000000000005,24.309853,7.9171247,16.91293,0.16790374,3.3170196e-05,-0.000646084,24.2,7.9,15.0
406.8,24.313711,7.917088,16.998375,0.16790374,3.3170196e-05,-0.000646084,24.2,7.9,15.0
406.90000000000003,24.317574,7.9170513,17.082445,0.16790374,3.3170196e-05,-0.000646084,24.2,7.9,15.0
407.0,24.32144,7.9170146,17.165165,0.16790374,3.3170196e-05,-0.000646084,24.2,7.9,15.0
407.1,24.325308,7.916978,17.246555,0.16790374,3.3170196e-05,-0.000646084,24.2,7.9,15.0
407.20000000000005,24.32918,7.916941,17.32664,0.16790374,3.3170196e-05,-0.000646084,24.2,7.9,15.0
407.3,24.333055,7.9169044,17.40544,0.16790374,3.3170196e-05,-0.000646084,24.2,7.9,15.0
407.40000000000003,24.336933,7.9168677,17.482977,0.16790374,3.3170196e-05,-0.000646084,24.2,7.9,15.0
407.5,24.340815,7.916831,17.55927,0.16790374,3.3170196e-05,-0.000646084,24.2,7.9,15.0
407.6,24.3447,7.9167943,17.634344,0.16790374,3.3170196e-05,-0.000646084,24.2,7.9,15.0
407.70000000000005,24.348587,7.9167576,17.708216,0.16790374,3.3170196e-05,-0.000646084,24.2,7.9,15.0
407.8,24.352478,7.916721,17.780907,0.16790374,3.3170196e-05,-0.000646084,24.2,7.9,15.0
407.90000000000003,24.35637,7.916684,17.852436,0.16790374,3.3170196e-05,-0.000646084,24.2,7.9,15.0
408.0,24.360268,7.9166474,17.922823,0.16790374,3.3170196e-05,-0.000646084,24.2,7.9,15.0
408.1,24.364166,7.9166107,17.992088,0.16790374,3.3170196e-05,-0.000646084,24.2,7.9,15.0
408.20000000000005,24.368069,7.916574,18.06025,0.16790374,3.3170196e-05,-0.000646084,24.2,7.9,15.0
408.3,24.371973,7.9165373,18.127323,0.16790374,3.3170196e-05,-0.000646084,24.2,7.9,15.0
408.40000000000003,24.37588,7.9165006,18.19333,0.16790374,3.3170196e-05,-0.000646084,24.2,7.9,15.0
408.5,24.37979,7.916464,18.258287,0.16790374,3.3170196e-05,-0.000646084,24.2,7.9,15.0
408.6,24.383701,7.916427,18.322212,0.16790374,3.3170196e-05,-0.000646084,24.2,7.9,15.0
408.70000000000005,24.387615,7.9163904,18.385122,0.16790374,3.3170196e-05,-0.000646084,24.2,7.9,15.0
408.8,24.391533,7.9163537,18.447033,0.16790374,3.3170196e-05,-0.000646084,24.2,7.9,15.0
408.90000000000003,24.395452,7.916317,18.507963,0.16790374,3.3170196e-05,-0.000646084,24.2,7.9,15.0
409.0,24.399374,7.9162803,18.567928,0.16790374,3.3170196e-05,-0.000646084,24.2,7.9,15.0
409.1,24.403297,7.9162436,18.626944,0.16790374,3.3170196e-05,-0.000646084,24.2,7.9,15.0
409.20000000000005,24.407223,7.916207,18.685026,0.16790374,3.3170196e-05,-0.000646084,24.2,7.9,15.0
409.3,24.411152,7.91617,18.742191,0.16790374,3.3170196e-05,-0.000646084,24.2,7.9,15.0
409.40000000000003,24.415083,7.9161334,18.798454,0.16790374,3.3170196e-05,-0.000646084,24.2,7.9,15.0
409.5,24.419016,7.9160967,18.853828,0.16790374,3.3170196e-05,-0.000646084,24.2,7.9,15.0
409.6,24.42295,7.91606,18.90833,0.16790374,3.3170196e-05,-0.000646084,24.2,7.9,15.0
409.70000000000005,24.426888,7.9160233,18.961975,0.16790374,3.3170196e-05,-0.000646084,24.2,7.9,15.0
409.8,24.430826,7.9159865,19.014776,0.16790374,3.3170196e-05,-0.000646084,24.2,7.9,15.0
409.90000000000003,24.434767,7.91595,19.066748,0.16790374,3.3170196e-05,-0.000646084,24.2,7.9,15.0
410.0,24.43871,7.915913,19.117903,0.16790374,3.3170196e-05,-0.000646084,24.2,7.9,15.0
410.1,24.442654,7.9158764,19.168257,0.16790374,3.3170196e-05,-0.000646084,24.2,7.9,15.0
410.20000000000005,24.4466,7.9158397,19.217821,0.16790374,3.3170196e-05,-0.000646084,24.2,7.9,15.0
410.3,24.450548,7.915803,19.266611,0.16790374,3.3170196e-05,-0.000646084,24.2,7.9,15.0
410.40000000000003,24.454498,7.9157662,19.314638,0.16790374,3.3170196e-05,-0.000646084,24.2,7.9,15.0
410.5,24.45845,7.9157295,19.361916,0.16790374,3.3170196e-05,-0.000646084,24.2,7.9,15.0
410.6,24.462404,7.915693,19.408455,0.16790374,3.3170196e-05,-0.000646084,24.2,7.9,15.0
410.70000000000005,24.46636,7.915656,19.45427,0.16790374,3.3170196e-05,-0.000646084,24.2,7.9,15.0
410.8,24.470318,7.9156194,19.49937,0.16790374,3.3170196e-05,-0.000646084,24.2,7.9,15.0
410.90000000000003,24.474277,7.9155827,19.54377,0.16790374,3.3170196e-05,-0.000646084,24.2,7.9,15.0
411.0,24.47824,7.915546,19.58748,0.16790374,3.3170196e-05,-0.000646084,24.2,7.9,15.0
411.1,24.482203,7.915509,19.630512,0.16790374,3.3170196e-05,-0.000646084,24.2,7.9,15.0
411.20000000000005,24.486168,7.9154725,19.672878,0.16790374,3.3170196e-05,-0.000646084,24.2,7.9,15.0
411.3,24.490133,7.915436,19.714588,0.16790374,3.3170196e-05,-0.000646084,24.2,7.9,15.0
411.40000000000003,24.4941,7.915399,19.755653,0.16790374,3.3170196e-05,-0.000646084,24.2,7.9,15.0
411.5,24.49807,7.9153624,19.796085,0.16790374,3.3170196e-05,-0.000646084,24.2,7.9,15.0
411.6,24.50204,7.9153256,19.835894,0.16790374,3.3170196e-05,-0.000646084,24.2,7.9,15.0
411.70000000000005,24.506014,7.915289,19.87509,0.16790374,3.3170196e-05,-0.000646084,24.2,7.9,15.0
411.8,24.509987,7.915252,19.913683,0.16790374,3.3170196e-05,-0.000646084,24.2,7.9,15.0
411.90000000000003,24.513962,7.9152155,19.951683,0.16790374,3.3170196e-05,-0.000646084,24.2,7.9,15.0
412.0,24.517939,7.915179,19.989101,0.16790374,3.3170196e-05,-0.000646084,24.2,7.9,15.0
412.1,24.521917,7.915142,20.025946,0.16790374,3.3170196e-05,-0.000646084,24.2,7.9,15.0
412.20000000000005,24.525896,7.9151053,20.062227,0.16790374,3.3170196e-05,-0.000646084,24.2,7.9,15.0
412.3,24.529877,7.9150686,20.097954,0.16790374,3.3170196e-05,-0.000646084,24.2,7.9,15.0
412.40000000000003,24.53386,7.915032,20.133137,0.16790374,3.3170196e-05,-0.000646084,24.2,7.9,15.0
412.5,24.537842,7.914995,20.167784,0.16790374,3.3170196e-05,-0.000646084,24.2,7.9,15.0
412.6,24.541826,7.9149585,20.201904,0.16790374,3.3170196e-05,-0.000646084,24.2,7.9,15.0
412.70000000000005,24.545813,7.9149218,20.235506,0.16790374,3.3170196e-05,-0.000646084,24.2,7.9,15.0
412.8,24.549799,7.914885,20.268599,0.16790374,3.3170196e-05,-0.000646084,24.2,7.9,15.0
412.90000000000003,24.553787,7.9148483,20.301191,0.16790374,3.3170196e-05,-0.000646084,24.2,7.9,15.0
413.0,24.557777,7.9148116,20.33329,0.16790374,3.3170196e-05,-0.000646084,24.2,7.9,15.0
413.1,24.561768,7.914775,20.364904,0.16790374,3.3170196e-05,-0.000646084,24.2,7.9,15.0
413.20000000000005,24.56576,7.914738,20.396044,0.16790374,3.3170196e-05,-0.000646084,24.2,7.9,15.0
413.3,24.569752,7.9147015,20.426714,0.16790374,3.3170196e-05,-0.000646084,24.2,7.9,15.0
413.40000000000003,24.573746,7.9146647,20.456924,0.16790374,3.3170196e-05,-0.000646084,24.2,7.9,15.0
413.5,24.577742,7.914628,20.486683,0.16790374,3.3170196e-05,-0.000646084,24.2,7.9,15.0
413.6,24.581738,7.9145913,20.515995,0.16790374,3.3170196e-05,-0.000646084,24.2,7.9,15.0
413.70000000000005,24.585735,7.9145546,20.54487,0.16790374,3.3170196e-05,-0.000646084,24.2,7.9,15.0
413.8,24.589733,7.914518,20.573315,0.16790374,3.3170196e-05,-0.000646084,24.2,7.9,15.0
413.90000000000003,24.593733,7.914481,20.601336,0.16790374,3.3170196e-05,-0.000646084,24.2,7.9,15.0
414.0,24.597733,7.9144444,20.62894,0.16790374,3.3170196e-05,-0.000646084,24.2,7.9,15.0
414.1,24.601734,7.9144077,20.656136,0.16790374,3.3170196e-05,-0.000646084,24.2,7.9,15.0
414.20000000000005,24.605736,7.914371,20.682928,0.16790374,3.3170196e-05,-0.000646084,24.2,7.9,15.0
414.3,24.60974,7.9143343,20.709326,0.16790374,3.3170196e-05,-0.000646084,24.2,7.9,15.0
414.40000000000003,24.613743,7.9142976,20.735334,0.16790374,3.3170196e-05,-0.000646084,24.2,7.9,15.0
414.5,24.617748,7.914261,20.76096,0.16790374,3.3170196e-05,-0.000646084,24.2,7.9,15.0
414.6,24.621754,7.914224,20.78621,0.16790374,3.3170196e-05,-0.000646084,24.2,7.9,15.0
414.70000000000005,24.625761,7.9141874,20.811089,0.16790374,3.3170196e-05,-0.000646084,24.2,7.9,15.0
414.8,24.629768,7.9141507,20.835604,0.16790374,3.3170196e-05,-0.000646084,24.2,7.9,15.0
414.90000000000003,24.633778,7.914114,20.85976,0.16790374,3.3170196e-05,-0.000646084,24.2,7.9,15.0
415.0,24.637787,7.9140773,20.883566,0.16790374,3.3170196e-05,-0.000646084,24.2,7.9,15.0
415.1,24.641796,7.9140406,20.907026,0.16790374,3.3170196e-05,-0.000646084,24.2,7.9,15.0
415.20000000000005,24.645807,7.914004,20.930145,0.16790374,3.3170196e-05,-0.000646084,24.2,7.9,15.0
415.3,24.649818,7.913967,20.95293,0.16790374,3.3170196e-05,-0.000646084,24.2,7.9,15.0
415.40000000000003,24.653831,7.9139304,20.975386,0.16790374,3.3170196e-05,-0.000646084,24.2,7.9,15.0
415.5,24.657845,7.9138937,20.997519,0.16790374,3.3170196e-05,-0.000646084,24.2,7.9,15.0
415.6,24.66186,7.913857,21.019333,0.16790374,3.3170196e-05,-0.000646084,24.2,7.9,15.0
415.70000000000005,24.665874,7.9138203,21.040834,0.16790374,3.3170196e-05,-0.000646084,24.2,7.9,15.0
415.8,24.66989,7.9137836,21.062029,0.16790374,3.3170196e-05,-0.000646084,24.2,7.9,15.0
415.90000000000003,24.673906,7.913747,21.08292,0.16790374,3.3170196e-05,-0.000646084,24.2,7.9,15.0
416.0,24.677923,7.91371,21.103516,0.16790374,3.3170196e-05,-0.000646084,24.2,7.9,15.0
416.1,24.68194,7.9136734,21.123817,0.16790374,3.3170196e-05,-0.000646084,24.2,7.9,15.0
416.20000000000005,24.685959,7.9136367,21.143833,0.16790374,3.3170196e-05,-0.000646084,24.2,7.9,15.0
416.3,24.689978,7.9136,21.163565,0.16790374,3.3170196e-05,-0.000646084,24.2,7.9,15.0
416.40000000000003,24.693996,7.9135633,21.18302,0.16790374,3.3170196e-05,-0.000646084,24.2,7.9,15.0
416.5,24.698017,7.9135265,21.2022,0.16790374,3.3170196e-05,-0.000646084,24.2,7.9,15.0
416.6,24.702038,7.91349,21.221111,0.16790374,3.3170196e-05,-0.000646084,24.2,7.9,15.0
416.70000000000005,24.706059,7.913453,21.23976,0.16790374,3.3170196e-05,-0.000646084,24.2,7.9,15.0
416.8,24.710081,7.9134164,21.258146,0.16790374,3.3170196e-05,-0.000646084,24.2,7.9,15.0
416.90000000000003,24.714104,7.9133797,21.27628,0.16790374,3.3170196e-05,-0.000646084,24.2,7.9,15.0
417.0,24.718126,7.913343,21.29416,0.16790374,3.3170196e-05,-0.000646084,24.2,7.9,15.0
417.1,24.72215,7.913306,21.311794,0.16790374,3.3170196e-05,-0.000646084,24.2,7.9,15.0
417.20000000000005,24.726175,7.9132695,21.329185,0.16790374,3.3170196e-05,-0.000646084,24.2,7.9,15.0
417.3,24.7302,7.913233,21.346338,0.16790374,3.3170196e-05,-0.000646084,24.2,7.9,15.0
417.40000000000003,24.734226,7.913196,21.363255,0.16790374,3.3170196e-05,-0.000646084,24.2,7.9,15.0
417.5,24.738253,7.9131594,21.37994,0.16790374,3.3170196e-05,-0.000646084,24.2,7.9,15.0
417.6,24.74228,7.9131227,21.396399,0.16790374,3.3170196e-05,-0.000646084,24.2,7.9,15.0
417.70000000000005,24.746305,7.913086,21.412634,0.16790374,3.3170196e-05,-0.000646084,24.2,7.9,15.0
417.8,24.750334,7.913049,21.42865,0.16790374,3.3170196e-05,-0.000646084,24.2,7.9,15.0
417.90000000000003,24.754362,7.9130125,21.44445,0.16790374,3.3170196e-05,-0.000646084,24.2,7.9,15.0
418.0,24.75839,7.912976,21.460037,0.16790374,3.3170196e-05,-0.000646084,24.2,7.9,15.0
418.1,24.762419,7.912939,21.475416,0.16790374,3.3170196e-05,-0.000646084,24.2,7.9,15.0
418.20000000000005,24.766449,7.9129024,21.49059,0.16790374,3.3170196e-05,-0.000646084,24.2,7.9,15.0
418.3,24.77048,7.9128656,21.50556,0.16790374,3.3170196e-05,-0.000646084,24.2,7.9,15.0
418.40000000000003,24.77451,7.912829,21.520332,0.16790374,3.3170196e-05,-0.000646084,24.2,7.9,15.0
418.5,24.77854,7.912792,21.53491,0.16790374,3.3170196e-05,-0.000646084,24.2,7.9,15.0
418.6,24.782572,7.9127555,21.549295,0.16790374,3.3170196e-05,-0.000646084,24.2,7.9,15.0
418.70000000000005,24.786604,7.912719,21.563492,0.16790374,3.3170196e-05,-0.000646084,24.2,7.9,15.0
418.8,24.790636,7.912682,21.577503,0.16790374,3.3170196e-05,-0.000646084,24.2,7.9,15.0
418.90000000000003,24.794668,7.9126453,21.591331,0.16790374,3.3170196e-05,-0.000646084,24.2,7.9,15.0
419.0,24.7987,7.9126086,21.60498,0.16790374,3.3170196e-05,-0.000646084,24.2,7.9,15.0
419.1,24.802734,7.912572,21.618452,0.16790374,3.3170196e-05,-0.000646084,24.2,7.9,15.0
419.20000000000005,24.806768,7.912535,21.63175,0.16790374,3.3170196e-05,-0.000646084,24.2,7.9,15.0
419.3,24.810802,7.9124985,21.644878,0.16790374,3.3170196e-05,-0.000646084,24.2,7.9,15.0
419.40000000000003,24.814837,7.9124618,21.657839,0.16790374,3.3170196e-05,-0.000646084,24.2,7.9,15.0
419.5,24.81887,7.912425,21.670633,0.16790374,3.3170196e-05,-0.000646084,24.2,7.9,15.0
419.6,24.822906,7.9123883,21.683266,0.16790374,3.3170196e-05,-0.000646084,24.2,7.9,15.0
419.70000000000005,24.826942,7.9123516,21.69574,0.16790374,3.3170196e-05,-0.000646084,24.2,7.9,15.0
419.8,24.830978,7.912315,21.708055,0.16790374,3.3170196e-05,-0.000646084,24.2,7.9,15.0
419.90000000000003,24.835014,7.912278,21.720217,0.16790374,3.3170196e-05,-0.000646084,24.2,7.9,15.0
420.0,24.83905,7.9122415,21.732227,0.16790374,3.3170196e-05,-0.000646084,24.2,7.9,15.0
420.1,24.843088,7.9122047,21.74409,0.16790374,3.3170196e-05,-0.000646084,24.2,7.9,15.0
420.20000000000005,24.847126,7.912168,21.755804,0.16790374,3.3170196e-05,-0.000646084,24.2,7.9,15.0
420.3,24.851164,7.9121313,21.767374,0.16790374,3.3170196e-05,-0.000646084,24.2,7.9,15.0
420.40000000000003,24.855202,7.9120946,21.778803,0.16790374,3.3170196e-05,-0.000646084,24.2,7.9,15.0
420.5,24.85924,7.912058,21.790092,0.16790374,3.3170196e-05,-0.000646084,24.2,7.9,15.0
420.6,24.863277,7.912021,21.801245,0.16790374,3.3170196e-05,-0.000646084,24.2,7.9,15.0
420.70000000000005,24.867315,7.9119844,21.812262,0.16790374,3.3170196e-05,-0.000646084,24.2,7.9,15.0
420.8,24.871355,7.9119477,21.823145,0.16790374,3.3170196e-05,-0.000646084,24.2,7.9,15.0
420.90000000000003,24.875395,7.911911,21.833899,0.16790374,3.3170196e-05,-0.000646084,24.2,7.9,15.0
421.0,24.879435,7.9118743,21.844524,0.16790374,3.3170196e-05,-0.000646084,24.2,7.9,15.0
421.1,24.883474,7.9118376,21.855024,0.16790374,3.3170196e-05,-0.000646084,24.2,7.9,15.0
421.20000000000005,24.887514,7.911801,21.8654,0.16790374,3.3170196e-05,-0.000646084,24.2,7.9,15.0
421.3,24.891554,7.911764,21.875654,0.16790374,3.3170196e-05,-0.000646084,24.2,7.9,15.0
421.40000000000003,24.895594,7.9117274,21.885788,0.16790374,3.3170196e-05,-0.000646084,24.2,7.9,15.0
421.5,24.899635,7.9116907,21.895803,0.16790374,3.3170196e-05,-0.000646084,24.2,7.9,15.0
421.6,24.903677,7.911654,21.905703,0.16790374,3.3170196e-05,-0.000646084,24.2,7.9,15.0
421.70000000000005,24.907719,7.9116173,21.915487,0.16790374,3.3170196e-05,-0.000646084,24.2,7.9,15.0
421.8,24.91176,7.9115806,21.925161,0.16790374,3.3170196e-05,-0.000646084,24.2,7.9,15.0
421.90000000000003,24.915802,7.911544,21.934725,0.16790374,3.3170196e-05,-0.000646084,24.2,7.9,15.0
422.0,24.919844,7.911507,21.94418,0.16790374,3.3170196e-05,-0.000646084,24.2,7.9,15.0
422.1,24.923885,7.9114704,21.953527,0.16790374,3.3170196e-05,-0.000646084,24.2,7.9,15.0
422.20000000000005,24.927927,7.9114337,21.96277,0.16790374,3.3170196e-05,-0.000646084,24.2,7.9,15.0
422.3,24.93197,7.911397,21.97191,0.16790374,3.3170196e-05,-0.000646084,24.2,7.9,15.0
422.40000000000003,24.936014,7.9113603,21.98095,0.16790374,3.3170196e-05,-0.000646084,24.2,7.9,15.0
422.5,24.940058,7.9113235,21.98989,0.16790374,3.3170196e-05,-0.000646084,24.2,7.9,15.0
422.6,24.944101,7.911287,21.99873,0.16790374,3.3170196e-05,-0.000646084,24.2,7.9,15.0
422.70000000000005,24.948145,7.91125,22.007475,0.16790374,3.3170196e-05,-0.000646084,24.2,7.9,15.0
422.8,24.952188,7.9112134,22.016125,0.16790374,3.3170196e-05,-0.000646084,24.2,7.9,15.0
422.90000000000003,24.956232,7.9111767,22.024681,0.16790374,3.3170196e-05,-0.000646084,24.2,7.9,15.0
423.0,24.960276,7.91114,22.033146,0.16790374,3.3170196e-05,-0.000646084,24.2,7.9,15.0
423.1,24.96432,7.9111032,22.041521,0.16790374,3.3170196e-05,-0.000646084,24.2,7.9,15.0
423.20000000000005,24.968363,7.9110665,22.049809,0.16790374,3.3170196e-05,-0.000646084,24.2,7.9,15.0
423.3,24.972408,7.91103,22.058008,0.16790374,3.3170196e-05,-0.000646084,24.2,7.9,15.0
423.40000000000003,24.976454,7.910993,22.066122,0.16790374,3.3170196e-05,-0.000646084,24.2,7.9,15.0
423.5,24.9805,7.9109564,22.074152,0.16790374,3.3170196e-05,-0.000646084,24.2,7.9,15.0
423.6,24.984545,7.9109197,22.0821,0.16790374,3.3170196e-05,-0.000646084,24.2,7.9,15.0
423.70000000000005,24.98859,7.910883,22.089966,0.16790374,3.3170196e-05,-0.000646084,24.2,7.9,15.0
423.8,24.992636,7.910846,22.097752,0.16790374,3.3170196e-05,-0.000646084,24.2,7.9,15.0
423.90000000000003,24.996681,7.9108095,22.10546,0.16790374,3.3170196e-05,-0.000646084,24.2,7.9,15.0
424.0,25.000727,7.910773,22.113089,0.16790374,3.3170196e-05,-0.000646084,24.2,7.9,15.0
424.1,25.004772,7.910736,22.120642,0.16790374,3.3170196e-05,-0.000646084,24.2,7.9,15.0
424.20000000000005,25.008818,7.9106994,22.12812,0.16790374,3.3170196e-05,-0.000646084,24.2,7.9,15.0
424.3,25.012863,7.9106627,22.135525,0.16790374,3.3170196e-05,-0.000646084,24.2,7.9,15.0
424.40000000000003,25.016909,7.910626,22.142857,0.16790374,3.3170196e-05,-0.000646084,24.2,7.9,15.0
424.5,25.020954,7.910589,22.150118,0.16790374,3.3170196e-05,-0.000646084,24.2,7.9,15.0
424.6,25.025002,7.9105525,22.157309,0.16790374,3.3170196e-05,-0.000646084,24.2,7.9,15.0
424.70000000000005,25.029049,7.910516,22.16443,0.16790374,3.3170196e-05,-0.000646084,24.2,7.9,15.0
424.8,25.033096,7.910479,22.171486,0.16790374,3.3170196e-05,-0.000646084,24.2,7.9,15.0
424.90000000000003,25.037144,7.9104424,22.178474,0.16790374,3.3170196e-05,-0.000646084,24.2,7.9,15.0
425.0,25.041191,7.9104056,22.185396,0.16790374,3.3170196e-05,-0.000646084,24.2,7.9,15.0
425.1,25.045238,7.910369,22.192255,0.16790374,3.3170196e-05,-0.000646084,24.2,7.9,15.0
425.20000000000005,25.049286,7.910332,22.19905,0.16790374,3.3170196e-05,-0.000646084,24.2,7.9,15.0
425.3,25.053333,7.9102955,22.205784,0.16790374,3.3170196e-05,-0.000646084,24.2,7.9,15.0
425.40000000000003,25.05738,7.9102592,22.212456,0.16790374,3.3170196e-05,-0.000646084,24.2,7.9,15.0
425.5,25.061428,7.910223,22.219067,0.16790374,3.3170196e-05,-0.000646084,24.2,7.9,15.0
425.6,25.065475,7.910187,22.225618,0.16790374,3.3170196e-05,-0.000646084,24.2,7.9,15.0
425.70000000000005,25.069523,7.9101505,22.232113,0.16790374,3.3170196e-05,-0.000646084,24.2,7.9,15.0
425.8,25.07357,7.9101143,22.23855,0.16790374,3.3170196e-05,-0.000646084,24.2,7.9,15.0
425.90000000000003,25.077618,7.910078,22.24493,0.16790374,3.3170196e-05,-0.000646084,24.2,7.9,15.0
426.0,25.081665,7.910042,22.251255,0.16790374,3.3170196e-05,-0.000646084,24.2,7.9,15.0
426.1,25.085712,7.9100056,22.257526,0.16790374,3.3170196e-05,-0.000646084,24.2,7.9,15.0
426.20000000000005,25.08976,7.9099693,22.263744,0.16790374,3.3170196e-05,-0.000646084,24.2,7.9,15.0
426.3,25.093807,7.909933,22.269909,0.16790374,3.3170196e-05,-0.000646084,24.2,7.9,15.0
426.40000000000003,25.097857,7.909897,22.276022,0.16790374,3.3170196e-05,-0.000646084,24.2,7.9,15.0
426.5,25.101906,7.9098606,22.282084,0.16790374,3.3170196e-05,-0.000646084,24.2,7.9,15.0
426.6,25.105955,7.9098244,22.288095,0.16790374,3.3170196e-05,-0.000646084,24.2,7.9,15.0
426.70000000000005,25.110004,7.909788,22.294058,0.16790374,3.3170196e-05,-0.000646084,24.2,7.9,15.0
426.8,25.114054,7.909752,22.299973,0.16790374,3.3170196e-05,-0.000646084,24.2,7.9,15.0
426.90000000000003,25.118103,7.9097157,22.30584,0.16790374,3.3170196e-05,-0.000646084,24.2,7.9,15.0
427.0,25.122152,7.9096794,22.31166,0.16790374,3.3170196e-05,-0.000646084,24.2,7.9,15.0
427.1,25.126202,7.909643,22.317434,0.16790374,3.3170196e-05,-0.000646084,24.2,7.9,15.0
427.20000000000005,25.13025,7.909607,22.323164,0.16790374,3.3170196e-05,-0.000646084,24.2,7.9,15.0
427.3,25.1343,7.9095707,22.328848,0.16790374,3.3170196e-05,-0.000646084,24.2,7.9,15.0
427.40000000000003,25.13835,7.9095345,22.334488,0.16790374,3.3170196e-05,-0.000646084,24.2,7.9,15.0
427.5,25.142399,7.909498,22.340086,0.16790374,3.3170196e-05,-0.000646084,24.2,7.9,15.0
427.6,25.146448,7.909462,22.345642,0.16790374,3.3170196e-05,-0.000646084,24.2,7.9,15.0
427.70000000000005,25.150497,7.9094257,22.351156,0.16790374,3.3170196e-05,-0.000646084,24.2,7.9,15.0
427.8,25.154547,7.9093895,22.35663,0.16790374,3.3170196e-05,-0.000646084,24.2,7.9,15.0
427.90000000000003,25.158596,7.9093533,22.362062,0.16790374,3.3170196e-05,-0.000646084,24.2,7.9,15.0
428.0,25.162645,7.909317,22.367456,0.16790374,3.3170196e-05,-0.000646084,24.2,7.9,15.0
428.1,25.166695,7.909281,22.37281,0.16790374,3.3170196e-05,-0.000646084,24.2,7.9,15.0
428.20000000000005,25.170744,7.9092445,22.378126,0.16790374,3.3170196e-05,-0.000646084,24.2,7.9,15.0
428.3,25.174793,7.9092083,22.383406,0.16790374,3.3170196e-05,-0.000646084,24.2,7.9,15.0
428.40000000000003,25.178843,7.909172,22.388647,0.16790374,3.3170196e-05,-0.000646084,24.2,7.9,15.0
428.5,25.182892,7.909136,22.393852,0.16790374,3.3170196e-05,-0.000646084,24.2,7.9,15.0
428.6,25.186941,7.9090996,22.399021,0.16790374,3.3170196e-05,-0.000646084,24.2,7.9,15.0
428.70000000000005,25.19099,7.9090633,22.404156,0.16790374,3.3170196e-05,-0.000646084,24.2,7.9,15.0
428.8,25.19504,7.909027,22.409256,0.16790374,3.3170196e-05,-0.000646084,24.2,7.9,15.0
428.90000000000003,25.19909,7.908991,22.414322,0.16790374,3.3170196e-05,-0.000646084,24.2,7.9,15.0
429.0,25.203138,7.9089546,22.419355,0.16790374,3.3170196e-05,-0.000646084,24.2,7.9,15.0
429.1,25.207188,7.9089184,22.424355,0.16790374,3.3170196e-05,-0.000646084,24.2,7.9,15.0
429.20000000000005,25.211237,7.908882,22.429321,0.16790374,3.3170196e-05,-0.000646084,24.2,7.9,15.0
429.3,25.215286,7.908846,22.434258,0.16790374,3.3170196e-05,-0.000646084,24.2,7.9,15.0
429.40000000000003,25.219336,7.9088097,22.439161,0.16790374,3.3170196e-05,-0.000646084,24.2,7.9,15.0
429.5,25.223385,7.9087734,22.444035,0.16790374,3.3170196e-05,-0.000646084,24.2,7.9,15.0
429.6,25.227434,7.908737,22.448877,0.16790374,3.3170196e-05,-0.000646084,24.2,7.9,15.0
429.70000000000005,25.231483,7.908701,22.453691,0.16790374,3.3170196e-05,-0.000646084,24.2,7.9,15.0
429.8,25.235533,7.9086647,22.458475,0.16790374,3.3170196e-05,-0.000646084,24.2,7.9,15.0
429.90000000000003,25.239582,7.9086285,22.46323,0.16790374,3.3170196e-05,-0.000646084,24.2,7.9,15.0
430.0,25.243633,7.908592,22.467958,0.16790374,3.3170196e-05,-0.000646084,24.2,7.9,15.0
430.1,25.247684,7.908556,22.472658,0.16790374,3.3170196e-05,-0.000646084,24.2,7.9,15.0
430.20000000000005,25.251736,7.9085197,22.477331,0.16790374,3.3170196e-05,-0.000646084,24.2,7.9,15.0
430.3,25.255787,7.9084835,22.481977,0.16790374,3.3170196e-05,-0.000646084,24.2,7.9,15.0
430.40000000000003,25.259838,7.9084473,22.486597,0.16790374,3.3170196e-05,-0.000646084,24.2,7.9,15.0
430.5,25.26389,7.908411,22.49119,0.16790374,3.3170196e-05,-0.000646084,24.2,7.9,15.0
430.6,25.26794,7.908375,22.495758,0.16790374,3.3170196e-05,-0.000646084,24.2,7.9,15.0
430.70000000000005,25.271992,7.9083385,22.500301,0.16790374,3.3170196e-05,-0.000646084,24.2,7.9,15.0
430.8,25.276043,7.9083023,22.50482,0.16790374,3.3170196e-05,-0.000646084,24.2,7.9,15.0
430.90000000000003,25.280094,7.908266,22.509314,0.16790374,3.3170196e-05,-0.000646084,24.2,7.9,15.0
431.0,25.284145,7.90823,22.513783,0.16790374,3.3170196e-05,-0.000646084,24.2,7.9,15.0
431.1,25.288197,7.9081936,22.518229,0.16790374,3.3170196e-05,-0.000646084,24.2,7.9,15.0
431.20000000000005,25.292248,7.9081573,22.522652,0.16790374,3.3170196e-05,-0.000646084,24.2,7.9,15.0
431.3,25.296299,7.908121,22.527052,0.16790374,3.3170196e-05,-0.000646084,24.2,7.9,15.0
431.40000000000003,25.30035,7.908085,22.53143,0.16790374,3.3170196e-05,-0.000646084,24.2,7.9,15.0
431.5,25.304401,7.9080486,22.535786,0.16790374,3.3170196e-05,-0.000646084,24.2,7.9,15.0
431.6,25.308453,7.9080124,22.540121,0.16790374,3.3170196e-05,-0.000646084,24.2,7.9,15.0
431.70000000000005,25.312504,7.907976,22.544436,0.16790374,3.3170196e-05,-0.000646084,24.2,7.9,15.0
431.8,25.316555,7.90794,22.548729,0.16790374,3.3170196e-05,-0.000646084,24.2,7.9,15.0
431.90000000000003,25.320606,7.9079037,22.553001,0.16790374,3.3170196e-05,-0.000646084,24.2,7.9,15.0
432.0,25.324657,7.9078674,22.557253,0.16790374,3.3170196e-05,-0.000646084,24.2,7.9,15.0
432.1,25.328709,7.907831,22.561485,0.16790374,3.3170196e-05,-0.000646084,24.2,7.9,15.0
432.20000000000005,25.33276,7.907795,22.565699,0.16790374,3.3170196e-05,-0.000646084,24.2,7.9,15.0
432.3,25.336811,7.9077587,22.569893,0.16790374,3.3170196e-05,-0.000646084,24.2,7.9,15.0
432.40000000000003,25.340862,7.9077225,22.574068,0.16790374,3.3170196e-05,-0.000646084,24.2,7.9,15.0
432.5,25.344913,7.907686,22.578224,0.16790374,3.3170196e-05,-0.000646084,24.2,7.9,15.0
432.6,25.348965,7.90765,22.582361,0.16790374,3.3170196e-05,-0.000646084,24.2,7.9,15.0
432.70000000000005,25.353016,7.9076138,22.586481,0.16790374,3.3170196e-05,-0.000646084,24.2,7.9,15.0
432.8,25.357067,7.9075775,22.590584,0.16790374,3.3170196e-05,-0.000646084,24.2,7.9,15.0
432.90000000000003,25.361118,7.9075413,22.59467,0.16790374,3.3170196e-05,-0.000646084,24.2,7.9,15.0
433.0,25.36517,7.907505,22.598738,0.16790374,3.3170196e-05,-0.000646084,24.2,7.9,15.0
433.1,25.36922,7.907469,22.602789,0.16790374,3.3170196e-05,-0.000646084,24.2,7.9,15.0
433.20000000000005,25.373272,7.9074326,22.606823,0.16790374,3.3170196e-05,-0.000646084,24.2,7.9,15.0
433.3,25.377323,7.9073963,22.610842,0.16790374,3.3170196e-05,-0.000646084,24.2,7.9,15.0
433.40000000000003,25.381374,7.90736,22.614843,0.16790374,3.3170196e-05,-0.000646084,24.2,7.9,15.0
433.5,25.385426,7.907324,22.61883,0.16790374,3.3170196e-05,-0.000646084,24.2,7.9,15.0
433.6,25.389477,7.9072876,22.6228,0.16790374,3.3170196e-05,-0.000646084,24.2,7.9,15.0
433.70000000000005,25.393528,7.9072514,22.626757,0.16790374,3.3170196e-05,-0.000646084,24.2,7.9,15.0
433.8,25.39758,7.907215,22.630697,0.16790374,3.3170196e-05,-0.000646084,24.2,7.9,15.0
433.90000000000003,25.40163,7.907179,22.634624,0.16790374,3.3170196e-05,-0.000646084,24.2,7.9,15.0
434.0,25.405682,7.9071426,22.638536,0.16790374,3.3170196e-05,-0.000646084,24.2,7.9,15.0
434.1,25.409733,7.9071064,22.642435,0.16790374,3.3170196e-05,-0.000646084,24.2,7.9,15.0
434.20000000000005,25.413784,7.90707,22.646318,0.16790374,3.3170196e-05,-0.000646084,24.2,7.9,15.0
434.3,25.417835,7.907034,22.650188,0.16790374,3.3170196e-05,-0.000646084,24.2,7.9,15.0
434.40000000000003,25.421886,7.9069977,22.654045,0.16790374,3.3170196e-05,-0.000646084,24.2,7.9,15.0
434.5,25.425938,7.9069614,22.657888,0.16790374,3.3170196e-05,-0.000646084,24.2,7.9,15.0
434.6,25.429989,7.906925,22.661718,0.16790374,3.3170196e-05,-0.000646084,24.2,7.9,15.0
434.70000000000005,25.43404,7.906889,22.665535,0.16790374,3.3170196e-05,-0.000646084,24.2,7.9,15.0
434.8,25.438091,7.9068527,22.66934,0.16790374,3.3170196e-05,-0.000646084,24.2,7.9,15.0
434.90000000000003,25.442142,7.9068165,22.673132,0.16790374,3.3170196e-05,-0.000646084,24.2,7.9,15.0
435.0,25.446194,7.9067802,22.676912,0.16790374,3.3170196e-05,-0.000646084,24.2,7.9,15.0
435.1,25.450245,7.906744,22.680681,0.16790374,3.3170196e-05,-0.000646084,24.2,7.9,15.0
435.20000000000005,25.454296,7.906708,22.684437,0.16790374,3.3170196e-05,-0.000646084,24.2,7.9,15.0
435.3,25.458347,7.9066715,22.68818,0.16790374,3.3170196e-05,-0.000646084,24.2,7.9,15.0
435.40000000000003,25.462399,7.9066353,22.691914,0.16790374,3.3170196e-05,-0.000646084,24.2,7.9,15.0
435.5,25.46645,7.906599,22.695637,0.16790374,3.3170196e-05,-0.000646084,24.2,7.9,15.0
435.6,25.4705,7.906563,22.699348,0.16790374,3.3170196e-05,-0.000646084,24.2,7.9,15.0
435.70000000000005,25.47455,7.9065266,22.703049,0.16790374,3.3170196e-05,-0.000646084,24.2,7.9,15.0
435.8,25.4786,7.9064903,22.706738,0.16790374,3.3170196e-05,-0.000646084,24.2,7.9,15.0
435.90000000000003,25.482649,7.906454,22.710417,0.16790374,3.3170196e-05,-0.000646084,24.2,7.9,15.0
436.0,25.486698,7.906418,22.714087,0.16790374,3.3170196e-05,-0.000646084,24.2,7.9,15.0
436.1,25.490747,7.9063816,22.717745,0.16790374,3.3170196e-05,-0.000646084,24.2,7.9,15.0
436.20000000000005,25.494797,7.9063454,22.721394,0.16790374,3.3170196e-05,-0.000646084,24.2,7.9,15.0
436.3,25.498846,7.906309,22.725033,0.16790374,3.3170196e-05,-0.000646084,24.2,7.9,15.0
436.40000000000003,25.502895,7.906273,22.728662,0.16790374,3.3170196e-05,-0.000646084,24.2,7.9,15.0
436.5,25.506945,7.9062366,22.732283,0.16790374,3.3170196e-05,-0.000646084,24.2,7.9,15.0
436.6,25.510994,7.9062004,22.735893,0.16790374,3.3170196e-05,-0.000646084,24.2,7.9,15.0
436.70000000000005,25.515043,7.906164,22.739494,0.16790374,3.3170196e-05,-0.000646084,24.2,7.9,15.0
436.8,25.519093,7.906128,22.743086,0.16790374,3.3170196e-05,-0.000646084,24.2,7.9,15.0
436.90000000000003,25.523142,7.9060917,22.74667,0.16790374,3.3170196e-05,-0.000646084,24.2,7.9,15.0
437.0,25.527191,7.9060555,22.750244,0.16790374,3.3170196e-05,-0.000646084,24.2,7.9,15.0
437.1,25.53124,7.906019,22.75381,0.16790374,3.3170196e-05,-0.000646084,24.2,7.9,15.0
437.20000000000005,25.53529,7.905983,22.757368,0.16790374,3.3170196e-05,-0.000646084,24.2,7.9,15.0
437.3,25.53934,7.9059467,22.760918,0.16790374,3.3170196e-05,-0.000646084,24.2,7.9,15.0
437.40000000000003,25.543388,7.9059105,22.76446,0.16790374,3.3170196e-05,-0.000646084,24.2,7.9,15.0
437.5,25.547438,7.9058743,22.767992,0.16790374,3.3170196e-05,-0.000646084,24.2,7.9,15.0
437.6,25.551487,7.905838,22.771517,0.16790374,3.3170196e-05,-0.000646084,24.2,7.9,15.0
437.70000000000005,25.555536,7.905802,22.775034,0.16790374,3.3170196e-05,-0.000646084,24.2,7.9,15.0
437.8,25.559586,7.9057655,22.778543,0.16790374,3.3170196e-05,-0.000646084,24.2,7.9,15.0
437.90000000000003,25.563635,7.9057293,22.782045,0.16790374,3.3170196e-05,-0.000646084,24.2,7.9,15.0
438.0,25.567684,7.905693,22.78554,0.16790374,3.3170196e-05,-0.000646084,24.2,7.9,15.0
438.1,25.571733,7.905657,22.789028,0.16790374,3.3170196e-05,-0.000646084,24.2,7.9,15.0
438.20000000000005,25.575783,7.9056206,22.79251,0.16790374,3.3170196e-05,-0.000646084,24.2,7.9,15.0
438.3,25.579832,7.9055843,22.795982,0.16790374,3.3170196e-05,-0.000646084,24.2,7.9,15.0
438.40000000000003,25.583881,7.905548,22.799448,0.16790374,3.3170196e-05,-0.000646084,24.2,7.9,15.0
438.5,25.58793,7.905512,22.802908,0.16790374,3.3170196e-05,-0.000646084,24.2,7.9,15.0
438.6,25.59198,7.9054756,22.80636,0.16790374,3.3170196e-05,-0.000646084,24.2,7.9,15.0
438.70000000000005,25.59603,7.9054394,22.809807,0.16790374,3.3170196e-05,-0.000646084,24.2,7.9,15.0
438.8,25.600079,7.905403,22.813248,0.16790374,3.3170196e-05,-0.000646084,24.2,7.9,15.0
438.90000000000003,25.604128,7.905367,22.81668,0.16790374,3.3170196e-05,-0.000646084,24.2,7.9,15.0
439.0,25.608177,7.9053307,22.820108,0.16790374,3.3170196e-05,-0.000646084,24.2,7.9,15.0
439.1,25.612226,7.9052944,22.82353,0.16790374,3.3170196e-05,-0.000646084,24.2,7.9,15.0
439.20000000000005,25.616276,7.905258,22.826946,0.16790374,3.3170196e-05,-0.000646084,24.2,7.9,15.0
439.3,25.620325,7.905222,22.830355,0.16790374,3.3170196e-05,-0.000646084,24.2,7.9,15.0
439.40000000000003,25.624374,7.9051857,22.833757,0.16790374,3.3170196e-05,-0.000646084,24.2,7.9,15.0
439.5,25.628424,7.9051495,22.837154,0.16790374,3.3170196e-05,-0.000646084,24.2,7.9,15.0
439.6,25.632473,7.905113,22.840546,0.16790374,3.3170196e-05,-0.000646084,24.2,7.9,15.0
439.70000000000005,25.636522,7.905077,22.843933,0.16790374,3.3170196e-05,-0.000646084,24.2,7.9,15.0
439.8,25.640572,7.9050407,22.847315,0.16790374,3.3170196e-05,-0.000646084,24.2,7.9,15.0
439.90000000000003,25.64462,7.9050045,22.85069,0.16790374,3.3170196e-05,-0.000646084,24.2,7.9,15.0
440.0,25.64867,7.9049683,22.854061,0.16790374,3.3170196e-05,-0.000646084,23.2,8.0,15.0
440.1,25.65272,7.904932,22.857426,0.16790374,3.3170196e-05,-0.000646084,23.2,8.0,15.0
440.20000000000005,25.65674,7.8999586,16.556732,0.1,0.003,-0.05,23.2,8.0,15.0
440.3,25.660604,7.8949857,10.31879,0.1,0.003,-0.05,23.2,8.0,15.0
440.40000000000003,25.646397,7.8901443,11.967512,5.0,0.003,-0.05,23.2,8.0,15.0
440.5,25.63381,7.885309,12.965142,5.0,0.003,-0.05,23.2,8.0,15.0
440.6,25.622202,7.88048,13.568073,5.0,0.003,-0.05,23.2,8.0,15.0
440.70000000000005,25.611183,7.8756566,13.931732,5.0,0.003,-0.05,23.2,8.0,15.0
440.8,25.60052,7.8708396,14.150339,5.0,0.003,-0.05,23.2,8.0,15.0
440.90000000000003,25.590067,7.8660283,14.281011,5.0,0.003,-0.05,23.2,8.0,15.0
441.0,25.57974,7.861223,14.358372,5.0,0.003,-0.05,23.2,8.0,15.0
441.1,25.569487,7.856424,14.403413,5.0,0.003,-0.05,23.2,8.0,15.0
441.20000000000005,25.559273,7.8516307,14.428857,5.0,0.003,-0.05,23.2,8.0,15.0
441.3,25.54908,7.8468437,14.442417,5.0,0.003,-0.05,23.2,8.0,15.0
441.40000000000003,25.538898,7.8420625,14.44877,5.0,0.003,-0.05,23.2,8.0,15.0
441.5,25.528719,7.8372874,14.450749,5.0,0.003,-0.05,23.2,8.0,15.0
441.6,25.518538,7.832518,14.450074,5.0,0.003,-0.05,23.2,8.0,15.0
441.70000000000005,25.508352,7.827755,14.447785,5.0,0.003,-0.05,23.2,8.0,15.0
441.8,25.498161,7.8229976,14.444515,5.0,0.003,-0.05,23.2,8.0,15.0
441.90000000000003,25.487965,7.8182464,14.440646,5.0,0.003,-0.05,23.2,8.0,15.0
442.0,25.47776,7.813501,14.43641,5.0,0.003,-0.05,23.2,8.0,15.0
442.1,25.467548,7.808761,14.431949,5.0,0.003,-0.05,23.2,8.0,15.0
442.20000000000005,25.457329,7.8040276,14.427346,5.0,0.003,-0.05,23.2,8.0,15.0
442.3,25.447102,7.7992997,14.422654,5.0,0.003,-0.05,23.2,8.0,15.0
442.40000000000003,25.436867,7.794578,14.417904,5.0,0.003,-0.05,23.2,8.0,15.0
442.5,25.426624,7.789862,14.4131155,5.0,0.003,-0.05,23.2,8.0,15.0
442.6,25.416372,7.785152,14.408299,5.0,0.003,-0.05,23.2,8.0,15.0
442.70000000000005,25.406113,7.780448,14.403463,5.0,0.003,-0.05,23.2,8.0,15.0
442.8,25.395845,7.7757497,14.398611,5.0,0.003,-0.05,23.2,8.0,15.0
442.90000000000003,25.38557,7.771057,14.393745,5.0,0.003,-0.05,23.2,8.0,15.0
443.0,25.375288,7.766371,14.388867,5.0,0.003,-0.04999982,23.2,8.0,15.0
443.1,25.364998,7.76169,14.383979,5.0,0.003,-0.04999982,23.2,8.0,15.0
443.20000000000005,25.3547,7.757015,14.379081,5.0,0.003,-0.04999941,23.2,8.0,15.0
443.3,25.344393,7.7523465,14.374172,5.0,0.003,-0.04999941,23.2,8.0,15.0
443.40000000000003,25.334082,7.7500076,14.368957,5.0,0.003,-0.026741492,23.2,8.0,15.0
443.5,25.32377,7.7476716,14.363301,5.0,0.003,-0.026741492,23.2,8.0,15.0
443.6,25.313457,7.7453227,14.357382,5.0,0.003,-0.0269007,23.2,8.0,15.0
443.70000000000005,25.303143,7.7429767,14.351302,5.0,0.003,-0.0269007,23.2,8.0,15.0
443.8,25.292826,7.7405767,14.345131,5.0,0.003,-0.027470905,23.2,8.0,15.0
443.90000000000003,25.282505,7.7381797,14.338909,5.0,0.003,-0.027470905,23.2,8.0,15.0
444.0,25.272182,7.7357326,14.332662,5.0,0.003,-0.028003829,23.2,8.0,15.0
444.1,25.261858,7.7332883,14.326404,5.0,0.003,-0.028003829,23.2,8.0,15.0
444.20000000000005,25.251532,7.732282,14.319954,5.0,0.003,-0.013645866,23.2,8.0,15.0
444.3,25.241207,7.731277,14.313232,5.0,0.003,-0.013645866,23.2,8.0,15.0
444.40000000000003,25.230885,7.7303033,14.306342,5.0,0.003,-0.013345168,23.2,8.0,15.0
444.5,25.220564,7.729331,14.299347,5.0,0.003,-0.013345168,23.2,8.0,15.0
444.6,25.210243,7.7284107,14.292281,5.0,0.003,-0.01283755,23.2,8.0,15.0
444.70000000000005,25.199924,7.7274914,14.285168,5.0,0.003,-0.01283755,23.2,8.0,15.0
444.8,25.189606,7.7267,14.278008,5.0,0.003,-0.011572688,23.2,8.0,15.0
444.90000000000003,25.179289,7.725909,14.270808,5.0,0.003,-0.011572688,23.2,8.0,15.0
445.0,25.168974,7.7246885,14.2636385,5.0,0.003,-0.0158854,23.2,8.0,15.0
445.1,25.158659,7.7234693,14.256534,5.0,0.003,-0.0158854,23.2,8.0,15.0
445.20000000000005,25.148346,7.723358,14.249327,5.0,0.003,-0.0048131114,23.2,8.0,15.0
445.3,25.138035,7.723247,14.241939,5.0,0.003,-0.0048131114,23.2,8.0,15.0
445.40000000000003,25.127728,7.7234526,14.234402,5.0,0.003,-0.0016446342,23.2,8.0,15.0
445.5,25.117426,7.723658,14.226741,5.0,0.003,-0.0016446342,23.2,8.0,15.0
445.6,25.107128,7.7240214,14.218986,5.0,0.003,-6.3018866e-05,23.2,8.0,15.0
445.70000000000005,25.096834,7.7243843,14.211158,5.0,0.003,-6.3018866e-05,23.2,8.0,15.0
445.8,25.086544,7.724946,14.203262,5.0,0.003,0.0019302957,23.2,8.0,15.0
445.90000000000003,25.07626,7.725507,14.195305,5.0,0.003,0.0019302957,23.2,8.0,15.0
446.0,25.065979,7.726371,14.187273,5.0,0.003,0.0049726907,23.2,8.0,15.0
446.1,25.055704,7.727234,14.179165,5.0,0.003,0.0049726907,23.2,8.0,15.0
446.20000000000005,25.045439,7.7301636,14.170748,5.0,0.003,0.025662202,23.2,8.0,15.0
446.3,25.035185,7.7330894,14.161923,5.0,0.003,0.025662202,23.2,8.0,15.0
446.40000000000003,25.024944,7.7384443,14.152546,5.0,0.003,0.05,23.2,8.0,15.0
446.5,25.01472,7.743792,14.142576,5.0,0.003,0.05,23.2,8.0,15.0
446.6,25.004515,7.749133,14.132254,5.0,0.003,0.05,23.2,8.0,15.0
446.70000000000005,24.994326,7.7544675,14.121723,5.0,0.003,0.05,23.2,8.0,15.0
446.8,24.984152,7.7597957,14.1110735,5.0,0.003,0.05,23.2,8.0,15.0
446.90000000000003,24.973993,7.765117,14.100357,5.0,0.003,0.05,23.2,8.0,15.0
447.0,24.963852,7.770432,14.089607,5.0,0.003,0.05,23.2,8.0,15.0
447.1,24.953726,7.77574,14.078843,5.0,0.003,0.05,23.2,8.0,15.0
447.20000000000005,24.94361,7.777109,14.06858,5.0,0.003,0.0106506925,23.2,8.0,15.0
447.3,24.933498,7.778476,14.059046,5.0,0.003,0.0106506925,23.2,8.0,15.0
447.40000000000003,24.92339,7.7783613,14.050147,5.0,0.003,-0.0041638603,23.2,8.0,15.0
447.5,24.913282,7.7782464,14.041794,5.0,0.003,-0.0041638603,23.2,8.0,15.0
447.6,24.903177,7.7773457,14.033873,5.0,0.003,-0.012028426,23.2,8.0,15.0
447.70000000000005,24.893072,7.776446,14.0262985,5.0,0.003,-0.012028426,23.2,8.0,15.0
447.8,24.882967,7.775548,14.018934,5.0,0.003,-0.01202394,23.2,8.0,15.0
447.90000000000003,24.872862,7.774651,14.011698,5.0,0.003,-0.01202394,23.2,8.0,15.0
448.0,24.862759,7.774581,14.004433,5.0,0.003,-0.0037620603,23.2,8.0,15.0
448.1,24.85266,7.774511,13.997062,5.0,0.003,-0.0037620603,23.2,8.0,15.0
448.20000000000005,24.842564,7.775271,13.989521,5.0,0.003,0.004545654,23.2,8.0,15.0
448.3,24.832474,7.7760305,13.981791,5.0,0.003,0.004545654,23.2,8.0,15.0
448.40000000000003,24.82239,7.7774625,13.973859,5.0,0.003,0.011285035,23.2,8.0,15.0
448.5,24.812313,7.7788925,13.965736,5.0,0.003,0.011285035,23.2,8.0,15.0
448.6,24.802246,7.781572,13.957339,5.0,0.003,0.023802461,23.2,8.0,15.0
448.70000000000005,24.792189,7.784248,13.948646,5.0,0.003,0.023802461,23.2,8.0,15.0
448.8,24.78214,7.7869205,13.9397745,5.0,0.003,0.023802493,23.2,8.0,15.0
448.90000000000003,24.772102,7.78959,13.9308,5.0,0.003,0.023802493,23.2,8.0,15.0
449.0,24.762074,7.792256,13.921766,5.0,0.003,0.023802511,23.2,8.0,15.0
449.1,24.752054,7.7949185,13.912701,5.0,0.003,0.023802511,23.2,8.0,15.0
449.20000000000005,24.742048,7.800196,13.903283,5.0,0.003,0.05,23.2,8.0,15.0
449.3,24.73206,7.805467,13.893376,5.0,0.003,0.05,23.2,8.0,15.0
449.40000000000003,24.722088,7.8107314,13.883179,5.0,0.003,0.05,23.2,8.0,15.0
449.5,24.712132,7.815989,13.872812,5.0,0.003,0.05,23.2,8.0,15.0
449.6,24.702192,7.82124,13.862349,5.0,0.003,0.05,23.2,8.0,15.0
449.70000000000005,24.692268,7.8264847,13.851832,5.0,0.003,0.05,23.2,8.0,15.0
449.8,24.68236,7.8317227,13.84129,5.0,0.003,0.05,23.2,8.0,15.0
449.90000000000003,24.672466,7.836954,13.830739,5.0,0.003,0.05,23.2,8.0,15.0
450.0,24.662588,7.842179,13.8201885,5.0,0.003,0.05,23.2,8.0,15.0
450.1,24.652725,7.8473973,13.809644,5.0,0.003,0.05,23.2,8.0,15.0
450.20000000000005,24.64288,7.852609,13.799109,5.0,0.003,0.05,23.2,8.0,15.0
450.3,24.633049,7.8578143,13.788587,5.0,0.003,0.05,23.2,8.0,15.0
450.40000000000003,24.623234,7.8630133,13.778078,5.0,0.003,0.05,23.2,8.0,15.0
450.5,24.613434,7.8682055,13.767584,5.0,0.003,0.05,23.2,8.0,15.0
450.6,24.60365,7.8733916,13.757104,5.0,0.003,0.05,23.2,8.0,15.0
450.70000000000005,24.59388,7.878571,13.746639,5.0,0.003,0.05,23.2,8.0,15.0
450.8,24.584126,7.883744,13.73619,5.0,0.003,0.05,23.2,8.0,15.0
450.90000000000003,24.574387,7.8889103,13.725756,5.0,0.003,0.05,23.2,8.0,15.0
451.0,24.564663,7.89407,13.715336,5.0,0.003,0.05,23.2,8.0,15.0
451.1,24.554955,7.899224,13.704932,5.0,0.003,0.05,23.2,8.0,15.0
451.20000000000005,24.545261,7.904371,13.694544,5.0,0.003,0.05,23.2,8.0,15.0
451.3,24.535583,7.9095116,13.684171,5.0,0.003,0.05,23.2,8.0,15.0
451.40000000000003,24.52592,7.9146457,13.673812,5.0,0.003,0.05,23.2,8.0,15.0
451.5,24.516273,7.9197736,13.663469,5.0,0.003,0.05,23.2,8.0,15.0
451.6,24.506641,7.924852,13.653147,5.0,0.003,0.049570315,23.2,8.0,15.0
451.70000000000005,24.497023,7.929924,13.642848,5.0,0.003,0.049570315,23.2,8.0,15.0
451.8,24.48741,7.927743,13.633496,5.0,0.003,-0.022942968,23.2,8.0,15.0
451.90000000000003,24.47779,7.925565,13.6255,5.0,0.003,-0.022942968,23.2,8.0,15.0
452.0,24.468166,7.9233894,13.618324,5.0,0.003,-0.022942968,23.2,8.0,15.0
452.1,24.45854,7.9212165,13.611644,5.0,0.003,-0.022942968,23.2,8.0,15.0
452.20000000000005,24.44892,7.9249477,13.604508,5.0,0.003,0.03610603,23.2,8.0,15.0
452.3,24.439312,7.928674,13.596464,5.0,0.003,0.03610603,23.2,8.0,15.0
452.40000000000003,24.429718,7.932368,13.587876,5.0,0.003,0.035824116,23.2,8.0,15.0
452.5,24.420137,7.9360566,13.578967,5.0,0.003,0.035824116,23.2,8.0,15.0
452.6,24.410568,7.939741,13.569868,5.0,0.003,0.035824116,23.2,8.0,15.0
452.70000000000005,24.40101,7.943421,13.560658,5.0,0.003,0.035824116,23.2,8.0,15.0
452.8,24.391466,7.947102,13.551385,5.0,0.003,0.035883434,23.2,8.0,15.0
452.90000000000003,24.381933,7.9507785,13.542077,5.0,0.003,0.035883434,23.2,8.0,15.0
453.0,24.372412,7.954455,13.532752,5.0,0.003,0.03592598,23.2,8.0,15.0
453.1,24.362902,7.9581265,13.523421,5.0,0.003,0.03592598,23.2,8.0,15.0
453.20000000000005,24.353403,7.9617596,13.514095,5.0,0.003,0.035588067,23.2,8.0,15.0
453.3,24.343916,7.9653883,13.504781,5.0,0.003,0.035588067,23.2,8.0,15.0
453.40000000000003,24.33444,7.968988,13.495481,5.0,0.003,0.03534393,23.2,8.0,15.0
453.5,24.324976,7.9725833,13.486196,5.0,0.003,0.03534393,23.2,8.0,15.0
453.6,24.315527,7.9776387,13.476737,5.0,0.003,0.05,23.2,8.0,15.0
453.70000000000005,24.306093,7.982688,13.467022,5.0,0.003,0.05,23.2,8.0,15.0
453.8,24.296675,7.987731,13.457157,5.0,0.003,0.05,23.2,8.0,15.0
453.90000000000003,24.287271,7.9927673,13.4472065,5.0,0.003,0.05,23.2,8.0,15.0
454.0,24.277868,7.987804,13.43849,5.0,0.003,-0.05,23.2,8.0,15.0
454.1,24.268452,7.9828467,13.431596,5.0,0.003,-0.05,23.2,8.0,15.0
454.20000000000005,24.259037,7.9878893,13.424523,5.0,0.003,0.05,23.2,8.0,15.0
454.3,24.249641,7.9929256,13.416269,5.0,0.003,0.05,23.2,8.0,15.0
454.40000000000003,24.240263,7.997956,13.407306,5.0,0.003,0.05,23.2,8.0,15.0
454.5,24.2309,8.002979,13.397917,5.0,0.003,0.05,23.2,8.0,15.0
454.6,24.221552,8.007549,13.388334,5.0,0.003,0.04551909,23.2,8.0,15.0
454.70000000000005,24.212217,8.012114,13.378688,5.0,0.003,0.04551909,23.2,8.0,15.0
454.8,24.202892,8.013327,13.369435,5.0,0.003,0.012043224,23.2,8.0,15.0
454.90000000000003,24.193571,8.014538,13.3607855,5.0,0.003,0.012043224,23.2,8.0,15.0
455.0,24.18425,8.012441,13.352927,5.0,0.003,-0.021043047,23.2,8.0,15.0
455.1,24.174925,8.010346,13.345903,5.0,0.003,-0.021043047,23.2,8.0,15.0
455.20000000000005,24.165594,8.006693,13.339584,5.0,0.003,-0.036674097,23.2,8.0,15.0
455.3,24.156256,8.003044,13.3338585,5.0,0.003,-0.036674097,23.2,8.0,15.0
455.40000000000003,24.146923,8.007195,13.327492,5.0,0.003,0.04133259,23.2,8.0,15.0
455.5,24.137606,8.011341,13.3199005,5.0,0.003,0.04133259,23.2,8.0,15.0
455.6,24.128298,8.012894,13.311902,5.0,0.003,0.015431022,23.2,8.0,15.0
455.70000000000005,24.118998,8.014444,13.303939,5.0,0.003,0.015431022,23.2,8.0,15.0
455.8,24.109703,8.015115,13.296112,5.0,0.003,0.0066490793,23.2,8.0,15.0
455.90000000000003,24.100412,8.015785,13.288465,5.0,0.003,0.0066490793,23.2,8.0,15.0
456.0,24.091125,8.016206,13.280958,5.0,0.003,0.0041606724,23.2,8.0,15.0
456.1,24.081842,8.016625,13.273566,5.0,0.003,0.0041606724,23.2,8.0,15.0
456.20000000000005,24.07256,8.014822,13.266529,5.0,0.003,-0.018076967,23.2,8.0,15.0
456.3,24.063272,8.013021,13.259947,5.0,0.003,-0.018076967,23.2,8.0,15.0
456.40000000000003,24.053995,8.018026,13.252768,5.0,0.003,0.05,23.2,8.0,15.0
456.5,24.044735,8.0230255,13.244497,5.0,0.003,0.05,23.2,8.0,15.0
456.6,24.03548,8.021084,13.23646,5.0,0.003,-0.019383213,23.2,8.0,15.0
456.70000000000005,24.026222,8.019145,13.229311,5.0,0.003,-0.019383213,23.2,8.0,15.0
456.8,24.016958,8.015397,13.222931,5.0,0.003,-0.0375081,23.2,8.0,15.0
456.90000000000003,24.007687,8.011654,13.21721,5.0,0.003,-0.0375081,23.2,8.0,15.0
457.0,23.99842,8.016661,13.210767,5.0,0.003,0.05,23.2,8.0,15.0
457.1,23.989174,8.021661,13.202947,5.0,0.003,0.05,23.2,8.0,15.0
457.20000000000005,23.979929,8.01766,13.19545,5.0,0.003,-0.04,23.2,8.0,15.0
457.3,23.970675,8.013665,13.189116,5.0,0.003,-0.04,23.2,8.0,15.0
457.40000000000003,23.961418,8.01307,13.183049,5.0,0.003,-0.0060301055,23.2,8.0,15.0
457.5,23.952164,8.012476,13.176779,5.0,0.003,-0.0060301055,23.2,8.0,15.0
457.6,23.942911,8.012692,13.170281,5.0,0.003,0.0020792708,23.2,8.0,15.0
457.70000000000005,23.933662,8.012909,13.16356,5.0,0.003,0.0020792708,23.2,8.0,15.0
457.8,23.924417,8.013161,13.156699,5.0,0.003,0.002438876,23.2,8.0,15.0
457.90000000000003,23.915176,8.013412,13.149751,5.0,0.003,0.002438876,23.2,8.0,15.0
458.0,23.905943,8.016245,13.14242,5.0,0.003,0.028263802,23.2,8.0,15.0
458.1,23.89672,8.0190735,13.1345825,5.0,0.003,0.028263802,23.2,8.0,15.0
458.20000000000005,23.88751,8.022833,13.126323,5.0,0.003,0.037610523,23.2,8.0,15.0
458.3,23.878313,8.0265875,13.11771,5.0,0.003,0.037610523,23.2,8.0,15.0
458.40000000000003,23.869127,8.029554,13.108989,5.0,0.003,0.029778842,23.2,8.0,15.0
458.5,23.859951,8.032517,13.10029,5.0,0.003,0.029778842,23.2,8.0,15.0
458.6,23.850779,8.031703,13.092092,5.0,0.003,-0.0079873875,23.2,8.0,15.0
458.70000000000005,23.841606,8.0308895,13.084603,5.0,0.003,-0.0079873875,23.2,8.0,15.0
458.8,23.83243,8.027908,13.077824,5.0,0.003,-0.029688187,23.2,8.0,15.0
458.90000000000003,23.823248,8.024931,13.071706,5.0,0.003,-0.029688187,23.2,8.0,15.0
459.0,23.814068,8.026991,13.065343,5.0,0.003,0.0206819,23.2,8.0,15.0
459.1,23.804897,8.029048,13.0582905,5.0,0.003,0.0206819,23.2,8.0,15.0
459.20000000000005,23.795732,8.028494,13.051157,5.0,0.003,-0.0054210573,23.2,8.0,15.0
459.3,23.786568,8.027941,13.044256,5.0,0.003,-0.0054210573,23.2,8.0,15.0
459.40000000000003,23.777403,8.026181,13.037651,5.0,0.003,-0.01750493,23.2,8.0,15.0
459.5,23.768236,8.024424,13.031355,5.0,0.003,-0.01750493,23.2,8.0,15.0
459.6,23.759068,8.023401,13.025152,5.0,0.003,-0.010168551,23.2,8.0,15.0
459.70000000000005,23.7499,8.02238,13.018926,5.0,0.003,-0.010168551,23.2,8.0,15.0
459.8,23.740738,8.023753,13.012379,5.0,0.003,0.013778341,23.2,8.0,15.0
459.90000000000003,23.73158,8.025125,13.005381,5.0,0.003,0.013778341,23.2,8.0,15.0
460.0,23.722433,8.0279665,12.997923,5.0,0.003,0.028509278,23.2,8.0,15.0
460.1,23.713297,8.030805,12.990032,5.0,0.003,0.028509278,23.2,8.0,15.0
460.20000000000005,23.704163,8.027765,12.982634,5.0,0.003,-0.030267179,23.2,8.0,15.0
460.3,23.69502,8.02473,12.976166,5.0,0.003,-0.030267179,23.2,8.0,15.0
460.40000000000003,23.685871,8.020888,12.970365,5.0,0.003,-0.038376007,23.2,8.0,15.0
460.5,23.676714,8.017052,12.965051,5.0,0.003,-0.038376007,23.2,8.0,15.0
460.6,23.667551,8.013692,12.959969,5.0,0.003,-0.033647176,23.2,8.0,15.0
460.70000000000005,23.658382,8.010337,12.954973,5.0,0.003,-0.033647176,23.2,8.0,15.0
460.8,23.64921,8.007381,12.949978,5.0,0.003,-0.029684117,23.2,8.0,15.0
460.90000000000003,23.640034,8.00443,12.944938,5.0,0.003,-0.029684117,23.2,8.0,15.0
461.0,23.630854,8.001591,12.939855,5.0,0.003,-0.028598823,23.2,8.0,15.0
461.1,23.62167,7.998755,12.9347315,5.0,0.003,-0.028598823,23.2,8.0,15.0
461.20000000000005,23.612482,7.9966416,12.929491,5.0,0.003,-0.02140409,23.2,8.0,15.0
461.3,23.603292,7.994531,12.924099,5.0,0.003,-0.02140409,23.2,8.0,15.0
461.40000000000003,23.5941,7.992324,12.918628,5.0,0.003,-0.022399174,23.2,8.0,15.0
461.5,23.584908,7.9901195,12.913117,5.0,0.003,-0.022399174,23.2,8.0,15.0
461.6,23.575712,7.9877553,12.907602,5.0,0.003,-0.024024658,23.2,8.0,15.0
461.70000000000005,23.566513,7.985394,12.902101,5.0,0.003,-0.024024658,23.2,8.0,15.0
461.8,23.557316,7.9860644,12.896218,5.0,0.003,0.0062815845,23.2,8.0,15.0
461.90000000000003,23.548124,7.986734,12.88978,5.0,0.003,0.0062815845,23.2,8.0,15.0
462.0,23.538939,7.9874024,12.883005,5.0,0.003,0.0062815845,23.2,8.0,15.0
462.1,23.529758,7.9880705,12.876028,5.0,0.003,0.0062815845,23.2,8.0,15.0
462.20000000000005,23.520582,7.9887376,12.868931,5.0,0.003,0.0062815845,23.2,8.0,15.0
462.3,23.511412,7.9894037,12.861762,5.0,0.003,0.0062815845,23.2,8.0,15.0
462.40000000000003,23.502245,7.990069,12.854551,5.0,0.003,0.0062815845,23.2,8.0,15.0
462.5,23.493082,7.9907336,12.847316,5.0,0.003,0.0062815845,23.2,8.0,15.0
462.6,23.483925,7.9913974,12.840068,5.0,0.003,0.0062815845,23.2,8.0,15.0
462.70000000000005,23.474771,7.99206,12.832813,5.0,0.003,0.0062815845,23.2,8.0,15.0
462.8,23.465622,7.9927225,12.825556,5.0,0.003,0.0062831645,23.2,8.0,15.0
462.90000000000003,23.456478,7.993384,12.818298,5.0,0.003,0.0062831645,23.2,8.0,15.0
463.0,23.447338,7.9940133,12.811048,5.0,0.003,0.0059698992,23.2,8.0,15.0
463.1,23.438202,7.994642,12.803804,5.0,0.003,0.0059698992,23.2,8.0,15.0
463.20000000000005,23.42907,7.995057,12.796595,5.0,0.003,0.0038433792,23.2,8.0,15.0
463.3,23.41994,7.995472,12.78943,5.0,0.003,0.0038433792,23.2,8.0,15.0
463.40000000000003,23.410818,7.9969454,12.782157,5.0,0.003,0.01444303,23.2,8.0,15.0
463.5,23.401703,7.998417,12.774707,5.0,0.003,0.01444303,23.2,8.0,15.0
463.6,23.392595,8.000258,12.767105,5.0,0.003,0.018167417,23.2,8.0,15.0
463.70000000000005,23.383493,8.002098,12.759374,5.0,0.003,0.018167417,23.2,8.0,15.0
463.8,23.3744,8.004054,12.75155,5.0,0.003,0.019357335,23.2,8.0,15.0
463.90000000000003,23.365313,8.006008,12.743661,5.0,0.003,0.019357335,23.2,8.0,15.0
464.0,23.356234,8.0070505,12.735851,5.0,0.003,0.010261733,23.2,8.0,15.0
464.1,23.347158,8.008092,12.728189,5.0,0.003,0.010261733,23.2,8.0,15.0
464.20000000000005,23.338087,8.008388,12.720715,5.0,0.003,0.002815833,23.2,8.0,15.0
464.3,23.32902,8.008683,12.713434,5.0,0.003,0.002815833,23.2,8.0,15.0
464.40000000000003,23.319956,8.008816,12.706294,5.0,0.003,0.0011959084,23.2,8.0,15.0
464.5,23.310894,8.008948,12.699258,5.0,0.003,0.0011959084,23.2,8.0,15.0
464.6,23.301836,8.009831,12.692189,5.0,0.003,0.008706771,23.2,8.0,15.0
464.70000000000005,23.292784,8.010714,12.685021,5.0,0.003,0.008706771,23.2,8.0,15.0
464.8,23.283733,8.009687,12.67804,5.0,0.003,-0.010380636,23.2,8.0,15.0
464.90000000000003,23.274683,8.008662,12.671376,5.0,0.003,-0.010380636,23.2,8.0,15.0
465.0,23.265633,8.007845,12.664879,5.0,0.003,-0.008311574,23.2,8.0,15.0
465.1,23.256582,8.007029,12.65846,5.0,0.003,-0.008311574,23.2,8.0,15.0
465.20000000000005,23.247534,8.006672,12.65203,5.0,0.003,-0.003729303,23.2,8.0,15.0
465.3,23.238487,8.006315,12.645544,5.0,0.003,-0.003729303,23.2,8.0,15.0
465.40000000000003,23.229443,8.005221,12.63912,5.0,0.003,-0.011107667,23.2,8.0,15.0
465.5,23.220398,8.004129,12.6328125,5.0,0.003,-0.011107667,23.2,8.0,15.0
465.6,23.21271,8.0033865,11.939906,4.3353763,0.003,-0.0076333336,23.2,8.0,15.0
465.70000000000005,23.204418,8.002645,11.48871,4.3353763,0.003,-0.0076333336,23.2,8.0,15.0
465.8,23.204887,7.999773,9.737667,1.1763617,0.0016411572,-0.028955223,23.2,8.0,15.0
465.90000000000003,23.204868,7.9969025,8.181165,1.1763617,0.0016411572,-0.028955223,23.2,8.0,15.0
466.0,23.194841,7.991934,14.93735,5.0,0.0,-0.05,23.2,8.0,15.0
466.1,23.191448,7.9869714,19.036175,5.0,0.0,-0.05,23.2,8.0,15.0
466.20000000000005,23.195442,7.991996,12.754616,0.1,0.003,0.05,23.2,8.0,15.0
466.3,23.19928,7.9970202,6.535559,0.1,0.003,0.05,23.2,8.0,15.0
466.40000000000003,23.187643,7.9920516,13.936889,5.0,0.0,-0.05,23.2,8.0,15.0
466.5,23.183275,7.987089,18.426804,5.0,0.0,-0.05,23.2,8.0,15.0
466.6,23.179918,7.9913826,16.13557,5.0,0.003,0.042554863,23.2,8.0,15.0
466.70000000000005,23.174328,7.9956703,14.742927,5.0,0.003,0.042554863,23.2,8.0,15.0
466.8,23.178295,7.990695,14.848433,0.1,0.0,-0.05,23.2,8.0,15.0
466.90000000000003,23.182264,7.9857197,14.952948,0.1,0.0,-0.05,23.2,8.0,15.0
467.0,23.176607,7.980763,14.110171,4.51,0.0027,-0.05,23.2,8.0,15.0
467.1,23.170177,7.975812,13.572625,4.51,0.0027,-0.05,23.2,8.0,15.0
467.20000000000005,23.173342,7.9803066,7.6695004,0.32084826,0.003,0.04468365,23.2,8.0,15.0
467.3,23.17604,7.984801,1.9527545,0.32084826,0.003,0.04468365,23.2,8.0,15.0
467.40000000000003,23.15989,7.9798474,11.151419,5.0,0.0,-0.05,23.2,8.0,15.0
467.5,23.152777,7.9749002,16.730877,5.0,0.0,-0.05,23.2,8.0,15.0
467.6,23.147936,7.9699583,14.990971,4.854295,0.003,-0.05,23.2,8.0,15.0
467.70000000000005,23.141415,7.965022,13.919273,4.854295,0.003,-0.05,23.2,8.0,15.0
467.8,23.133621,7.960093,13.38036,4.9854293,0.003,-0.05,23.2,8.0,15.0
467.90000000000003,23.125292,7.95517,13.0516615,4.9854293,0.003,-0.05,23.2,8.0,15.0
468.0,23.122492,7.9563937,16.54344,3.3468626,0.0,0.0116200745,23.2,8.0,15.0
468.1,23.122177,7.957616,19.041632,3.3468626,0.0,0.0116200745,23.2,8.0,15.0
468.20000000000005,23.123642,7.9594445,20.829247,3.34695,0.0,0.017697863,23.2,8.0,15.0
468.3,23.12638,7.961272,22.108597,3.34695,0.0,0.017697863,23.2,8.0,15.0
468.40000000000003,23.126627,7.9663415,18.359215,4.9995313,0.003,0.05,23.2,8.0,15.0
468.5,23.123203,7.9714046,16.082333,4.9995313,0.003,0.05,23.2,8.0,15.0
468.6,23.12591,7.9754376,10.419683,0.5899531,0.003,0.040046457,23.2,8.0,15.0
468.70000000000005,23.127806,7.97947,5.081401,0.5899531,0.003,0.040046457,23.2,8.0,15.0
468.8,23.114763,7.974523,13.037362,5.0,0.0,-0.05,23.2,8.0,15.0
468.90000000000003,23.109535,7.9695826,17.863487,5.0,0.0,-0.05,23.2,8.0,15.0
469.0,23.111212,7.97348,16.932234,1.724552,0.0010812131,0.038611226,23.2,8.0,15.0
469.1,23.112524,7.9773765,16.148298,1.724552,0.0010812131,0.038611226,23.2,8.0,15.0
469.20000000000005,23.115334,7.978175,16.871294,0.8221446,0.0,0.0076967306,23.2,8.0,15.0
469.3,23.118284,7.9789734,17.537361,0.8221446,0.0,0.0076967306,23.2,8.0,15.0
469.40000000000003,23.114988,7.9795165,15.758826,4.5357656,0.0027,0.00495074,23.2,8.0,15.0
469.5,23.110077,7.9800587,14.627291,4.5357656,0.0027,0.00495074,23.2,8.0,15.0
469.6,23.10414,7.9803452,13.907184,4.536414,0.0027,0.0023987822,23.2,8.0,15.0
469.70000000000005,23.097553,7.980632,13.447796,4.536414,0.0027,0.0023987822,23.2,8.0,15.0
469.8,23.090555,7.980737,13.1544895,4.536956,0.0027,0.0005913848,23.2,8.0,15.0
469.90000000000003,23.083296,7.9808426,12.966137,4.536956,0.0027,0.0005913848,23.2,8.0,15.0
470.0,23.08722,7.9858675,13.088701,0.1,0.0,0.05,23.2,8.0,15.0
470.1,23.091146,7.990892,13.210045,0.1,0.0,0.05,23.2,8.0,15.0
470.20000000000005,23.095078,7.988054,13.330204,0.1,0.0,-0.028628679,23.2,8.0,15.0
470.3,23.09901,7.9852157,13.449214,0.1,0.0,-0.028628679,23.2,8.0,15.0
470.40000000000003,23.102945,7.9816027,13.567088,0.1,0.0,-0.036376882,23.2,8.0,15.0
470.5,23.106884,7.9779897,13.683841,0.1,0.0,-0.036376882,23.2,8.0,15.0
470.6,23.110825,7.974452,13.799482,0.1,0.0,-0.035626993,23.2,8.0,15.0
470.70000000000005,23.114767,7.9709144,13.914023,0.1,0.0,-0.035626993,23.2,8.0,15.0
470.8,23.11864,7.9681973,8.317427,0.1,0.0027,-0.027423395,23.2,8.0,15.0
470.90000000000003,23.122375,7.9654803,2.7765617,0.1,0.0027,-0.027423395,23.2,8.0,15.0
471.0,23.107033,7.960551,11.640151,5.0,0.0,-0.05,23.2,8.0,15.0
471.1,23.100399,7.9556274,17.01647,5.0,0.0,-0.05,23.2,8.0,15.0
471.20000000000005,23.104422,7.960653,17.09901,0.1,0.0,0.05,23.2,8.0,15.0
471.3,23.108446,7.965678,17.18073,0.1,0.0,0.05,23.2,8.0,15.0
471.40000000000003,23.104828,7.962249,15.513987,4.51,0.0027,-0.034944504,23.2,8.0,15.0
471.5,23.099691,7.958823,14.451568,4.51,0.0027,-0.034944504,23.2,8.0,15.0
471.6,23.098852,7.9598675,14.133698,2.2505598,0.0013166693,0.009969013,23.2,8.0,15.0
471.70000000000005,23.097855,7.960911,13.8796215,2.2505598,0.0013166693,0.009969013,23.2,8.0,15.0
471.8,23.096731,7.9620066,13.676456,2.2505598,0.0013166693,0.010496632,23.2,8.0,15.0
471.90000000000003,23.095507,7.963102,13.513924,2.2505598,0.0013166693,0.010496632,23.2,8.0,15.0
472.0,23.093512,7.964192,11.014321,2.2505598,0.002561667,0.010452811,23.2,8.0,15.0
472.1,23.09026,7.9652815,9.017913,2.2505598,0.002561667,0.010452811,23.2,8.0,15.0
472.20000000000005,23.081081,7.9603524,15.418867,5.0,0.0,-0.05,23.2,8.0,15.0
472.3,23.078186,7.9554296,19.302328,5.0,0.0,-0.05,23.2,8.0,15.0
472.40000000000003,23.075708,7.9605064,16.643343,5.0,0.003,0.05,23.2,8.0,15.0
472.5,23.070635,7.965577,15.02757,5.0,0.003,0.05,23.2,8.0,15.0
472.6,23.073196,7.9706063,9.423327,0.59,0.003,0.05,23.2,8.0,15.0
472.70000000000005,23.074955,7.9756346,4.1400905,0.59,0.003,0.05,23.2,8.0,15.0
472.8,23.061031,7.9706926,12.451366,5.0,0.0,-0.05,23.2,8.0,15.0
472.90000000000003,23.055273,7.965757,17.492886,5.0,0.0,-0.05,23.2,8.0,15.0
473.0,23.059309,7.9707823,17.57029,0.1,0.0,0.05,23.2,8.0,15.0
473.1,23.063347,7.975807,17.646923,0.1,0.0,0.05,23.2,8.0,15.0
473.20000000000005,23.067387,7.9738593,17.722815,0.1,0.0,-0.019726465,23.2,8.0,15.0
473.3,23.071428,7.971912,17.797993,0.1,0.0,-0.019726465,23.2,8.0,15.0
473.40000000000003,23.07225,7.9728045,19.809683,3.1317906,0.0,0.008468494,23.2,8.0,15.0
473.5,23.074425,7.9736967,21.280687,3.1317906,0.0,0.008468494,23.2,8.0,15.0
473.6,23.075722,7.974571,17.320644,2.9258988,0.0027,0.008313144,23.2,8.0,15.0
473.70000000000005,23.074509,7.9754453,14.364938,2.9258988,0.0027,0.008313144,23.2,8.0,15.0
473.8,23.078466,7.980064,14.473552,0.1,0.0,0.04593953,23.2,8.0,15.0
473.90000000000003,23.082428,7.9846826,14.581087,0.1,0.0,0.04593953,23.2,8.0,15.0
474.0,23.086391,7.988305,14.687557,0.1,0.0,0.035978682,23.2,8.0,15.0
474.1,23.090359,7.9919276,14.792975,0.1,0.0,0.035978682,23.2,8.0,15.0
474.20000000000005,23.094328,7.9947066,14.8981,0.10071678,0.0,0.027545834,23.2,8.0,15.0
474.3,23.098299,7.9974856,15.002184,0.10071678,0.0,0.027545834,23.2,8.0,15.0
474.40000000000003,23.102213,7.9995456,10.480671,0.1010393,0.0021870001,0.020354085,23.2,8.0,15.0
474.5,23.106014,8.001605,6.0046296,0.1010393,0.0021870001,0.020354085,23.2,8.0,15.0
474.6,23.093966,7.9966307,13.586078,5.0,0.0,-0.05,23.2,8.0,15.0
474.70000000000005,23.089365,7.9916625,18.185192,5.0,0.0,-0.05,23.2,8.0,15.0
474.8,23.09342,7.996687,18.255806,0.1,0.0,0.05,23.2,8.0,15.0
474.90000000000003,23.097477,8.001711,18.325718,0.1,0.0,0.05,23.2,8.0,15.0
475.0,23.097544,7.996736,21.061718,5.0,0.0,-0.05,23.2,8.0,15.0
475.1,23.100285,7.9917674,22.723501,5.0,0.0,-0.05,23.2,8.0,15.0
475.20000000000005,23.104387,7.9867945,22.990063,1.0951464,0.0,-0.05,23.2,8.0,15.0
475.3,23.108555,7.981823,23.229605,1.0951464,0.0,-0.05,23.2,8.0,15.0
475.40000000000003,23.112127,7.9817443,21.423693,2.7697957,0.0012431276,-0.001157515,23.2,8.0,15.0
475.5,23.114607,7.9816656,20.055212,2.7697957,0.0012431276,-0.001157515,23.2,8.0,15.0
475.6,23.11537,7.981587,16.57003,2.7697957,0.0025618747,-0.001157515,23.2,8.0,15.0
475.70000000000005,23.114025,7.9815083,13.927915,2.7697957,0.0025618747,-0.001157515,23.2,8.0,15.0
475.8,23.117971,7.986038,14.041136,0.1,0.0,0.045053016,23.2,8.0,15.0
475.90000000000003,23.121922,7.990568,14.153233,0.1,0.0,0.045053016,23.2,8.0,15.0
476.0,23.125874,7.9941864,14.264606,0.10035075,0.0,0.035938993,23.2,8.0,15.0
476.1,23.12983,7.9978046,14.374876,0.10035075,0.0,0.035938993,23.2,8.0,15.0
476.20000000000005,23.12707,7.9997344,16.576273,3.6569703,0.0006440829,0.019040553,23.2,8.0,15.0
476.3,23.126,8.001662,18.102753,3.6569703,0.0006440829,0.019040553,23.2,8.0,15.0
476.40000000000003,23.1252,7.997957,20.022884,4.999832,0.0005453687,-0.03729553,23.2,8.0,15.0
476.5,23.126278,7.994257,21.188948,4.999832,0.0005453687,-0.03729553,23.2,8.0,15.0
476.6,23.12912,7.9991913,22.807806,4.9971833,0.0,0.04906003,23.2,8.0,15.0
476.70000000000005,23.133564,8.00412,23.79031,4.9971833,0.0,0.04906003,23.2,8.0,15.0
476.8,23.13743,8.008844,18.304499,0.58971834,0.0027,0.047015272,23.2,8.0,15.0
476.90000000000003,23.140512,8.013569,13.132828,0.58971834,0.0027,0.047015272,23.2,8.0,15.0
477.0,23.142859,8.018083,8.263917,0.58905166,0.0026963244,0.04491747,23.2,8.0,15.0
477.1,23.14451,8.022595,3.673457,0.58905166,0.0026963244,0.04491747,23.2,8.0,15.0
477.20000000000005,23.130194,8.017594,12.177599,5.0,0.0,-0.05,23.2,8.0,15.0
477.3,23.124233,8.0126,17.336075,5.0,0.0,-0.05,23.2,8.0,15.0
477.40000000000003,23.125103,8.01199,19.27276,2.7880948,0.0,-0.0062590274,23.2,8.0,15.0
477.5,23.12715,8.01138,20.73861,2.7880948,0.0,-0.0062590274,23.2,8.0,15.0
477.6,23.126677,8.010857,17.91037,4.7788095,0.0027,-0.0053456277,23.2,8.0,15.0
477.70000000000005,23.12352,8.010334,16.155582,4.7788095,0.0027,-0.0053456277,23.2,8.0,15.0
477.8,23.127523,8.015358,16.246536,0.1,0.0,0.05,23.2,8.0,15.0
477.90000000000003,23.13153,8.020382,16.336584,0.1,0.0,0.05,23.2,8.0,15.0
478.0,23.127361,8.025292,14.979724,4.4709744,0.002676107,0.049115073,23.2,8.0,15.0
478.1,23.121988,8.030197,14.109472,4.4709744,0.002676107,0.049115073,23.2,8.0,15.0
478.20000000000005,23.115875,8.035008,13.590836,4.470613,0.002652206,0.04822985,23.2,8.0,15.0
478.3,23.109314,8.039814,13.256331,4.470613,0.002652206,0.04822985,23.2,8.0,15.0
478.40000000000003,23.106821,8.035523,16.680592,3.3561926,0.0,-0.042831592,23.2,8.0,15.0
478.5,23.106762,8.031237,19.129185,3.3561926,0.0,-0.042831592,23.2,8.0,15.0
478.6,23.108437,8.026309,20.88081,3.3563511,0.0,-0.04928316,23.2,8.0,15.0
478.70000000000005,23.11135,8.021385,22.134426,3.3563511,0.0,-0.04928316,23.2,8.0,15.0
478.8,23.115215,8.025595,23.371662,5.0,0.0,0.04214488,23.2,8.0,15.0
478.90000000000003,23.120306,8.0297985,24.122742,5.0,0.0,0.04214488,23.2,8.0,15.0
479.0,23.124237,8.033649,18.690035,0.59,0.0026644045,0.03831178,23.2,8.0,15.0
479.1,23.12739,8.037499,13.5686035,0.59,0.0026644045,0.03831178,23.2,8.0,15.0
479.20000000000005,23.129807,8.041,8.674468,0.59,0.0026964406,0.03482243,23.2,8.0,15.0
479.3,23.131523,8.0445,4.060702,0.59,0.0026964406,0.03482243,23.2,8.0,15.0
479.40000000000003,23.117666,8.039473,12.403652,5.0,0.0,-0.05,23.2,8.0,15.0
479.5,23.112005,8.034451,17.464436,5.0,0.0,-0.05,23.2,8.0,15.0
479.6,23.112967,8.029452,19.382044,2.8172987,0.0,-0.05,23.2,8.0,15.0
479.70000000000005,23.115095,8.024458,20.829893,2.8172987,0.0,-0.05,23.2,8.0,15.0
479.8,23.114756,8.023445,17.962084,4.7817297,0.0027,-0.01008623,23.2,8.0,15.0
479.90000000000003,23.111692,8.022433,16.183413,4.7817297,0.0027,-0.01008623,23.2,8.0,15.0
480.0,23.112965,8.017807,17.770288,1.9165394,0.0,-0.046414062,23.2,8.0,15.0
480.1,23.114923,8.013183,19.081102,1.9165394,0.0,-0.046414062,23.2,8.0,15.0
480.20000000000005,23.113049,8.010341,16.780441,4.6155124,0.0027,-0.028523818,23.2,8.0,15.0
480.3,23.109043,8.007503,15.329718,4.6155124,0.0027,-0.028523818,23.2,8.0,15.0
480.40000000000003,23.10435,8.005753,14.468854,4.3154078,0.0025203598,-0.017668571,23.2,8.0,15.0
480.5,23.098902,8.0040045,13.908636,4.3154078,0.0025203598,-0.017668571,23.2,8.0,15.0
480.6,23.09321,8.00574,13.552767,4.2145486,0.0024598953,0.017163092,23.2,8.0,15.0
480.70000000000005,23.087223,8.007474,13.317377,4.2145486,0.0024598953,0.017163092,23.2,8.0,15.0
480.8,23.083317,8.007037,14.313654,3.505477,0.0014154966,-0.004547111,23.2,8.0,15.0
480.90000000000003,23.080149,8.0066,15.014679,3.505477,0.0014154966,-0.004547111,23.2,8.0,15.0
481.0,23.077501,8.006104,15.508086,3.5057142,0.0014154966,-0.0051512667,23.2,8.0,15.0
481.1,23.075218,8.005609,15.855152,3.5057142,0.0014154966,-0.0051512667,23.2,8.0,15.0
481.20000000000005,23.073193,8.005093,16.099377,3.5059202,0.0014154966,-0.0053516175,23.2,8.0,15.0
481.3,23.071348,8.004578,16.271051,3.5059202,0.0014154966,-0.0053516175,23.2,8.0,15.0
481.40000000000003,23.06963,8.00408,16.391794,3.506098,0.0014154966,-0.005182694,23.2,8.0,15.0
481.5,23.068,8.003583,16.476553,3.506098,0.0014154966,-0.005182694,23.2,8.0,15.0
481.6,23.066435,8.003137,16.53609,3.5062523,0.0014154966,-0.004680552,23.2,8.0,15.0
481.70000000000005,23.064913,8.00269,16.57776,3.5062523,0.0014154966,-0.004680552,23.2,8.0,15.0
481.8,23.063423,8.002322,16.606943,3.506385,0.0014154966,-0.003906963,23.2,8.0,15.0
481.90000000000003,23.061954,8.001954,16.627234,3.506385,0.0014154966,-0.003906963,23.2,8.0,15.0
482.0,23.06043,8.001766,16.639801,3.5502996,0.0014341108,-0.0021091928,23.2,8.0,15.0
482.1,23.058916,8.001578,16.648306,3.5502996,0.0014341108,-0.0021091928,23.2,8.0,15.0
482.20000000000005,23.05741,8.002062,16.65397,3.5503433,0.0014340898,0.0046053557,23.2,8.0,15.0
482.3,23.05591,8.002544,16.65752,3.5503433,0.0014340898,0.0046053557,23.2,8.0,15.0
482.40000000000003,23.054642,8.002974,16.529392,3.3717456,0.0014340898,0.0040727993,23.2,8.0,15.0
482.5,23.053284,8.003403,16.437574,3.3717456,0.0014340898,0.0040727993,23.2,8.0,15.0
482.6,23.051998,8.003758,16.29466,3.269744,0.0014341255,0.0033444748,23.2,8.0,15.0
482.70000000000005,23.050615,8.004114,16.191261,3.269744,0.0014341255,0.0033444748,23.2,8.0,15.0
482.8,23.04879,8.004388,15.253644,3.2697425,0.0019100254,0.0025321064,23.2,8.0,15.0
482.90000000000003,23.046312,8.004662,14.576995,3.2697425,0.0019100254,0.0025321064,23.2,8.0,15.0
483.0,23.044806,8.003742,14.194815,2.6259344,0.0015220682,-0.0094135925,23.2,8.0,15.0
483.1,23.043077,8.002823,13.90074,2.6259344,0.0015220682,-0.0094135925,23.2,8.0,15.0
483.20000000000005,23.047028,7.998392,14.013601,0.1,0.0,-0.044552777,23.2,8.0,15.0
483.3,23.05098,7.9939613,14.125396,0.1,0.0,-0.044552777,23.2,8.0,15.0
483.40000000000003,23.054934,7.9911075,14.236129,0.1,0.0,-0.028785447,23.2,8.0,15.0
483.5,23.05889,7.9882536,14.345807,0.1,0.0,-0.028785447,23.2,8.0,15.0
483.6,23.062849,7.9916396,14.454422,0.1,0.0,0.033611678,23.2,8.0,15.0
483.70000000000005,23.06681,7.995025,14.561965,0.1,0.0,0.033611678,23.2,8.0,15.0
483.8,23.070776,7.999385,14.668445,0.1,0.0,0.04335479,23.2,8.0,15.0
483.90000000000003,23.074743,8.003745,14.773869,0.1,0.0,0.04335479,23.2,8.0,15.0
484.0,23.078714,8.008703,14.878245,0.1,0.0,0.04933548,23.2,8.0,15.0
484.1,23.082687,8.01366,14.981584,0.1,0.0,0.04933548,23.2,8.0,15.0
484.20000000000005,23.078278,8.016058,14.146215,4.036335,0.00243,0.023885263,23.2,8.0,15.0
484.3,23.073185,8.018454,13.586539,4.036335,0.00243,0.023885263,23.2,8.0,15.0
484.40000000000003,23.06758,8.018174,13.239845,4.0657334,0.00243,-0.0028522566,23.2,8.0,15.0
484.5,23.06169,8.017895,13.007553,4.0657334,0.00243,-0.0028522566,23.2,8.0,15.0
484.6,23.055704,8.017022,12.867083,4.031461,0.0024012004,-0.008789259,23.2,8.0,15.0
484.70000000000005,23.049606,8.01615,12.771874,4.031461,0.0024012004,-0.008789259,23.2,8.0,15.0
484.8,23.043432,8.016022,12.706815,4.0314612,0.0024012004,-0.0013673716,23.2,8.0,15.0
484.90000000000003,23.03721,8.015893,12.661818,4.0314612,0.0024012004,-0.0013673716,23.2,8.0,15.0
485.0,23.030956,8.01638,12.630155,4.0314617,0.0024012004,0.004791013,23.2,8.0,15.0
485.1,23.024683,8.016867,12.607339,4.0314617,0.0024012004,0.004791013,23.2,8.0,15.0
485.20000000000005,23.018398,8.017857,12.590379,4.0314617,0.0024012004,0.009832636,23.2,8.0,15.0
485.3,23.012108,8.018846,12.577283,4.0314617,0.0024012004,0.009832636,23.2,8.0,15.0
485.40000000000003,23.007126,8.020143,12.581626,3.5288882,0.0020942457,0.012899526,23.2,8.0,15.0
485.5,23.002153,8.021439,12.583337,3.5288882,0.0020942457,0.012899526,23.2,8.0,15.0
485.6,23.006071,8.016462,12.708892,0.1,0.0,-0.05,23.2,8.0,15.0
485.70000000000005,23.009993,8.011486,12.833257,0.1,0.0,-0.05,23.2,8.0,15.0
485.8,23.013916,8.00651,12.956443,0.1,0.0,-0.05,23.2,8.0,15.0
485.90000000000003,23.017843,8.001534,13.078463,0.1,0.0,-0.05,23.2,8.0,15.0
486.0,23.021772,7.9983587,13.199322,0.1,0.0,-0.032000326,23.2,8.0,15.0
486.1,23.025705,7.995183,13.319026,0.1,0.0,-0.032000326,23.2,8.0,15.0
486.20000000000005,23.02964,7.9947453,13.43758,0.1,0.0,-0.0046219393,23.2,8.0,15.0
486.3,23.033577,7.9943075,13.554986,0.1,0.0,-0.0046219393,23.2,8.0,15.0
486.40000000000003,23.037518,7.9954176,13.671251,0.1,0.0,0.010857429,23.2,8.0,15.0
486.5,23.04146,7.9965277,13.786383,0.1,0.0,0.010857429,23.2,8.0,15.0
486.6,23.045406,7.9951,13.900398,0.1,0.0,-0.014520378,23.2,8.0,15.0
486.70000000000005,23.049355,7.9936724,14.013318,0.1,0.0,-0.014520378,23.2,8.0,15.0
486.8,23.053307,7.9972053,14.125137,0.1,0.0,0.035083383,23.2,8.0,15.0
486.90000000000003,23.05726,8.000738,14.235852,0.1,0.0,0.035083383,23.2,8.0,15.0
487.0,23.061218,8.003594,14.345476,0.1,0.0,0.028323269,23.2,8.0,15.0
487.1,23.065178,8.006451,14.454021,0.1,0.0,0.028323269,23.2,8.0,15.0
487.20000000000005,23.069141,8.008793,14.561501,0.1,0.0,0.023182204,23.2,8.0,15.0
487.3,23.073107,8.011135,14.667926,0.1,0.0,0.023182204,23.2,8.0,15.0
487.40000000000003,23.073692,8.013009,16.533861,1.9383142,0.0,0.018557392,23.2,8.0,15.0
487.5,23.0751,8.014882,18.070955,1.9383142,0.0,0.018557392,23.2,8.0,15.0
487.6,23.074982,8.011356,20.897093,4.999733,0.0,-0.035340663,23.2,8.0,15.0
487.70000000000005,23.07763,8.007834,22.613235,4.999733,0.0,-0.035340663,23.2,8.0,15.0
487.8,23.08196,8.012123,23.655514,5.0,0.0,0.042769045,23.2,8.0,15.0
487.90000000000003,23.087324,8.016407,24.288383,5.0,0.0,0.042769045,23.2,8.0,15.0
488.0,23.093307,8.0150385,24.673588,4.9965124,0.0,-0.013734495,23.2,8.0,15.0
488.1,23.099659,8.013672,24.90955,4.9965124,0.0,-0.013734495,23.2,8.0,15.0
488.20000000000005,23.104498,8.012293,24.958504,1.4221781,0.0,-0.013984491,23.2,8.0,15.0
488.3,23.10935,8.010915,25.001558,1.4221781,0.0,-0.013984491,23.2,8.0,15.0
488.40000000000003,23.114237,8.011673,25.04053,1.4673777,0.0,0.0073805526,23.2,8.0,15.0
488.5,23.119137,8.012431,25.074621,1.4673777,0.0,0.0073805526,23.2,8.0,15.0
488.6,23.123495,8.015633,22.136217,1.5177424,0.0015056463,0.03182792,23.2,8.0,15.0
488.70000000000005,23.126822,8.018833,19.611723,1.5177424,0.0015056463,0.03182792,23.2,8.0,15.0
488.8,23.129053,8.022033,16.378778,1.5187396,0.0020455343,0.03182792,23.2,8.0,15.0
488.90000000000003,23.130148,8.025231,13.601267,1.5187396,0.0020455343,0.03182792,23.2,8.0,15.0
489.0,23.134089,8.020255,13.717626,0.1,0.0,-0.05,23.2,8.0,15.0
489.1,23.138033,8.015279,13.832886,0.1,0.0,-0.05,23.2,8.0,15.0
489.20000000000005,23.141905,8.013827,8.238384,0.10097293,0.0027,-0.014750809,23.2,8.0,15.0
489.3,23.145636,8.012376,2.700125,0.10097293,0.0027,-0.014750809,23.2,8.0,15.0
489.40000000000003,23.130331,8.007388,11.58958,5.0,0.0,-0.05,23.2,8.0,15.0
489.5,23.123762,8.002406,16.981623,5.0,0.0,-0.05,23.2,8.0,15.0
489.6,23.12652,8.005709,17.765388,0.9894231,0.0,0.03278966,23.2,8.0,15.0
489.70000000000005,23.129463,8.00901,18.475334,0.9894231,0.0,0.03278966,23.2,8.0,15.0
489.8,23.129665,8.004026,21.160236,5.0,0.0,-0.05,23.2,8.0,15.0
489.90000000000003,23.13249,7.9990487,22.791048,5.0,0.0,-0.05,23.2,8.0,15.0
490.0,23.135721,7.9988923,20.786427,2.7150028,0.0013989779,-0.0018139957,23.2,8.0,15.0
490.1,23.137758,7.998736,19.258892,2.7150028,0.0013989779,-0.0018139957,23.2,8.0,15.0
490.20000000000005,23.138027,7.99858,15.673266,2.7150028,0.0027,-0.0018139957,23.2,8.0,15.0
490.3,23.136166,7.998424,12.939998,2.7150028,0.0027,-0.0018139957,23.2,8.0,15.0
490.40000000000003,23.13974,7.9957867,13.232686,0.23935355,0.0,-0.026617358,23.2,8.0,15.0
490.5,23.143332,7.9931498,13.518553,0.23935355,0.0,-0.026617358,23.2,8.0,15.0
490.6,23.146767,7.9920807,8.128224,0.24004146,0.0027,-0.0109407175,23.2,8.0,15.0
490.70000000000005,23.149881,7.9910116,2.865819,0.24004146,0.0027,-0.0109407175,23.2,8.0,15.0
490.8,23.134672,7.98605,11.6964245,5.0,0.0,-0.05,23.2,8.0,15.0
490.90000000000003,23.12814,7.981095,17.05277,5.0,0.0,-0.05,23.2,8.0,15.0
491.0,23.129189,7.9838724,14.322342,1.6630468,0.0020410854,0.027459554,23.2,8.0,15.0
491.1,23.129194,7.986649,12.010046,1.6630468,0.0020410854,0.027459554,23.2,8.0,15.0
491.20000000000005,23.133093,7.9816737,12.142461,0.1,0.0,-0.05,23.2,8.0,15.0
491.3,23.136995,7.9766984,12.273617,0.1,0.0,-0.05,23.2,8.0,15.0
491.40000000000003,23.1409,7.9762597,12.403513,0.1,0.0,-0.0046370164,23.2,8.0,15.0
491.5,23.144808,7.975821,12.532148,0.1,0.0,-0.0046370164,23.2,8.0,15.0
491.6,23.14872,7.980846,12.65952,0.1,0.0,0.05,23.2,8.0,15.0
491.70000000000005,23.152634,7.985871,12.785624,0.1,0.0,0.05,23.2,8.0,15.0
491.8,23.154705,7.9908977,13.8107395,0.8523645,0.0,0.05,23.2,8.0,15.0
491.90000000000003,23.156988,7.9959235,14.751986,0.8523645,0.0,0.05,23.2,8.0,15.0
492.0,23.159071,8.000653,11.967931,0.8527288,0.0017909026,0.04705083,23.2,8.0,15.0
492.1,23.160587,8.005383,9.411318,0.8527288,0.0017909026,0.04705083,23.2,8.0,15.0
492.20000000000005,23.15184,8.000403,15.668935,5.0,0.0,-0.05,23.2,8.0,15.0
492.3,23.149235,7.9954305,19.465536,5.0,0.0,-0.05,23.2,8.0,15.0
492.40000000000003,23.150349,7.9904637,21.770254,5.0,0.0,-0.05,23.2,8.0,15.0
492.5,23.153711,7.985503,23.17058,5.0,0.0,-0.05,23.2,8.0,15.0
492.6,23.157852,7.9902754,20.373886,0.10177645,0.0013328964,0.04747404,23.2,8.0,15.0
492.70000000000005,23.161922,7.9950476,17.605515,0.10177645,0.0013328964,0.04747404,23.2,8.0,15.0
492.8,23.165901,7.998744,12.931199,0.100177646,0.0022467042,0.036718287,23.2,8.0,15.0
492.90000000000003,23.169764,8.00244,8.303483,0.100177646,0.0022467042,0.036718287,23.2,8.0,15.0
493.0,23.15991,7.9974647,14.99994,5.0,0.0,-0.05,23.2,8.0,15.0
493.1,23.156631,7.992495,19.062565,5.0,0.0,-0.05,23.2,8.0,15.0
493.20000000000005,23.160627,7.997475,12.780451,0.1,0.003,0.04955547,23.2,8.0,15.0
493.3,23.164467,8.002455,6.5608444,0.1,0.003,0.04955547,23.2,8.0,15.0
493.40000000000003,23.152906,7.997479,13.940696,5.0,0.0,-0.05,23.2,8.0,15.0
493.5,23.148594,7.9925094,18.417599,5.0,0.0,-0.05,23.2,8.0,15.0
493.6,23.149393,7.997536,13.8025,1.8961866,0.003,0.05,23.2,8.0,15.0
493.70000000000005,23.148205,8.002561,9.983983,1.8961866,0.003,0.05,23.2,8.0,15.0
493.8,23.140026,7.997585,16.013523,5.0,0.0,-0.05,23.2,8.0,15.0
493.90000000000003,23.137764,7.992615,19.671862,5.0,0.0,-0.05,23.2,8.0,15.0
494.0,23.139084,7.987652,21.892763,5.0,0.0,-0.05,23.2,8.0,15.0
494.1,23.14257,7.9826946,23.242277,5.0,0.0,-0.05,23.2,8.0,15.0
494.20000000000005,23.147364,7.9777436,24.063547,5.0,0.0,-0.05,23.2,8.0,15.0
494.3,23.152945,7.972799,24.564589,5.0,0.0,-0.05,23.2,8.0,15.0
494.40000000000003,23.157429,7.9778285,24.630993,0.89384,0.0,0.05,23.2,8.0,15.0
494.5,23.16193,7.982857,24.69175,0.89384,0.0,0.05,23.2,8.0,15.0
494.6,23.166735,7.9871945,22.917213,4.736263,0.0011936814,0.042952497,23.2,8.0,15.0
494.70000000000005,23.169874,7.9915266,21.811916,4.736263,0.0011936814,0.042952497,23.2,8.0,15.0
494.8,23.170212,7.988302,18.372803,4.735884,0.0028193682,-0.03260736,23.2,8.0,15.0
494.90000000000003,23.1673,7.9850817,16.230705,4.735884,0.0028193682,-0.03260736,23.2,8.0,15.0
495.0,23.161795,7.98855,14.798537,5.0,0.003,0.03427447,23.2,8.0,15.0
495.1,23.1549,7.992014,13.926856,5.0,0.003,0.03427447,23.2,8.0,15.0
495.20000000000005,23.147156,7.9886637,13.395821,5.0,0.003,-0.03386755,23.2,8.0,15.0
495.3,23.138887,7.9853177,13.072019,5.0,0.003,-0.03386755,23.2,8.0,15.0
495.40000000000003,23.135294,7.985445,17.014673,3.885179,0.0,0.00088571344,23.2,8.0,15.0
495.5,23.134874,7.985572,19.687849,3.885179,0.0,0.00088571344,23.2,8.0,15.0
495.6,23.136606,7.9870863,21.500689,3.885315,0.0,0.0147688445,23.2,8.0,15.0
495.70000000000005,23.1398,7.9885993,22.73034,3.885315,0.0,0.0147688445,23.2,8.0,15.0
495.8,23.143963,7.9842806,22.760881,0.11843199,0.0,-0.043433752,23.2,8.0,15.0
495.90000000000003,23.148127,7.979962,22.791132,0.11843199,0.0,-0.043433752,23.2,8.0,15.0
496.0,23.15222,7.976914,17.107424,0.10190026,0.0027,-0.030729502,23.2,8.0,15.0
496.1,23.156168,7.973866,11.481388,0.10190026,0.0027,-0.030729502,23.2,8.0,15.0
496.20000000000005,23.160053,7.9757566,11.61932,0.1,0.0,0.018655058,23.2,8.0,15.0
496.3,23.16394,7.9776473,11.7558975,0.1,0.0,0.018655058,23.2,8.0,15.0
496.40000000000003,23.167831,7.9818053,11.891127,0.1,0.0,0.041333623,23.2,8.0,15.0
496.5,23.171726,7.9859633,12.025015,0.1,0.0,0.041333623,23.2,8.0,15.0
496.6,23.175617,7.988024,12.160998,0.10259099,0.0,0.020361355,23.2,8.0,15.0
496.70000000000005,23.179512,7.990085,12.295611,0.10259099,0.0,0.020361355,23.2,8.0,15.0
496.8,23.181322,7.991318,7.306194,0.7046283,0.0028639855,0.012069723,23.2,8.0,15.0
496.90000000000003,23.182283,7.992551,2.6562643,0.7046283,0.0028639855,0.012069723,23.2,8.0,15.0
497.0,23.16684,7.9875875,11.578425,5.0,0.0,-0.05,23.2,8.0,15.0
497.1,23.160162,7.9826303,16.990273,5.0,0.0,-0.05,23.2,8.0,15.0
497.20000000000005,23.155403,7.985433,15.258109,5.0,0.003,0.027583528,23.2,8.0,15.0
497.3,23.148956,7.988232,14.204724,5.0,0.003,0.027583528,23.2,8.0,15.0
497.40000000000003,23.146343,7.9891925,17.74545,3.8331866,0.0,0.009251736,23.2,8.0,15.0
497.5,23.146551,7.990152,20.158596,3.8331866,0.0,0.009251736,23.2,8.0,15.0
497.6,23.150574,7.9951763,13.865515,0.1,0.003,0.05,23.2,8.0,15.0
497.70000000000005,23.15444,8.0002,7.635051,0.1,0.003,0.05,23.2,8.0,15.0
497.8,23.143938,7.9952273,14.590251,5.0,0.0,-0.05,23.2,8.0,15.0
497.90000000000003,23.140266,7.9902606,18.809727,5.0,0.0,-0.05,23.2,8.0,15.0
498.0,23.144268,7.9947605,13.78976,0.10168374,0.002405047,0.044753272,23.2,8.0,15.0
498.1,23.148144,7.9992604,8.820581,0.10168374,0.002405047,0.044753272,23.2,8.0,15.0
498.20000000000005,23.138811,7.994289,15.308165,5.0,0.0,-0.05,23.2,8.0,15.0
498.3,23.135847,7.9893236,19.24417,5.0,0.0,-0.05,23.2,8.0,15.0
498.40000000000003,23.13674,7.9843645,21.633389,5.0,0.0,-0.05,23.2,8.0,15.0
498.5,23.139963,7.9794116,23.084934,5.0,0.0,-0.05,23.2,8.0,15.0
498.6,23.144135,7.984341,22.969229,0.1019679,6.547535e-05,0.04904676,23.2,8.0,15.0
498.70000000000005,23.148304,7.9892707,22.854698,0.1019679,6.547535e-05,0.04904676,23.2,8.0,15.0
498.8,23.152426,7.9933662,19.155704,0.10170723,0.0017610562,0.040707763,23.2,8.0,15.0
498.90000000000003,23.156454,7.9974613,15.494148,0.10170723,0.0017610562,0.040707763,23.2,8.0,15.0
499.0,23.150282,8.002485,14.342536,4.996801,0.003,0.05,23.2,8.0,15.0
499.1,23.143,8.0075035,13.640352,4.996801,0.003,0.05,23.2,8.0,15.0
499.20000000000005,23.135046,8.012515,13.213405,4.99968,0.003,0.05,23.2,8.0,15.0
499.3,23.126696,8.017521,12.950741,4.99968,0.003,0.05,23.2,8.0,15.0
499.40000000000003,23.121668,8.0125265,17.708351,4.8721175,0.0,-0.05,23.2,8.0,15.0
499.5,23.121212,8.007539,20.632608,4.8721175,0.0,-0.05,23.2,8.0,15.0
499.6,23.123537,8.002557,22.467491,5.0,0.0,-0.05,23.2,8.0,15.0
499.70000000000005,23.127647,7.997581,23.583015,5.0,0.0,-0.05,23.2,8.0,15.0
499.8,23.131285,7.996885,21.052855,2.4764285,0.0015450438,-0.0072238436,23.2,8.0,15.0
499.90000000000003,23.133532,7.996189,19.07826,2.4764285,0.0015450438,-0.0072238436,23.2,8.0,15.0
