Time,Tt_actual,wt_actual,Ts_actual,fa_dot,fw_dot,u3,Tt_ref,wt_ref,Ts_ref
0.0,24.0,8.0,18.0,0.0,0.0,0.0,24.0,8.0,15.0
0.1,24.0011,8.000225,17.516607,2.0,0.001,0.002,24.003199991466673,7.998000002083333,15.0
0.2,24.002031,8.00045,17.12095,2.0,0.001,0.002,24.00639993173355,7.996000016666645,15.0
0.30000000000000004,24.002832,8.000675,16.797106,2.0,0.001,0.002,24.00959976960166,7.994000056249842,15.0
0.4,24.003536,8.0009,16.53204,2.0,0.001,0.002,24.012799453873658,7.992000133332667,15.0
0.5,24.004168,8.001126,16.315088,2.0,0.001,0.002,24.015998933354666,7.990000260414632,15.0
0.6000000000000001,24.004747,8.001352,16.13752,2.0,0.001,0.002,24.019198156853083,7.988000449994938,15.0
0.7000000000000001,24.005293,8.001578,15.99219,2.0,0.001,0.002,24.022397073181402,7.986000714572391,15.0
0.8,24.005817,8.001804,15.873252,2.0,0.001,0.002,24.025595631157024,7.984001066645334,15.0
0.9,24.006332,8.002031,15.775919,2.0,0.001,0.002,24.028793779603095,7.982001518711557,15.0
1.0,24.006845,8.002258,15.696275,2.0,0.001,0.002,24.031991467349307,7.98000208326823,15.0
1.1,24.007362,8.002485,15.631112,2.0,0.001,0.002,24.035188643232726,7.978002772811817,15.0
1.2000000000000002,24.007889,8.002712,15.577807,2.0,0.001,0.002,24.0383852560986,7.976003599838004,15.0
1.3,24.008429,8.002939,15.534213,2.0,0.001,0.002,24.041581254801198,7.974004576841613,15.0
1.4000000000000001,24.008982,8.003166,15.49857,2.0,0.001,0.002,24.044776588204606,7.972005716316531,15.0
1.5,24.009552,8.003393,15.46944,2.0,0.001,0.002,24.047971205183554,7.970007030755632,15.0
1.6,24.01014,8.00362,15.445645,2.0,0.001,0.002,24.051165054624246,7.968008532650693,15.0
1.7000000000000002,24.010744,8.003847,15.426219,2.0,0.001,0.002,24.054358085425157,7.9660102344923205,15.0
1.8,24.015442,7.998876,15.531121,0.1,0.0,-0.05,24.057550246497858,7.964012148769871,15.0
1.9000000000000001,24.020164,7.9939055,15.635045,0.1,0.0,-0.05,24.060741486767846,7.9620142879713764,15.0
2.0,24.017721,7.9889445,18.888895,4.4466243,0.00026695913,-0.05,24.06393175517534,7.960016664583457,15.0
2.1,24.018202,7.983989,20.976048,4.4466243,0.00026695913,-0.05,24.067121000676114,7.958019291091254,15.0
2.2,24.020674,7.9865603,22.945028,5.0,0.0,0.025239525,24.070309172242307,7.956022179978346,15.0
2.3000000000000003,24.025097,7.9891286,24.14021,5.0,0.0,0.025239525,24.073496218863248,7.954025343726669,15.0
2.4000000000000004,24.030693,7.9841743,24.867277,5.0,0.0,-0.05,24.076682089546253,7.952028794816444,15.0
2.5,24.03699,7.979226,25.311382,5.0,0.0,-0.05,24.079866733317463,7.950032545726096,15.0
2.6,24.043713,7.9811873,25.583065,5.0,0.0,0.019081002,24.083050099222643,7.948036608932174,15.0
2.7,24.050703,7.983146,25.74948,5.0,0.0,0.019081002,24.086232136328007,7.946040996909277,15.0
2.8000000000000003,24.05784,7.9781985,25.852966,5.0,0.0,-0.05,24.089412793721028,7.944045722129974,15.0
2.9000000000000004,24.065052,7.9732566,25.919044,5.0,0.0,-0.05,24.09259202051126,7.942050797064725,15.0
3.0,24.07231,7.977315,25.961285,5.0,0.0,0.04,24.095769765831136,7.940056234181806,15.0
3.1,24.079601,7.981368,25.988104,5.0,0.0,0.04,24.098945978836802,7.938062045947229,15.0
3.2,24.086905,7.98242,26.005959,5.0,0.0,0.010024633,24.10212060870892,7.9360682448246616,15.0
3.3000000000000003,24.094202,7.9834704,26.018698,5.0,0.0,0.010024633,24.105293604653475,7.934074843275357,15.0
3.4000000000000004,24.101486,7.984346,26.02835,4.998831,0.0,0.00828786,24.1084649159026,7.932081853758067,15.0
3.5,24.108751,7.9852195,26.036148,4.998831,0.0,0.00828786,24.11163449171539,7.93008928872897,15.0
3.6,24.114676,7.985977,24.102253,4.999441,0.0011608208,0.007140204,24.11480228137869,7.928097160641591,15.0
3.7,24.118668,7.9867334,22.92999,4.999441,0.0011608208,0.007140204,24.11796823420794,7.926105481946724,15.0
3.8000000000000003,24.123455,7.9817586,22.961138,0.1,0.0,-0.05,24.121132299547956,7.924114265092354,15.0
3.9000000000000004,24.12821,7.9767838,22.99204,0.1,0.0,-0.05,24.124294426773766,7.922123522523581,15.0
4.0,24.131903,7.971819,20.51024,1.704409,0.0015170928,-0.05,24.127454565291398,7.920133266682537,15.0
4.1000000000000005,24.13458,7.9668555,18.418192,1.704409,0.0015170928,-0.05,24.130612664538702,7.918143510008318,15.0
4.2,24.139029,7.9618797,12.149972,0.1,0.003,-0.05,24.133768673986165,7.916154264936894,15.0
4.3,24.14328,7.9569035,5.9441843,0.1,0.003,-0.05,24.136922543137693,7.914165543901041,15.0
4.4,24.130363,7.951983,13.865703,5.0,0.0,-0.05,24.140074221531453,7.9121773593302605,15.0
4.5,24.125185,7.947068,18.670946,5.0,0.0,-0.05,24.14322365874066,7.9101897236506975,15.0
4.6000000000000005,24.12127,7.942159,16.572025,5.0,0.003,-0.05,24.14637080437438,7.9082026492850686,15.0
4.7,24.115234,7.937256,15.298097,5.0,0.003,-0.05,24.149515608078353,7.906216148652584,15.0
4.800000000000001,24.107903,7.9399204,14.523295,5.0,0.003,0.02566732,24.152658019535785,7.904230234168865,15.0
4.9,24.099777,7.9425817,14.0502405,5.0,0.003,0.02566732,24.155797988468162,7.90224491824587,15.0
5.0,24.091154,7.944958,13.760131,5.0,0.003,0.022855693,24.15893546463605,7.900260213291818,15.0
5.1000000000000005,24.082212,7.9473314,13.580943,5.0,0.003,0.022855693,24.16207039783989,7.898276131711108,15.0
5.2,24.07306,7.9495435,13.469005,5.0,0.003,0.021275518,24.165202737920826,7.896292685904244,15.0
5.300000000000001,24.063763,7.9517527,13.397838,5.0,0.003,0.021275518,24.168332434761478,7.894309888267755,15.0
5.4,24.056074,7.9529986,13.432827,4.382909,0.0025852553,0.011740919,24.171459438286764,7.892327751194121,15.0
5.5,24.048378,7.954243,13.453093,4.382909,0.0025852553,0.011740919,24.174583698464694,7.890346287071692,15.0
5.6000000000000005,24.041903,7.9547825,14.273455,4.08297,0.0019440532,0.0047338693,24.177705165307177,7.888365508284611,15.0
5.7,24.036072,7.9553213,14.8172455,4.08297,0.0019440532,0.0047338693,24.180823788870804,7.88638542721274,15.0
5.800000000000001,24.030676,7.955403,15.216826,4.0829687,0.0019214137,0.00016360784,24.183939519257667,7.884406056231579,15.0
5.9,24.025572,7.9554844,15.481166,4.0829687,0.0019214137,0.00016360784,24.187052306616145,7.88242740771219,15.0
6.0,24.024214,7.9552817,13.854444,2.177921,0.0019301752,-0.0024631657,24.19016210114171,7.8804494940211205,15.0
6.1000000000000005,24.022015,7.9550796,12.545835,2.177921,0.0019301752,-0.0024631657,24.193268853077708,7.878472327520324,15.0
6.2,24.025452,7.9501004,12.679768,0.1,0.0,-0.05,24.196372512716184,7.876495920567085,15.0
6.300000000000001,24.028849,7.9451213,12.812424,0.1,0.0,-0.05,24.199473030398647,7.874520285513941,15.0
6.4,24.03221,7.9401426,12.943814,0.1,0.0,-0.05,24.202570356516876,7.872545434708603,15.0
6.5,24.035534,7.9351645,13.073953,0.1,0.0,-0.05,24.205664441513726,7.8705713804938835,15.0
6.6000000000000005,24.038826,7.9301863,13.20285,0.1,0.0,-0.05,24.208755235883896,7.868598135207615,15.0
6.7,24.042086,7.9252086,13.33052,0.1,0.0,-0.05,24.211842690174745,7.866625711182574,15.0
6.800000000000001,24.045317,7.9202313,13.456973,0.1,0.0,-0.05,24.214926754987072,7.864654120746403,15.0
6.9,24.048521,7.9152546,13.582222,0.1,0.0,-0.05,24.218007380975905,7.862683376221537,15.0
7.0,24.0517,7.910278,13.706278,0.1,0.0,-0.05,24.221084518851292,7.860713489925123,15.0
7.1000000000000005,24.05486,7.9053016,13.829152,0.1,0.0,-0.05,24.224158119379094,7.858744474168944,15.0
7.2,24.057999,7.900326,13.950857,0.1,0.0,-0.05,24.227228133381768,7.856776341259341,15.0
7.300000000000001,24.061121,7.8953505,14.071404,0.1,0.0,-0.05,24.230294511739153,7.854809103497138,15.0
7.4,24.06423,7.897308,14.190784,0.1,0.0,0.019323003,24.233357205389268,7.852842773177567,15.0
7.5,24.06733,7.899266,14.308989,0.1,0.0,0.019323003,24.23641616532907,7.850877362590184,15.0
7.6000000000000005,24.070421,7.8994927,14.426033,0.1,0.0,0.0020115627,24.239471342615275,7.8489128840188,15.0
7.7,24.07351,7.89972,14.541934,0.1,0.0,0.0020115627,24.242522688365103,7.846949349741398,15.0
7.800000000000001,24.076595,7.8986783,14.656708,0.1,0.0,-0.01068588,24.245570153757093,7.844986772030063,15.0
7.9,24.079683,7.897637,14.770369,0.1,0.0,-0.01068588,24.248613690031863,7.843025163150897,15.0
8.0,24.078608,7.8959856,16.896418,2.0821648,0.0,-0.017297234,24.251653248492893,7.841064535363951,15.0
8.1,24.078533,7.8943357,18.622952,2.0821648,0.0,-0.017297234,24.25468878050732,7.839104900923141,15.0
8.200000000000001,24.07883,7.8924117,20.276827,2.5065238,0.0,-0.020163465,24.25772023750669,7.837146272076177,15.0
8.3,24.080053,7.8904896,21.564428,2.5065238,0.0,-0.020163465,24.260747570987757,7.835188661064483,15.0
8.4,24.081135,7.885656,23.343075,5.0,0.0,-0.05,24.26377073251325,7.83323208012312,15.0
8.5,24.083965,7.8808284,24.424068,5.0,0.0,-0.05,24.26678967371265,7.8312765414807135,15.0
8.6,24.087868,7.8809857,25.081505,5.0,0.0,-0.00018531419,24.269804346282964,7.8293220573593745,15.0
8.700000000000001,24.092436,7.881143,25.481646,5.0,0.0,-0.00018531419,24.272814701989493,7.82736863997462,15.0
8.8,24.097418,7.881299,25.725822,5.0,0.0,-0.00020439176,24.27582069266661,7.825416301535305,15.0
8.9,24.102663,7.881455,25.87546,5.0,0.0,-0.00020439176,24.27882227021853,7.8234650542435356,15.0
9.0,24.10808,7.8816185,25.967794,5.0,0.0,-0.00012823692,24.28181938662007,7.821514910294604,15.0
9.1,24.113615,7.881782,26.025398,5.0,0.0,-0.00012823692,24.28481199391744,7.819565881876901,15.0
9.200000000000001,24.119236,7.881938,26.06196,5.0,0.0,-0.00020582315,24.287800044228984,7.817617981171849,15.0
9.3,24.124926,7.882094,26.085777,5.0,0.0,-0.00020582315,24.29078348974596,7.8156712203538214,15.0
9.4,24.130672,7.8822412,26.101881,5.0,0.0,-0.00028972919,24.2937622827333,7.813725611590066,15.0
9.5,24.13647,7.8823886,26.113321,5.0,0.0,-0.00028972919,24.296736375530386,7.811781167040633,15.0
9.600000000000001,24.142317,7.882525,26.121946,5.0,0.0,-0.00039591308,24.299705720551792,7.809837898858293,15.0
9.700000000000001,24.14821,7.8826613,26.12888,5.0,0.0,-0.00039591308,24.302670270288065,7.807895819188465,15.0
9.8,24.154152,7.8827944,26.1348,5.0,0.0,-0.0004265929,24.30562997730647,7.805954940169142,15.0
9.9,24.160141,7.8829274,26.140121,5.0,0.0,-0.0004265929,24.308584794251757,7.804015273930812,15.0
10.0,24.166178,7.8830686,26.145092,5.0,0.0,-0.0003408321,24.31153467384692,7.802076832596382,15.0
10.100000000000001,24.172262,7.8832097,26.149862,5.0,0.0,-0.0003408321,24.314479568893947,7.800139628281103,15.0
10.200000000000001,24.178055,7.883383,25.652632,5.0,0.00030023104,-1.842061e-05,24.317419432274583,7.798203673092497,15.0
10.3,24.183405,7.8835554,25.352516,5.0,0.00030023104,-1.842061e-05,24.32035421695107,7.796268979130278,15.0
10.4,24.188496,7.8840957,25.157001,5.0,0.00030912049,0.003663167,24.323283875966922,7.794335558486276,15.0
10.5,24.193441,7.884635,25.039717,5.0,0.00030912049,0.003663167,24.326208362447655,7.792403423244363,15.0
10.600000000000001,24.198606,7.885135,25.390642,5.0,5.7417226e-05,0.0032807963,24.32912762960155,7.79047258548038,15.0
10.700000000000001,24.204163,7.8856344,25.605047,5.0,5.7417226e-05,0.0032807963,24.33204163072039,7.788543057262056,15.0
10.8,24.209986,7.885252,25.752453,5.0,4.8065038e-05,-0.005533597,24.334950319180223,7.786614850648935,15.0
10.9,24.215996,7.88487,25.843735,5.0,4.8065038e-05,-0.005533597,24.337853648442096,7.784687977692303,15.0
11.0,24.222185,7.880044,25.981924,5.0,0.0,-0.05,24.3407515720528,7.78276245043511,15.0
11.100000000000001,24.228539,7.8752236,26.068766,5.0,0.0,-0.05,24.34364404364562,7.780838280911894,15.0
11.200000000000001,24.235004,7.870409,26.124487,5.0,0.0,-0.05,24.346531016941075,7.778915481148709,15.0
11.3,24.24155,7.8656,26.161354,5.0,0.0,-0.05,24.34941244574765,7.776994063163047,15.0
11.4,24.248158,7.8613524,26.186726,5.0,0.0,-0.044442125,24.352288283962547,7.775074038963765,15.0
11.5,24.254812,7.8571095,26.20508,5.0,0.0,-0.044442125,24.355158485572417,7.7731554205510065,15.0
11.600000000000001,24.261507,7.853247,26.219137,5.0,0.0,-0.040682655,24.358023004654093,7.771238219916132,15.0
11.700000000000001,24.268238,7.8493896,26.230558,5.0,0.0,-0.040682655,24.360881795375334,7.7693224490416375,15.0
11.8,24.275007,7.850598,26.23974,5.0,0.0,0.009967265,24.363734811995545,7.767408119901086,15.0
11.9,24.281816,7.8518043,26.24703,5.0,0.0,0.009967265,24.366582008866526,7.765495244459028,15.0
12.0,24.288654,7.847016,26.25395,5.0,0.0,-0.05,24.369423340433187,7.7635838346709285,15.0
12.100000000000001,24.295507,7.842233,26.261297,5.0,0.0,-0.05,24.37225876123428,7.761673902483093,15.0
12.200000000000001,24.302374,7.837456,26.268906,5.0,0.0,-0.05,24.375088225903134,7.7597654598325905,15.0
12.3,24.309252,7.832685,26.276676,5.0,0.0,-0.05,24.37791168916838,7.757858518647183,15.0
12.4,24.31614,7.827919,26.284546,5.0,0.0,-0.05,24.380729105854655,7.755953090845245,15.0
12.5,24.323032,7.8231587,26.292477,5.0,0.0,-0.05,24.38354043088336,7.754049188335696,15.0
12.600000000000001,24.32993,7.818404,26.300444,5.0,0.0,-0.05,24.386345619273357,7.752146823017918,15.0
12.700000000000001,24.336826,7.8136554,26.308434,5.0,0.0,-0.05,24.389144626141686,7.75024600678169,15.0
12.8,24.343721,7.8089123,26.316435,5.0,0.0,-0.05,24.391937406704297,7.748346751507106,15.0
12.9,24.35061,7.8041744,26.32444,5.0,0.0,-0.05,24.394723916276764,7.746449069064506,15.0
13.0,24.357496,7.8021874,26.332094,5.0,0.0,-0.02253281,24.39750411027499,7.744552971314399,15.0
13.100000000000001,24.364378,7.800203,26.339237,5.0,0.0,-0.02253281,24.400277944215933,7.74265847010739,15.0
13.200000000000001,24.371252,7.7985854,26.346022,5.0,0.0,-0.018882835,24.403045373718307,7.7407655772841055,15.0
13.3,24.378117,7.79697,26.352545,5.0,0.0,-0.018882835,24.405806354503298,7.738874304675119,15.0
13.4,24.384964,7.7922463,26.359304,5.0,0.0,-0.05,24.408560842395275,7.736984664100877,15.0
13.5,24.391787,7.7875285,26.366535,5.0,0.0,-0.05,24.41130879332249,7.7350966673716295,15.0
13.600000000000001,24.39858,7.7828164,26.374043,5.0,0.0,-0.049999997,24.414050163317786,7.733210326287349,15.0
13.700000000000001,24.405344,7.7781105,26.381708,5.0,0.0,-0.049999997,24.416784908519304,7.7313256526376595,15.0
13.8,24.412075,7.7734103,26.389458,5.0,0.0,-0.049999997,24.419512985171174,7.729442658201767,15.0
13.9,24.41877,7.768716,26.397247,5.0,0.0,-0.049999997,24.422234349624233,7.72756135474838,15.0
14.0,24.425426,7.7640276,26.405048,5.0,0.0,-0.04999922,24.424948958336707,7.725681754035639,15.0
14.100000000000001,24.432041,7.759345,26.412844,5.0,0.0,-0.04999922,24.42765676787491,7.723803867811042,15.0
14.200000000000001,24.438612,7.7546687,26.420622,5.0,0.0,-0.04999922,24.430357734913954,7.721927707811372,15.0
14.3,24.445137,7.7499986,26.428375,5.0,0.0,-0.04999922,24.433051816238418,7.720053285762624,15.0
14.4,24.451614,7.7453346,26.436096,5.0,0.0,-0.049994513,24.43573896874306,7.7181806133799284,15.0
14.5,24.45804,7.740677,26.443785,5.0,0.0,-0.049994513,24.4384191494335,7.716309702367481,15.0
14.600000000000001,24.464417,7.7373238,26.451267,5.0,0.0,-0.036998373,24.4410923154269,7.714440564418471,15.0
14.700000000000001,24.470741,7.7339754,26.458471,5.0,0.0,-0.036998373,24.443758423952662,7.712573211215004,15.0
14.8,24.476986,7.7319946,26.465216,4.9128604,0.0,-0.023297718,24.446417432353112,7.71070765442803,15.0
14.9,24.483181,7.7300167,26.471613,4.9128604,0.0,-0.023297718,24.449069298084165,7.708843905717275,15.0
15.0,24.489243,7.729178,26.477379,4.6590366,0.0,-0.011753729,24.45171397871603,7.706981976731162,15.0
15.100000000000001,24.495253,7.7283406,26.48287,4.6590366,0.0,-0.011753729,24.45435143193387,7.70512187910674,15.0
15.200000000000001,24.501043,7.7274714,26.487677,4.1451,0.0,-0.011736118,24.456981615538492,7.7032636244696135,15.0
15.3,24.50678,7.7266035,26.492496,4.1451,0.0,-0.011736118,24.459604487447017,7.7014072244338685,15.0
15.4,24.510988,7.7229443,23.476135,1.9552541,0.0015637956,-0.03816924,24.462220005693545,7.699552690601999,15.0
15.5,24.5138,7.7192874,20.996317,1.9552541,0.0015637956,-0.03816924,24.464828128429843,7.697700034564835,15.0
15.600000000000001,24.517004,7.7143517,15.10462,0.5704835,0.003,-0.05,24.467428813926006,7.695849267901471,15.0
15.700000000000001,24.519339,7.709417,9.539906,0.5704835,0.003,-0.05,24.470022020571115,7.694000402179192,15.0
15.8,24.508368,7.7048078,16.217094,5.0,0.0,-0.05,24.47260770687392,7.692153448953404,15.0
15.9,24.503904,7.700205,20.267601,5.0,0.0,-0.05,24.4751858314635,7.6903084197675575,15.0
16.0,24.507727,7.700826,13.985309,0.1,0.003,0.005883805,24.477756353089912,7.6884653261530795,15.0
16.1,24.511343,7.701448,7.76555,0.1,0.003,0.005883805,24.48031923062487,7.686624179629299,15.0
16.2,24.498411,7.6968503,15.13965,5.0,0.0,-0.05,24.482874423062384,7.684784991703376,15.0
16.3,24.492676,7.692259,19.61256,5.0,0.0,-0.05,24.48542188951943,7.682947773870228,15.0
16.400000000000002,24.49631,7.688007,15.371386,0.1,0.002037927,-0.042864993,24.487961589236598,7.681112537612462,15.0
16.5,24.49979,7.6837554,11.172462,0.1,0.002037927,-0.042864993,24.490493481578746,7.679279294400297,15.0
16.6,24.5031,7.687862,5.184185,0.1,0.0029037928,0.0407135,24.493017526035658,7.677448055691499,15.0
16.7,24.506216,7.691969,-0.74450874,0.1,0.0029037928,0.0407135,24.495533682222668,7.675618832931302,15.0
16.8,24.484627,7.687385,9.975216,5.0,0.0,-0.05,24.498041909881334,7.673791637552344,15.0
16.900000000000002,24.473537,7.682807,16.476171,5.0,0.0,-0.05,24.500542168880067,7.671966480974589,15.0
17.0,24.469671,7.682779,19.985588,4.309287,0.0,-0.0039849724,24.503034419214774,7.67014337460526,15.0
17.1,24.468843,7.6827507,22.266232,4.309287,0.0,-0.0039849724,24.505518621009507,7.668322329838766,15.0
17.2,24.469908,7.6823087,23.631342,4.309543,6.809979e-05,-0.008128033,24.50799473451709,7.666503358056631,15.0
17.3,24.472134,7.6818676,24.519217,4.309543,6.809979e-05,-0.008128033,24.510462720119754,7.664686470627423,15.0
17.400000000000002,24.47274,7.6812606,21.008251,4.309756,0.00243681,-0.009790971,24.51292253832979,7.662871678906681,15.0
17.5,24.470247,7.6806545,18.725975,4.309756,0.00243681,-0.009790971,24.51537414979015,7.66105899423685,15.0
17.6,24.465734,7.6788797,17.241941,4.309931,0.00243681,-0.021492954,24.517817515275112,7.6592484279472,15.0
17.7,24.459904,7.677107,16.276339,4.309931,0.00243681,-0.021492954,24.520252595690877,7.657439991353767,15.0
17.8,24.45321,7.6742425,15.6476755,4.310074,0.00243681,-0.032429352,24.52267935207621,7.655633695759273,15.0
17.900000000000002,24.445953,7.6713815,15.237823,4.310074,0.00243681,-0.032429352,24.52509774560306,7.653829552453059,15.0
18.0,24.438326,7.668772,14.970151,4.3101907,0.0024368095,-0.02993996,24.527507737577178,7.652027572711016,15.0
18.1,24.430456,7.6661654,14.794683,4.3101907,0.0024368095,-0.02993996,24.529909289438752,7.65022776779551,15.0
18.2,24.422586,7.6638627,14.681847,4.250509,0.0024022115,-0.026872568,24.532302362762998,7.648430148955318,15.0
18.3,24.41462,7.6615624,14.606489,4.250509,0.0024022115,-0.026872568,24.534686919260796,7.646634727425549,15.0
18.400000000000002,24.40659,7.659406,14.5556755,4.2505856,0.0024022115,-0.025453875,24.537062920779295,7.6448415144275845,15.0
18.5,24.398521,7.6572523,14.520809,4.2505856,0.0024022115,-0.025453875,24.539430329302515,7.643050521168998,15.0
18.6,24.390434,7.6552114,14.496408,4.250647,0.0024022115,-0.024341647,24.541789106951978,7.641261758843492,15.0
18.7,24.382338,7.6531725,14.478778,4.250647,0.0024022115,-0.024341647,24.544139215987286,7.639475238630826,15.0
18.8,24.385426,7.6510663,14.5979595,0.1,0.0,-0.021424543,24.546480618806743,7.637690971696745,15.0
18.900000000000002,24.388533,7.6489596,14.715991,0.1,0.0,-0.021424543,24.548813277947964,7.635908969192911,15.0
19.0,24.391663,7.653995,14.832863,0.1,0.0,0.05,24.55113715608844,7.634129242256836,15.0
19.1,24.394817,7.65903,14.948565,0.1,0.0,0.05,24.55345221604618,7.632351802011804,15.0
19.200000000000003,24.398,7.659849,15.063122,0.1,0.0,0.007845895,24.55575842078027,7.630576659566813,15.0
19.3,24.401215,7.660668,15.176558,0.1,0.0,0.007845895,24.55805573339148,7.628803826016498,15.0
19.400000000000002,24.40446,7.659182,15.288891,0.1,0.0,-0.015195351,24.560344117122863,7.627033312441061,15.0
19.5,24.407742,7.657696,15.40014,0.1,0.0,-0.015195351,24.562623535360327,7.625265129906208,15.0
19.6,24.41106,7.6561255,15.510316,0.1,0.0,-0.016031502,24.564893951633227,7.623499289463074,15.0
19.700000000000003,24.41442,7.6545553,15.61943,0.1,0.0,-0.016031502,24.567155329614955,7.621735802148153,15.0
19.8,24.41782,7.652922,15.727492,0.1,0.0,-0.016655313,24.569407633123504,7.619974678983239,15.0
19.900000000000002,24.421265,7.6512885,15.834516,0.1,0.0,-0.016655313,24.571650826122074,7.618215930975344,15.0
20.0,24.424755,7.649391,15.94051,0.1,0.0,-0.019290257,24.573884872719617,7.616459569116637,15.0
20.1,24.428291,7.6474934,16.045486,0.1,0.0,-0.019290257,24.576109737171443,7.614705604384375,15.0
20.200000000000003,24.431877,7.6425242,16.149466,0.1,0.0,-0.05,24.578325383879765,7.612954047740832,15.0
20.3,24.435513,7.637555,16.252468,0.1,0.0,-0.05,24.580531777394278,7.61120491013323,15.0
20.400000000000002,24.439198,7.632586,16.354502,0.1,0.0,-0.05,24.58272888241274,7.609458202493673,15.0
20.5,24.442934,7.6276164,16.455578,0.1,0.0,-0.05,24.584916663781517,7.607713935739081,15.0
20.6,24.446724,7.622658,16.555706,0.1,0.0,-0.049890876,24.58709508649615,7.6059721207711135,15.0
20.700000000000003,24.450565,7.6176987,16.654896,0.1,0.0,-0.049890876,24.589264115701923,7.604232768476107,15.0
20.8,24.45446,7.612756,16.753157,0.1,0.0,-0.04972897,24.59142371669442,7.60249588972501,15.0
20.900000000000002,24.458408,7.607813,16.8505,0.1,0.0,-0.04972897,24.59357385492006,7.600761495373309,15.0
21.0,24.46241,7.6028833,16.946934,0.1,0.0,-0.0495963,24.595714495976686,7.599029596260962,15.0
21.1,24.466465,7.597954,17.042467,0.1,0.0,-0.0495963,24.597845605614086,7.597300203212333,15.0
21.200000000000003,24.470573,7.5930347,17.13711,0.1,0.0,-0.049487766,24.599967149734553,7.5955733270361225,15.0
21.3,24.474733,7.5881157,17.230871,0.1,0.0,-0.049487766,24.60207909439342,7.593848978525302,15.0
21.400000000000002,24.478943,7.5832057,17.324108,0.1006939,1.3864943e-07,-0.04939988,24.604181405799622,7.5921271684570435,15.0
21.5,24.483204,7.5782957,17.416471,0.1006939,1.3864943e-07,-0.04939988,24.606274050316223,7.590407907592654,15.0
21.6,24.484137,7.5735903,19.029457,1.9639769,1.061468e-05,-0.04932964,24.608356994460948,7.58869120667751,15.0
21.700000000000003,24.485828,7.568887,20.35551,1.9639769,1.061468e-05,-0.04932964,24.610430204906745,7.586977076440984,15.0
21.8,24.487452,7.5641937,18.69589,1.9648098,0.0014359646,-0.04925861,24.612493648482282,7.585265527596387,15.0
21.900000000000002,24.48837,7.5595026,17.332983,1.9648098,0.0014359646,-0.04925861,24.61454729217251,7.583556570840891,15.0
22.0,24.488716,7.5547924,16.214354,1.9654539,0.0014359646,-0.049474515,24.616591103119177,7.5818502168554724,15.0
22.1,24.488598,7.5500846,15.295842,1.9654539,0.0014359646,-0.049474515,24.618625048621343,7.580146476304837,15.0
22.200000000000003,24.488102,7.5492296,14.542021,1.9659709,0.0014359646,-0.01096356,24.62064909613593,7.5784453598373585,15.0
22.3,24.487305,7.548375,13.922742,1.9659709,0.0014359646,-0.01096356,24.622663213278223,7.576746878085009,15.0
22.400000000000002,24.486263,7.5475216,13.414471,1.966408,0.0014359646,-0.01096356,24.624667367822383,7.5750510416632935,15.0
22.5,24.485025,7.5466685,12.99687,1.966408,0.0014359646,-0.01096356,24.626661527701987,7.573357861171184,15.0
22.6,24.483627,7.5458164,12.654186,1.9667722,0.0014359646,-0.01096356,24.628645661010516,7.571667347191053,15.0
22.700000000000003,24.482101,7.544965,12.372581,1.9667722,0.0014359646,-0.01096356,24.63061973600188,7.569979510288609,15.0
22.8,24.479317,7.5414667,12.64135,2.358137,0.0014359646,-0.03788781,24.632583721090917,7.568294361012825,15.0
22.900000000000002,24.476688,7.537971,12.853675,2.358137,0.0014359646,-0.03788781,24.634537584853916,7.566611909895879,15.0
23.0,24.474188,7.5369005,13.021276,2.358137,0.0014359646,-0.013655986,24.636481296029093,7.564932167453086,15.0
23.1,24.47179,7.535831,13.15342,2.358137,0.0014359646,-0.013655986,24.638414823517113,7.56325514418283,15.0
23.200000000000003,24.469473,7.5347624,13.257568,2.358137,0.0014359646,-0.013655986,24.640338136381573,7.561580850566501,15.0
23.3,24.467218,7.5336947,13.339614,2.358137,0.0014359646,-0.013655986,24.642251203849515,7.55990929706843,15.0
23.400000000000002,24.465012,7.532628,13.404216,2.3581443,0.0014359646,-0.013655986,24.644153995311893,7.558240494135818,15.0
23.5,24.462841,7.5315623,13.455037,2.3581443,0.0014359646,-0.013655986,24.64604648032409,7.556574452198681,15.0
23.6,24.460697,7.5304976,13.494977,2.3581443,0.0014359646,-0.013655986,24.647928628606387,7.554911181669773,15.0
23.700000000000003,24.45857,7.5294337,13.526324,2.3581443,0.0014359646,-0.013655986,24.649800410044445,7.553250692944531,15.0
23.8,24.456451,7.5283713,13.550887,2.3581443,0.0014359646,-0.013655986,24.651661794689804,7.551592996401005,15.0
23.900000000000002,24.454336,7.52731,13.57009,2.3581443,0.0014359646,-0.013655986,24.653512752760353,7.549938102399791,15.0
24.0,24.452217,7.526247,13.585059,2.3581443,0.0014359646,-0.013678395,24.655353254640797,7.548286021283972,15.0
24.1,24.45009,7.525185,13.5966835,2.3581443,0.0014359646,-0.013678395,24.657183270883152,7.546636763379049,15.0
24.200000000000003,24.44795,7.524122,13.605663,2.3581443,0.0014359646,-0.013699868,24.659002772207188,7.54499033899288,15.0
24.3,24.445795,7.5230603,13.612553,2.3581443,0.0014359646,-0.013699868,24.660811729500928,7.543346758415611,15.0
24.400000000000002,24.443619,7.5219994,13.617787,2.3581443,0.0014359646,-0.013699868,24.662610113821096,7.541706031919615,15.0
24.5,24.441418,7.5209394,13.621711,2.3581443,0.0014359646,-0.013699868,24.664397896393577,7.540068169759428,15.0
24.6,24.43919,7.5198803,13.624595,2.3581443,0.0014359646,-0.013699868,24.666175048613887,7.538433182171683,15.0
24.700000000000003,24.436932,7.5188217,13.626653,2.3581443,0.0014359646,-0.013699868,24.667941542047636,7.536801079375046,15.0
24.8,24.43464,7.517764,13.628054,2.3581443,0.0014359646,-0.013699868,24.669697348430958,7.535171871570156,15.0
24.900000000000002,24.432314,7.5167074,13.628929,2.3581443,0.0014359646,-0.013699868,24.671442439670994,7.533545568939555,15.0
25.0,24.429949,7.5156517,13.629385,2.3581443,0.0014359646,-0.013699868,24.673176787846316,7.53192218164763,15.0
25.1,24.427544,7.5145965,13.629501,2.3581443,0.0014359646,-0.013699868,24.674900365207396,7.530301719840546,15.0
25.200000000000003,24.425097,7.513542,13.629344,2.3581443,0.0014359646,-0.013699868,24.676613144177033,7.528684193646185,15.0
25.3,24.422606,7.5124884,13.628963,2.3581443,0.0014359646,-0.013699868,24.678315097350794,7.527069613174078,15.0
25.400000000000002,24.42007,7.5114355,13.6284,2.3581443,0.0014359646,-0.013699868,24.68000619749747,7.52545798851535,15.0
25.5,24.417488,7.510383,13.627684,2.3581443,0.0014359646,-0.013699868,24.68168641755949,7.5238493297426485,15.0
25.6,24.414858,7.509331,13.62684,2.3581443,0.0014359646,-0.013699868,24.683355730653375,7.522243646910086,15.0
25.700000000000003,24.41218,7.50828,13.625888,2.3581443,0.0014359646,-0.013699868,24.685014110070146,7.520640950053176,15.0
25.8,24.409452,7.5072293,13.624843,2.3581443,0.0014359646,-0.013699868,24.68666152927577,7.519041249188767,15.0
25.900000000000002,24.406673,7.5061793,13.623715,2.3581443,0.0014359646,-0.013699868,24.688297961911573,7.517444554314985,15.0
26.0,24.403845,7.50513,13.622515,2.3581443,0.0014359646,-0.013699868,24.68992338179467,7.515850875411168,15.0
26.1,24.400965,7.504081,13.621249,2.3581443,0.0014359646,-0.013699868,24.69153776291838,7.5142602224378034,15.0
26.200000000000003,24.398035,7.503032,13.619924,2.3581443,0.0014359646,-0.013699868,24.69314107945263,7.512672605336468,15.0
26.3,24.395054,7.5019836,13.618543,2.3581443,0.0014359646,-0.013699868,24.6947333057444,7.511088034029763,15.0
26.400000000000002,24.392021,7.5009356,13.61711,2.3581443,0.0014359646,-0.013699868,24.6963144163181,7.509506518421253,15.0
26.5,24.388939,7.499888,13.615629,2.3581443,0.0014359646,-0.013699868,24.697884385875987,7.507928068395406,15.0
26.6,24.385807,7.498841,13.614101,2.3581443,0.0014359646,-0.013699868,24.699443189298595,7.506352693817531,15.0
26.700000000000003,24.382627,7.4977937,13.612529,2.3581443,0.0014359646,-0.013699868,24.700990801645094,7.504780404533712,15.0
26.8,24.3794,7.496747,13.610914,2.3581443,0.0014359646,-0.013699868,24.70252719815372,7.503211210370752,15.0
26.900000000000002,24.376125,7.495701,13.609258,2.3581443,0.0014359646,-0.013699868,24.70405235424216,7.501645121136111,15.0
27.0,24.372807,7.4946547,13.607562,2.3581443,0.0014359646,-0.013699868,24.70556624550796,7.5000821466178405,15.0
27.1,24.369444,7.493609,13.605827,2.3581443,0.0014359646,-0.013699868,24.707068847728877,7.498522296584525,15.0
27.200000000000003,24.36604,7.4925632,13.604056,2.3581443,0.0014359646,-0.013699868,24.708560136863316,7.496965580785226,15.0
27.3,24.362593,7.491518,13.602249,2.3581443,0.0014359646,-0.013699868,24.710040089050683,7.495412008949407,15.0
27.400000000000002,24.359108,7.490473,13.600407,2.3581443,0.0014359646,-0.013699868,24.71150868061177,7.493861590786891,15.0
27.5,24.355587,7.489428,13.598532,2.3581443,0.0014359646,-0.013699868,24.712965888049148,7.492314335987785,15.0
27.6,24.352032,7.4883833,13.596624,2.3581443,0.0014359646,-0.013699868,24.714411688047527,7.490770254222426,15.0
27.700000000000003,24.348446,7.4873385,13.5946865,2.3581443,0.0014359646,-0.013699868,24.71584605747414,7.48922935514132,15.0
27.8,24.34483,7.4862943,13.59272,2.3581443,0.0014359646,-0.013699868,24.7172689733791,7.487691648375082,15.0
27.900000000000002,24.341187,7.48525,13.590727,2.3581443,0.0014359646,-0.013699868,24.71868041299579,7.486157143534374,15.0
28.0,24.337519,7.484206,13.588708,2.3581443,0.0014359646,-0.013699868,24.720080353741203,7.484625850209847,15.0
28.1,24.33383,7.483163,13.586665,2.3581443,0.0014359646,-0.013699868,24.72146877321632,7.483097777972078,15.0
28.200000000000003,24.330122,7.4821196,13.5845995,2.3581443,0.0014359646,-0.013699868,24.722845649206455,7.481572936371514,15.0
28.3,24.326397,7.4810767,13.582514,2.3581443,0.0014359646,-0.013699868,24.724210959681624,7.480051334938411,15.0
28.400000000000002,24.322659,7.480034,13.58041,2.3581443,0.0014359646,-0.013699868,24.72556468279689,7.47853298318277,15.0
28.5,24.31891,7.4789915,13.57829,2.3581443,0.0014359646,-0.013699868,24.726906796892706,7.477017890594288,15.0
28.6,24.315155,7.4779496,13.576156,2.3581443,0.0014359646,-0.013699868,24.728237280495282,7.4755060666422875,15.0
28.700000000000003,24.311396,7.476908,13.574009,2.3581443,0.0014359646,-0.013699868,24.729556112316903,7.473997520775663,15.0
28.8,24.307634,7.4758673,13.571852,2.3581443,0.0014359646,-0.013699868,24.730863271256293,7.472492262422821,15.0
28.900000000000002,24.303873,7.4748263,13.569686,2.3581443,0.0014359646,-0.013699868,24.732158736398937,7.470990300991622,15.0
29.0,24.300117,7.473786,13.567514,2.3581443,0.0014359646,-0.013699868,24.733442487017413,7.46949164586932,15.0
29.1,24.29637,7.472746,13.565339,2.3581443,0.0014359646,-0.013699868,24.734714502571748,7.467996306422505,15.0
29.200000000000003,24.292631,7.471707,13.563162,2.3581443,0.0014359646,-0.013699868,24.735974762709713,7.466504291997042,15.0
29.3,24.288906,7.4706683,13.560986,2.3581443,0.0014359646,-0.013699868,24.737223247267174,7.465015611918018,15.0
29.400000000000002,24.285196,7.4696302,13.558811,2.3581443,0.0014359646,-0.013699868,24.73845993626841,7.463530275489677,15.0
29.5,24.281506,7.4685926,13.556642,2.3581443,0.0014359646,-0.013699868,24.739684809926416,7.462048291995369,15.0
29.6,24.277836,7.467556,13.554479,2.3581443,0.0014359646,-0.013699868,24.740897848643247,7.460569670697484,15.0
29.700000000000003,24.27419,7.46652,13.552324,2.3581443,0.0014359646,-0.013699868,24.7420990330103,7.459094420837402,15.0
29.8,24.270573,7.465484,13.550181,2.3581443,0.0014359646,-0.013699868,24.74328834380866,7.457622551635428,15.0
29.900000000000002,24.266983,7.4644494,13.548051,2.3581443,0.0014359646,-0.013699868,24.744465762009376,7.456154072290741,15.0
30.0,24.263426,7.4634156,13.545936,2.3581443,0.0014359646,-0.013699868,24.74563126877378,7.454688991981333,15.0
30.1,24.259901,7.4623823,13.543838,2.3581443,0.0014359646,-0.013699868,24.746784845453792,7.453227319863949,15.0
30.200000000000003,24.256413,7.46135,13.541758,2.3581443,0.0014359646,-0.013699868,24.74792647359221,7.451769065074036,15.0
30.3,24.252962,7.4603186,13.539699,2.3581443,0.0014359646,-0.013699868,24.749056134923002,7.450314236725682,15.0
30.400000000000002,24.24955,7.4592876,13.537662,2.3581443,0.0014359646,-0.013699868,24.750173811371617,7.4488628439115585,15.0
30.5,24.24618,7.4582577,13.535648,2.3581443,0.0014359646,-0.013699868,24.751279485055253,7.447414895702868,15.0
30.6,24.242851,7.4572287,13.53366,2.3581443,0.0014359646,-0.013699868,24.752373138283158,7.445970401149279,15.0
30.700000000000003,24.239567,7.4562006,13.531698,2.3581443,0.0014359646,-0.013699868,24.7534547535569,7.44452936927888,15.0
30.8,24.236328,7.4551735,13.529764,2.3581443,0.0014359646,-0.013699868,24.754524313570656,7.443091809098115,15.0
30.900000000000002,24.233135,7.4541473,13.52786,2.3581443,0.0014359646,-0.013699868,24.755581801211495,7.441657729591729,15.0
31.0,24.22999,7.453122,13.525985,2.3581443,0.0014359646,-0.013699868,24.75662719955963,7.440227139722717,15.0
31.1,24.226892,7.452098,13.524141,2.3581443,0.0014359646,-0.013699868,24.757660491888718,7.43880004843226,15.0
31.200000000000003,24.223845,7.4510746,13.52233,2.3581443,0.0014359646,-0.013699868,24.758681661666095,7.437376464639672,15.0
31.3,24.220844,7.4500523,13.520553,2.3581443,0.0014359646,-0.013699868,24.75969069255307,7.435956397242349,15.0
31.400000000000002,24.217894,7.449031,13.518808,2.3581443,0.0014359646,-0.013699868,24.760687568405174,7.434539855115707,15.0
31.5,24.214993,7.448011,13.517098,2.3581443,0.0014359646,-0.013699868,24.761672273272413,7.43312684711313,15.0
31.6,24.21214,7.446992,13.515423,2.3581443,0.0014359646,-0.013699868,24.762644791399527,7.431717382065914,15.0
31.700000000000003,24.209335,7.445974,13.5137825,2.3581443,0.0014359646,-0.013699868,24.763605107226248,7.430311468783209,15.0
31.8,24.20658,7.444957,13.5121765,2.3581443,0.0014359646,-0.013699868,24.764553205387543,7.428909116051971,15.0
31.900000000000002,24.20387,7.4439406,13.510606,2.3581443,0.0014359646,-0.013699868,24.765489070713862,7.427510332636897,15.0
32.0,24.201208,7.4429255,13.50907,2.3581443,0.0014359646,-0.013699868,24.76641268823138,7.426115127280382,15.0
32.1,24.198591,7.441911,13.507569,2.3581443,0.0014359646,-0.013699868,24.767324043162237,7.424723508702453,15.0
32.2,24.196018,7.440898,13.506103,2.3581443,0.0014359646,-0.013699868,24.768223120924773,7.423335485600721,15.0
32.300000000000004,24.19349,7.4398856,13.50467,2.3581443,0.0014359646,-0.013699868,24.769109907133764,7.421951066650328,15.0
32.4,24.191002,7.438874,13.503271,2.3581443,0.0014359646,-0.013699868,24.769984387600648,7.420570260503886,15.0
32.5,24.188555,7.437863,13.5019045,2.3581443,0.0014359646,-0.013699868,24.770846548333754,7.41919307579143,15.0
32.6,24.186146,7.436853,13.50057,2.3581443,0.0014359646,-0.013699868,24.771696375538532,7.41781952112036,15.0
32.7,24.183771,7.435844,13.499267,2.3581443,0.0014359646,-0.013699868,24.772533855617766,7.416449605075387,15.0
32.800000000000004,24.18143,7.4348354,13.4979925,2.3581443,0.0014359646,-0.013699868,24.773358975171792,7.415083336218483,15.0
32.9,24.179123,7.433828,13.496747,2.3581443,0.0014359646,-0.013699868,24.774171720998712,7.413720723088824,15.0
33.0,24.176846,7.432821,13.495529,2.3581443,0.0014359646,-0.013699868,24.774972080094614,7.412361774202737,15.0
33.1,24.174595,7.4318147,13.494338,2.3581443,0.0014359646,-0.013699868,24.775760039653765,7.4110064980536485,15.0
33.2,24.172369,7.430809,13.493171,2.3581443,0.0014359646,-0.013699868,24.776535587068828,7.409654903112029,15.0
33.300000000000004,24.170164,7.4298043,13.492026,2.3581443,0.0014359646,-0.013699868,24.777298709931067,7.408306997825345,15.0
33.4,24.16798,7.4288,13.490904,2.3581443,0.0014359646,-0.013699868,24.778049396030532,7.406962790617998,15.0
33.5,24.165812,7.4277964,13.4898,2.3581443,0.0014359646,-0.013699868,24.778787633356256,7.405622289891278,15.0
33.6,24.163656,7.426793,13.488715,2.3581443,0.0014359646,-0.013699868,24.77951341009646,7.404285504023313,15.0
33.7,24.161512,7.4257903,13.487645,2.3581443,0.0014359646,-0.013699868,24.780226714638733,7.402952441369007,15.0
33.800000000000004,24.159376,7.424788,13.486589,2.3581443,0.0014359646,-0.013699868,24.780927535570218,7.40162311026,15.0
33.9,24.157246,7.423786,13.485545,2.3581443,0.0014359646,-0.013699868,24.781615861677793,7.400297519004606,15.0
34.0,24.155117,7.422785,13.484511,2.3581443,0.0014359646,-0.013699868,24.78229168194825,7.398975675887765,15.0
34.1,24.152988,7.421784,13.483485,2.3581443,0.0014359646,-0.013699868,24.78295498556849,7.397657589170995,15.0
34.2,24.150856,7.4207835,13.482466,2.3581443,0.0014359646,-0.013699868,24.783605761925667,7.396343267092331,15.0
34.300000000000004,24.148716,7.419783,13.48145,2.3581443,0.0014359646,-0.013699868,24.784244000607366,7.3950327178662825,15.0
34.4,24.146566,7.418783,13.480435,2.3581443,0.0014359646,-0.013699868,24.784869691401784,7.393725949683779,15.0
34.5,24.144405,7.4177837,13.479421,2.3581443,0.0014359646,-0.013699868,24.785482824297887,7.392422970712115,15.0
34.6,24.142227,7.4167843,13.478403,2.3581443,0.0014359646,-0.013699868,24.786083389485558,7.391123789094907,15.0
34.7,24.140032,7.4157853,13.477381,2.3581443,0.0014359646,-0.013699868,24.786671377355766,7.389828412952035,15.0
34.800000000000004,24.137815,7.4147863,13.476351,2.3581443,0.0014359646,-0.013699868,24.78724677850072,7.388536850379596,15.0
34.9,24.135574,7.413788,13.475312,2.3581443,0.0014359646,-0.013699868,24.787809583714008,7.387249109449852,15.0
35.0,24.133308,7.4127893,13.474262,2.3581443,0.0014359646,-0.013699868,24.788359783990767,7.385965198211178,15.0
35.1,24.131012,7.4117913,13.4732,2.3581443,0.0014359646,-0.013699868,24.788897370527803,7.384685124688017,15.0
35.2,24.128685,7.4107933,13.472121,2.3581443,0.0014359646,-0.013699868,24.789422334723735,7.383408896880825,15.0
35.300000000000004,24.126324,7.4097953,13.471026,2.3581443,0.0014359646,-0.013699868,24.789934668179153,7.382136522766019,15.0
35.4,24.123926,7.4087977,13.469912,2.3581443,0.0014359646,-0.013699868,24.790434362696736,7.380868010295934,15.0
35.5,24.121492,7.4078,13.468777,2.3581443,0.0014359646,-0.013699868,24.790921410281374,7.37960336739877,15.0
35.6,24.119019,7.406803,13.467619,2.3581443,0.0014359646,-0.013699868,24.791395803140325,7.378342601978541,15.0
35.7,24.116503,7.405806,13.466436,2.3581443,0.0014359646,-0.013699868,24.791857533683306,7.377085721915025,15.0
35.800000000000004,24.113943,7.4048095,13.465228,2.3581443,0.0014359646,-0.013699868,24.792306594522643,7.375832735063719,15.0
35.9,24.11134,7.403813,13.463992,2.3581443,0.0014359646,-0.013699868,24.792742978473367,7.374583649255788,15.0
36.0,24.108688,7.402817,13.462728,2.3581443,0.0014359646,-0.013699868,24.793166678553348,7.3733384722980135,15.0
36.1,24.105991,7.4018207,13.461432,2.3581443,0.0014359646,-0.013699868,24.793577687983394,7.372097211972746,15.0
36.2,24.103245,7.400825,13.460107,2.3581443,0.0014359646,-0.013699868,24.793976000187364,7.37085987603786,15.0
36.300000000000004,24.100449,7.3998294,13.458748,2.3581443,0.0014359646,-0.013699868,24.794361608792265,7.3696264722267015,15.0
36.4,24.097603,7.398834,13.4573555,2.3581443,0.0014359646,-0.013699868,24.794734507628377,7.3683970082480394,15.0
36.5,24.094707,7.3978395,13.455929,2.3581443,0.0014359646,-0.013699868,24.795094690729314,7.36717149178602,15.0
36.6,24.09176,7.396845,13.454467,2.3581443,0.0014359646,-0.013699868,24.795442152332168,7.365949930500117,15.0
36.7,24.088762,7.3958507,13.452969,2.3581443,0.0014359646,-0.013699868,24.79577688687755,7.364732332025083,15.0
36.800000000000004,24.085714,7.394857,13.451433,2.3581443,0.0014359646,-0.013699868,24.79609888900972,7.363518703970907,15.0
36.9,24.082615,7.3938637,13.449862,2.3581443,0.0014359646,-0.013699868,24.79640815357665,7.362309053922759,15.0
37.0,24.086325,7.3888984,13.578604,0.1,0.0,-0.05,24.796704675630114,7.361103389440949,15.0
37.1,24.089989,7.383933,13.706121,0.1,0.0,-0.05,24.79698845042576,7.359901718060874,15.0
37.2,24.093607,7.384122,13.832412,0.1,0.0,0.0015396907,24.797259473423203,7.358704047292978,15.0
37.300000000000004,24.097181,7.3843107,13.957472,0.1,0.0,0.0015396907,24.797517740286082,7.3575103846226995,15.0
37.4,24.100712,7.383786,14.081315,0.1,0.0,-0.0055931807,24.797763246882127,7.3563207375104245,15.0
37.5,24.1042,7.3832617,14.203955,0.1,0.0,-0.0055931807,24.797995989283244,7.355135113391445,15.0
37.6,24.107647,7.3833737,14.325401,0.1,0.0,0.00076778524,24.798215963765553,7.353953519675908,15.0
37.7,24.111055,7.383486,14.445664,0.1,0.0,0.00076778524,24.798423166809474,7.352775963748771,15.0
37.800000000000004,24.114426,7.3835773,14.564755,0.1,0.0,0.0005626872,24.798617595099756,7.351602452969752,15.0
37.9,24.11776,7.383669,14.682686,0.1,0.0,0.0005626872,24.798799245525554,7.350432994673293,15.0
38.0,24.12106,7.383742,14.799467,0.1,0.0,0.00037550053,24.798968115180465,7.349267596168501,15.0
38.1,24.124329,7.3838153,14.915111,0.1,0.0,0.00037550053,24.79912420136258,7.3481062647391155,15.0
38.2,24.127567,7.383872,15.029628,0.1,0.0,0.00020488822,24.79926750157452,7.346949007643453,15.0
38.300000000000004,24.13078,7.383929,15.143029,0.1,0.0,0.00020488822,24.799398013523483,7.3457958321143675,15.0
38.400000000000006,24.133966,7.3839703,15.255325,0.1,0.0,4.9477083e-05,24.799515735121286,7.344646745359201,15.0
38.5,24.137133,7.384012,15.366528,0.1,0.0,4.9477083e-05,24.799620664484383,7.343501754559743,15.0
38.6,24.14028,7.3840404,15.476647,0.1,0.0,-9.18794e-05,24.799712799933907,7.342360866872182,15.0
38.7,24.14341,7.384069,15.585694,0.1,0.0,-9.18794e-05,24.79979213999569,7.341224089427063,15.0
38.800000000000004,24.146526,7.384824,15.693677,0.1,0.0,0.0071666874,24.7998586834003,7.34009142932924,15.0
38.900000000000006,24.149632,7.3855786,15.800604,0.1,0.0,0.0071666874,24.799912429083037,7.338962893657835,15.0
39.0,24.152729,7.3869042,15.906484,0.1,0.0,0.012868567,24.79995337618397,7.337838489466193,15.0
39.1,24.15582,7.3882303,16.011326,0.1,0.0,0.012868567,24.799981524047958,7.336718223781838,15.0
39.2,24.15891,7.389617,16.115139,0.1,0.0,0.013470925,24.79999687222462,7.335602103606424,15.0
39.300000000000004,24.162,7.3910036,16.217934,0.1,0.0,0.013470925,24.799999420468396,7.334490135915699,15.0
39.400000000000006,24.165096,7.3920207,16.319721,0.1,0.0,0.009768402,24.79998916873851,7.333382327659459,15.0
39.5,24.168198,7.393038,16.420513,0.1,0.0,0.009768402,24.79996611719899,7.332278685761501,15.0
39.6,24.17131,7.3944426,16.520319,0.1,0.0,0.013641001,24.799930266218663,7.331179217119583,15.0
39.7,24.174435,7.395848,16.619146,0.1,0.0,0.013641001,24.79988161637114,7.330083928605382,15.0
39.800000000000004,24.177576,7.3984423,16.717003,0.1,0.0,0.025529332,24.79982016843482,7.328992827064446,15.0
39.900000000000006,24.180737,7.4010367,16.813892,0.1,0.0,0.025529332,24.79974592339287,7.327905919316156,15.0
40.0,24.183918,7.4012794,16.909834,0.1,0.0,0.0020059075,24.799658882433203,7.326823212153682,15.0
40.1,24.187124,7.401522,17.004843,0.1,0.0,0.0020059075,24.79955904694848,7.325744712343942,15.0
40.2,24.190357,7.396565,17.098944,0.1,0.0,-0.05,24.79944641853606,7.324670426627555,15.0
40.300000000000004,24.19362,7.391608,17.192163,0.1,0.0,-0.05,24.799320998998,7.323600361718802,15.0
40.400000000000006,24.196915,7.3866515,17.28451,0.1,0.0,-0.05,24.799182790341007,7.3225345243055875,15.0
40.5,24.200243,7.3816953,17.37599,0.1,0.0,-0.05,24.79903179477642,7.3214729210493905,15.0
40.6,24.20361,7.3767395,17.466616,0.1,0.0,-0.05,24.79886801472016,7.320415558585228,15.0
40.7,24.207014,7.3717837,17.556395,0.1,0.0,-0.05,24.79869145279271,7.319362443521613,15.0
40.800000000000004,24.210459,7.3668284,17.645334,0.1,0.0,-0.049999997,24.79850211181905,7.31831358244051,15.0
40.900000000000006,24.213947,7.3618736,17.733444,0.1,0.0,-0.049999997,24.79829999482864,7.317268981897297,15.0
41.0,24.21748,7.356919,17.820734,0.1,0.0,-0.049999997,24.79808510505534,7.316228648420725,15.0
41.1,24.22106,7.351964,17.907211,0.1,0.0,-0.049999997,24.797857445937385,7.315192588512875,15.0
41.2,24.224686,7.3470097,17.992886,0.1,0.0,-0.049999997,24.797617021117315,7.314160808649117,15.0
41.300000000000004,24.228361,7.3420553,18.077763,0.1,0.0,-0.049999997,24.797363834441924,7.313133315278073,15.0
41.400000000000006,24.232086,7.337101,18.161854,0.1,0.0,-0.049999997,24.797097889962195,7.312110114821572,15.0
41.5,24.235863,7.3321466,18.245165,0.1,0.0,-0.049999997,24.79681919193323,7.311091213674615,15.0
41.6,24.23969,7.3271923,18.327707,0.10000159,0.0,-0.049999963,24.796527744814192,7.310076618205329,15.0
41.7,24.243572,7.322238,18.409487,0.10000159,0.0,-0.049999963,24.79622355326823,7.3090663347549345,15.0
41.800000000000004,24.247505,7.317284,18.49072,0.100262806,0.0,-0.049994633,24.795906622162402,7.308060369637698,15.0
41.900000000000006,24.251492,7.3123302,18.571203,0.100262806,0.0,-0.049994633,24.795576956567597,7.307058729140898,15.0
42.0,24.25553,7.31125,18.650938,0.10027102,0.0,-0.011254562,24.795234561758463,7.306061419524786,15.0
42.1,24.25962,7.31017,18.729914,0.10027102,0.0,-0.011254562,24.7948794432133,7.305068447022544,15.0
42.2,24.263765,7.3090897,18.80814,0.10027102,0.0,-0.011254562,24.79451160661401,7.304079817840244,15.0
42.300000000000004,24.267962,7.308009,18.885622,0.10027102,0.0,-0.011254562,24.79413105784596,7.3030955381568186,15.0
42.400000000000006,24.27221,7.306928,18.96237,0.10027102,0.0,-0.011254562,24.793737802997924,7.302115614124011,15.0
42.5,24.276508,7.305847,19.038391,0.10027102,0.0,-0.011254562,24.793331848361976,7.3011400518663425,15.0
42.6,24.280857,7.3047657,19.113691,0.100271024,0.0,-0.011254562,24.792913200433375,7.300168857481076,15.0
42.7,24.285254,7.3036838,19.18828,0.100271024,0.0,-0.011254562,24.79248186591049,7.299202037038172,15.0
42.800000000000004,24.289696,7.302602,19.262165,0.100271024,0.0,-0.011254562,24.792037851694648,7.298239596580254,15.0
42.900000000000006,24.294184,7.3015194,19.335352,0.100271024,0.0,-0.011254562,24.79158116489008,7.297281542122574,15.0
43.0,24.298716,7.3004365,19.407848,0.100271024,0.0,-0.011254562,24.791111812803763,7.296327879652969,15.0
43.1,24.30329,7.299353,19.479662,0.100271024,0.0,-0.011254562,24.790629802945315,7.295378615131824,15.0
43.2,24.307901,7.2982697,19.5508,0.100271024,0.0,-0.011254562,24.790135143026887,7.294433754492042,15.0
43.300000000000004,24.312551,7.297186,19.621271,0.100271024,0.0,-0.011254562,24.789627840963025,7.293493303638997,15.0
43.400000000000006,24.317236,7.2961016,19.69108,0.100271024,0.0,-0.011254562,24.789107904870555,7.292557268450505,15.0
43.5,24.321953,7.295017,19.760233,0.100271024,0.0,-0.011254562,24.788575343068445,7.291625654776782,15.0
43.6,24.3267,7.293932,19.82874,0.100271024,0.0,-0.011254563,24.788030164077664,7.29069846844041,15.0
43.7,24.331476,7.2928467,19.896603,0.100271024,0.0,-0.011254563,24.787472376621068,7.289775715236302,15.0
43.800000000000004,24.336277,7.291761,19.96383,0.100271024,0.0,-0.011254563,24.78690198962325,7.288857400931661,15.0
43.900000000000006,24.341099,7.290675,20.030432,0.100271024,0.0,-0.011254563,24.78631901221038,7.287943531265951,15.0
44.0,24.34594,7.289589,20.09641,0.100271024,0.0,-0.011254563,24.785723453710094,7.2870341119508515,15.0
44.1,24.350796,7.288502,20.161774,0.100271024,0.0,-0.011254563,24.78511532365131,7.2861291486702315,15.0
44.2,24.355665,7.2874155,20.226528,0.100271024,0.0,-0.011254563,24.784494631764098,7.285228647080109,15.0
44.300000000000004,24.360544,7.2863283,20.29068,0.100271024,0.0,-0.011254563,24.78386138797951,7.284332612808615,15.0
44.400000000000006,24.36543,7.285241,20.354235,0.100271024,0.0,-0.011254563,24.783215602429436,7.283441051455962,15.0
44.5,24.370321,7.284154,20.417198,0.100271024,0.0,-0.011254563,24.782557285446437,7.282553968594405,15.0
44.6,24.375212,7.2830663,20.479576,0.100271024,0.0,-0.011254563,24.78188644756356,7.281671369768207,15.0
44.7,24.380098,7.2819786,20.541376,0.100271024,0.0,-0.011254563,24.781203099514205,7.280793260493612,15.0
44.800000000000004,24.38498,7.280891,20.602602,0.100271024,0.0,-0.011254563,24.780507252231924,7.279919646258795,15.0
44.900000000000006,24.389853,7.2798033,20.66326,0.100271024,0.0,-0.011254563,24.779798916850257,7.279050532523847,15.0
45.0,24.394714,7.2787156,20.723354,0.100271024,0.0,-0.011254563,24.779078104702556,7.278185924720724,15.0
45.1,24.39956,7.277628,20.782892,0.100271024,0.0,-0.011254563,24.7783448273218,7.277325828253221,15.0
45.2,24.404388,7.2765403,20.841879,0.100271024,0.0,-0.011254563,24.77759909644041,7.276470248496939,15.0
45.300000000000004,24.409197,7.2754526,20.90032,0.100271024,0.0,-0.011254563,24.77684092399007,7.275619190799249,15.0
45.400000000000006,24.41398,7.274365,20.958221,0.100271024,0.0,-0.011254563,24.776070322101518,7.274772660479258,15.0
45.5,24.418737,7.2732773,21.015587,0.100271024,0.0,-0.011254563,24.775287303104363,7.2739306628277784,15.0
45.6,24.423466,7.2721896,21.072422,0.100271024,0.0,-0.011254563,24.774491879526902,7.273093203107293,15.0
45.7,24.428164,7.2711024,21.128733,0.100271024,0.0,-0.011254563,24.773684064095892,7.272260286551922,15.0
45.800000000000004,24.432827,7.2700152,21.184523,0.100271024,0.0,-0.011254563,24.772863869736362,7.271431918367391,15.0
45.900000000000006,24.437454,7.2689285,21.239798,0.100271024,0.0,-0.011254563,24.7720313095714,7.270608103730998,15.0
46.0,24.442043,7.267842,21.294561,0.100271024,0.0,-0.011254563,24.77118639692196,7.269788847791583,15.0
46.1,24.446592,7.2667556,21.34882,0.100271024,0.0,-0.011254563,24.77032914530662,7.2689741556694925,15.0
46.2,24.4511,7.26567,21.402576,0.100271024,0.0,-0.011254563,24.769459568441384,7.268164032456548,15.0
46.300000000000004,24.455563,7.264584,21.455837,0.100271024,0.0,-0.011254563,24.76857768023947,7.26735848321602,15.0
46.400000000000006,24.459982,7.263499,21.508606,0.100271024,0.0,-0.011254563,24.76768349481107,7.266557512982587,15.0
46.5,24.464354,7.262414,21.560888,0.100271024,0.0,-0.011254563,24.76677702646313,7.2657611267623095,15.0
46.6,24.468678,7.261329,21.612688,0.100271024,0.0,-0.011254563,24.765858289699125,7.264969329532599,15.0
46.7,24.472954,7.260245,21.66401,0.100271024,0.0,-0.011254563,24.764927299218822,7.264182126242187,15.0
46.800000000000004,24.47718,7.259161,21.714857,0.100271024,0.0,-0.011254563,24.763984069918052,7.263399521811092,15.0
46.900000000000006,24.481358,7.2580776,21.765236,0.100271024,0.0,-0.011254563,24.76302861688846,7.262621521130586,15.0
47.0,24.485483,7.2569947,21.81515,0.100271024,0.0,-0.011254563,24.762060955417276,7.261848129063173,15.0
47.1,24.48956,7.2559123,21.864601,0.100271024,0.0,-0.011254563,24.761081100987063,7.261079350442552,15.0
47.2,24.493584,7.2548304,21.913597,0.100271024,0.0,-0.011254563,24.76008906927547,7.260315190073584,15.0
47.300000000000004,24.497559,7.2537484,21.962141,0.100271024,0.0,-0.011254563,24.759084876154983,7.25955565273227,15.0
47.400000000000006,24.501482,7.252667,22.010237,0.100271024,0.0,-0.011254563,24.758068537692672,7.258800743165716,15.0
47.5,24.505356,7.251586,22.057888,0.100271024,0.0,-0.011254563,24.75704007014993,7.258050466092106,15.0
47.6,24.509182,7.2505054,22.105099,0.100271024,0.0,-0.011254563,24.75599948998222,7.2573048262006665,15.0
47.7,24.512959,7.2494254,22.151873,0.100271024,0.0,-0.011254563,24.754946813838792,7.256563828151646,15.0
47.800000000000004,24.51669,7.248346,22.198215,0.100271024,0.0,-0.011254563,24.75388205856245,7.255827476576279,15.0
47.900000000000006,24.520372,7.2472663,22.24413,0.100271024,0.0,-0.011254563,24.752805241189254,7.255095776076762,15.0
48.0,24.524012,7.246187,22.28962,0.100271024,0.0,-0.011254563,24.75171637894826,7.254368731226219,15.0
48.1,24.527609,7.2451086,22.334688,0.100271024,0.0,-0.011254563,24.75061548926124,7.2536463465686785,15.0
48.2,24.531164,7.24403,22.379341,0.100271024,0.0,-0.011254563,24.749502589742402,7.252928626619043,15.0
48.300000000000004,24.53468,7.242952,22.423582,0.100271024,0.0,-0.011254563,24.74837769819812,7.252215575863058,15.0
48.400000000000006,24.538158,7.2418737,22.467413,0.100271024,0.0,-0.011254563,24.74724083262663,7.251507198757292,15.0
48.5,24.541601,7.240796,22.51084,0.100271024,0.0,-0.011254563,24.746092011217762,7.250803499729095,15.0
48.6,24.545012,7.2397184,22.553865,0.100271024,0.0,-0.011254563,24.74493125235263,7.250104483176587,15.0
48.7,24.548391,7.2386413,22.596493,0.100271024,0.0,-0.011254563,24.743758574603348,7.2494101534686175,15.0
48.800000000000004,24.551744,7.237564,22.638727,0.100271024,0.0,-0.011254563,24.742573996732744,7.248720514944746,15.0
48.900000000000006,24.555073,7.236487,22.680573,0.100271024,0.0,-0.011254563,24.74137753769403,7.24803557191521,15.0
49.0,24.558378,7.2354097,22.72203,0.100271024,0.0,-0.011254563,24.740169216630534,7.247355328660902,15.0
49.1,24.561663,7.2343326,22.763107,0.100271024,0.0,-0.011254563,24.73894905287536,7.24667978943334,15.0
49.2,24.564932,7.2332554,22.803804,0.100271024,0.0,-0.011254563,24.737717065951106,7.246008958454642,15.0
49.300000000000004,24.568186,7.232178,22.844126,0.100271024,0.0,-0.011254563,24.73647327556953,7.245342839917499,15.0
49.400000000000006,24.57143,7.231101,22.884077,0.100271024,0.0,-0.011254563,24.73521770163126,7.24468143798515,15.0
49.5,24.574667,7.230024,22.92366,0.100271024,0.0,-0.011254563,24.733950364225446,7.2440247567913545,15.0
49.6,24.577898,7.2289467,22.96288,0.100271024,0.0,-0.011254563,24.732671283629465,7.243372800440369,15.0
49.7,24.581127,7.227869,23.001738,0.100271024,0.0,-0.011254563,24.731380480308577,7.242725573006917,15.0
49.800000000000004,24.584358,7.2267914,23.040237,0.100271024,0.0,-0.011254563,24.730077974915602,7.242083078536169,15.0
49.900000000000006,24.587595,7.2257137,23.078384,0.100271024,0.0,-0.011254563,24.728763788290607,7.241445321043713,15.0
50.0,24.59084,7.2246356,23.116182,0.100271024,0.0,-0.011254563,24.727437941460547,7.240812304515531,15.0
50.1,24.594093,7.2235575,23.153633,0.100271024,0.0,-0.011254563,24.72610045563894,7.240184032907974,15.0
50.2,24.597363,7.222479,23.19074,0.100271024,0.0,-0.011254563,24.72475135222553,7.239560510147739,15.0
50.300000000000004,24.600649,7.2214003,23.227509,0.100271024,0.0,-0.011254563,24.723390652805953,7.23894174013184,15.0
50.400000000000006,24.603954,7.220321,23.26394,0.100271024,0.0,-0.011254563,24.722018379151358,7.238327726727587,15.0
50.5,24.607283,7.2192416,23.300041,0.100271024,0.0,-0.011254563,24.7206345532181,7.2377184737725635,15.0
50.6,24.610636,7.218162,23.335814,0.100271024,0.0,-0.011254563,24.719239197147367,7.237113985074597,15.0
50.7,24.614017,7.217082,23.37126,0.100271024,0.0,-0.011254563,24.717832333264823,7.23651426441174,15.0
50.800000000000004,24.61743,7.2160015,23.406385,0.100271024,0.0,-0.011254563,24.71641398408026,7.2359193155322465,15.0
50.900000000000006,24.620874,7.2149205,23.441193,0.100271024,0.0,-0.011254563,24.71498417228723,7.2353291421545425,15.0
51.0,24.624355,7.2138395,23.475685,0.100271024,0.0,-0.011254563,24.713542920762706,7.234743747967212,15.0
51.1,24.627872,7.212758,23.509865,0.100271024,0.0,-0.011254563,24.712090252566664,7.234163136628964,15.0
51.2,24.63143,7.211676,23.543737,0.100271024,0.0,-0.011254563,24.710626190941774,7.23358731176862,15.0
51.300000000000004,24.635029,7.2105937,23.577305,0.100271024,0.0,-0.011254563,24.70915075931299,7.233016276985083,15.0
51.400000000000006,24.638672,7.2095113,23.61057,0.100271024,0.0,-0.011254563,24.707663981287187,7.232450035847317,15.0
51.5,24.642359,7.2084284,23.64354,0.100271024,0.0,-0.011254563,24.70616588065278,7.23188859189433,15.0
51.6,24.646093,7.207345,23.676212,0.100271024,0.0,-0.011254563,24.704656481379345,7.231331948635142,15.0
51.7,24.649876,7.206261,23.708595,0.100271024,0.0,-0.011254563,24.703135807617244,7.230780109548773,15.0
51.800000000000004,24.653706,7.2051773,23.74069,0.100271024,0.0,-0.011254563,24.701603883697217,7.230233078084216,15.0
51.900000000000006,24.657587,7.204093,23.7725,0.100271024,0.0,-0.011254563,24.70006073413002,7.229690857660414,15.0
52.0,24.661518,7.2030087,23.804028,0.100271024,0.0,-0.011254563,24.698506383606013,7.229153451666246,15.0
52.1,24.6655,7.201924,23.835278,0.100271024,0.0,-0.011254563,24.696940856994768,7.2286208634604945,15.0
52.2,24.669535,7.200839,23.866251,0.100271024,0.0,-0.011254563,24.695364179344683,7.228093096371835,15.0
52.300000000000004,24.67362,7.1997538,23.896954,0.100271024,0.0,-0.011254563,24.693776375882557,7.227570153698812,15.0
52.400000000000006,24.67776,7.1986685,23.927387,0.100271024,0.0,-0.011254563,24.69217747201322,7.227052038709813,15.0
52.5,24.68195,7.197583,23.957554,0.100271024,0.0,-0.011254563,24.6905674933191,7.226538754643055,15.0
52.6,24.686192,7.1964974,23.987457,0.100271024,0.0,-0.011254563,24.688946465559816,7.226030304706565,15.0
52.7,24.690483,7.1954117,24.017101,0.100271024,0.0,-0.011254563,24.687314414671782,7.22552669207815,15.0
52.800000000000004,24.694826,7.194326,24.046488,0.100271024,0.0,-0.011254563,24.685671366767775,7.225027919905388,15.0
52.900000000000006,24.699219,7.19324,24.07562,0.100271024,0.0,-0.011254563,24.684017348136525,7.224533991305604,15.0
53.0,24.70366,7.1921544,24.104502,0.100271024,0.0,-0.011254563,24.6823523852423,7.22404490936585,15.0
53.1,24.708147,7.1910686,24.133135,0.100271024,0.0,-0.011254563,24.68067650472447,7.223560677142887,15.0
53.2,24.71268,7.189983,24.161524,0.100271024,0.0,-0.011254563,24.67898973339708,7.223081297663164,15.0
53.300000000000004,24.717258,7.1888976,24.189669,0.100271024,0.0,-0.011254563,24.677292098248447,7.222606773922802,15.0
53.400000000000006,24.721878,7.1878123,24.217575,0.100271024,0.0,-0.011254563,24.675583626440687,7.222137108887573,15.0
53.5,24.726538,7.186727,24.245243,0.100271024,0.0,-0.011254563,24.673864345309315,7.22167230549288,15.0
53.6,24.731236,7.1856422,24.272676,0.100271024,0.0,-0.011254563,24.672134282362798,7.221212366643744,15.0
53.7,24.73597,7.1845574,24.29988,0.100271024,0.0,-0.011254563,24.6703934652821,7.220757295214782,15.0
53.800000000000004,24.740738,7.1834726,24.32685,0.100271024,0.0,-0.011254563,24.66864192192026,7.220307094050189,15.0
53.900000000000006,24.745539,7.1823883,24.353598,0.100271024,0.0,-0.011254563,24.666879680301932,7.219861765963719,15.0
54.0,24.750368,7.1813045,24.38012,0.100271024,0.0,-0.011254563,24.665106768622948,7.219421313738673,15.0
54.1,24.755224,7.1802206,24.40642,0.100271024,0.0,-0.011254563,24.663323215249854,7.2189857401278745,15.0
54.2,24.760105,7.179137,24.432499,0.100271024,0.0,-0.011254563,24.661529048719466,7.218555047853658,15.0
54.300000000000004,24.765007,7.1780543,24.458363,0.100271024,0.0,-0.011254563,24.65972429773841,7.218129239607849,15.0
54.400000000000006,24.769926,7.176972,24.48401,0.100271024,0.0,-0.011254563,24.657908991182666,7.217708318051747,15.0
54.5,24.77486,7.1758895,24.509447,0.100271024,0.0,-0.011254563,24.6560831580971,7.217292285816111,15.0
54.6,24.779808,7.1748075,24.534672,0.100271024,0.0,-0.011254563,24.654246827694998,7.21688114550114,15.0
54.7,24.784765,7.173726,24.559689,0.100271024,0.0,-0.011254563,24.65240002935761,7.216474899676461,15.0
54.800000000000004,24.789728,7.172645,24.5845,0.100271024,0.0,-0.011254563,24.650542792633672,7.2160735508811085,15.0
54.900000000000006,24.794695,7.1715646,24.609106,0.100271024,0.0,-0.011254563,24.648675147238933,7.215677101623511,15.0
55.0,24.799662,7.1704845,24.63351,0.100271024,0.0,-0.011254563,24.646797123055673,7.215285554381476,15.0
55.1,24.804626,7.1694045,24.657717,0.100271024,0.0,-0.011254563,24.64490875013224,7.2148989116021705,15.0
55.2,24.809505,7.1744504,18.337145,0.1,0.003,0.05,24.643010058682567,7.214517175702112,15.0
55.300000000000004,24.814219,7.179497,12.07947,0.1,0.003,0.05,24.641101079085672,7.214140349067149,15.0
55.400000000000006,24.801329,7.177751,12.954875,5.0,0.003,-0.027983364,24.639181841885186,7.2137684340524455,15.0
55.5,24.789293,7.1760077,13.482804,5.0,0.003,-0.027983364,24.63725237778887,7.2134014329824705,15.0
55.6,24.777767,7.175213,13.799965,5.0,0.003,-0.018521948,24.6353127176681,7.2130393481509785,15.0
55.7,24.76654,7.1744194,13.989249,5.0,0.003,-0.018521948,24.633362892557404,7.212682181820999,15.0
55.800000000000004,24.767511,7.173381,9.831243,1.0547434,0.0027085037,-0.012837735,24.631402933653938,7.212329936224821,15.0
55.900000000000006,24.767414,7.172343,6.0895557,1.0547434,0.0027085037,-0.012837735,24.629432872317,7.2119826135639755,15.0
56.0,24.751934,7.168408,14.322539,5.0,0.0,-0.05,24.627452740067536,7.211640216009232,15.0
56.1,24.744516,7.164478,19.315838,5.0,0.0,-0.05,24.625462568587615,7.211302745700571,15.0
56.2,24.738577,7.168407,17.329163,5.0,0.003,0.028586801,24.62346238971994,7.210970204747182,15.0
56.300000000000004,24.730667,7.1723313,16.120686,5.0,0.003,0.028586801,24.62145223546733,7.210642595227446,15.0
56.400000000000006,24.721554,7.1769233,15.383863,5.0,0.003,0.035315845,24.619432137992213,7.21031991918892,15.0
56.5,24.7117,7.18151,14.932883,5.0,0.003,0.035315845,24.6174021296161,7.2100021786483275,15.0
56.6,24.701374,7.178417,14.656157,5.0,0.003,-0.041468415,24.615362242819085,7.209689375591548,15.0
56.7,24.690735,7.1753283,14.485876,5.0,0.003,-0.041468415,24.613312510239314,7.209381511973597,15.0
56.800000000000004,24.67989,7.1745033,14.379821,5.0,0.003,-0.018853381,24.61125296467246,7.209078589718624,15.0
56.900000000000006,24.668903,7.17368,14.312442,5.0,0.003,-0.018853381,24.609183639071215,7.20878061071989,15.0
57.0,24.657824,7.179738,14.267613,5.0,0.003,0.05,24.607104566544738,7.208487576839763,15.0
57.1,24.64668,7.1857886,14.235706,5.0,0.003,0.05,24.605015780358148,7.208199489909705,15.0
57.2,24.64408,7.1860495,10.694875,1.952098,0.003,-0.0016560601,24.60291731393198,7.207916351730257,15.0
57.300000000000004,24.63986,7.1863103,7.781471,1.952098,0.003,-0.0016560601,24.600809200841653,7.207638164071033,15.0
57.400000000000006,24.625622,7.1823587,15.308455,5.0,0.0,-0.05,24.598691474816928,7.207364928670704,15.0
57.5,24.618732,7.178412,19.873621,5.0,0.0,-0.05,24.596564169741377,7.207096647236991,15.0
57.6,24.622648,7.183461,13.599208,0.1,0.003,0.05,24.594427319651835,7.206833321446651,15.0
57.7,24.626358,7.18851,7.387224,0.1,0.003,0.05,24.592280958737863,7.20657495294547,15.0
57.800000000000004,24.611553,7.184555,15.064642,5.0,0.0,-0.05,24.590125121341188,7.206321543348251,15.0
57.900000000000006,24.604244,7.180605,19.720945,5.0,0.0,-0.05,24.587959841955158,7.206073094238802,15.0
58.0,24.607958,7.1856527,13.447929,0.1,0.003,0.05,24.5857851552242,7.205829607169929,15.0
58.1,24.611467,7.1907005,7.2373276,0.1,0.003,0.05,24.58360109594326,7.2055910836634265,15.0
58.2,24.596342,7.186742,14.968728,5.0,0.0,-0.05,24.581407699057227,7.205357525210065,15.0
58.300000000000004,24.588772,7.1827874,19.657703,5.0,0.0,-0.05,24.579204999660416,7.2051289332695845,15.0
58.400000000000006,24.592297,7.1878343,13.385187,0.1,0.003,0.05,24.57699303299597,7.204905309270684,15.0
58.5,24.595623,7.1928806,7.1750793,0.1,0.003,0.05,24.5747718344553,7.204686654611012,15.0
58.6,24.580284,7.1889176,14.925735,5.0,0.0,-0.05,24.572541439577545,7.20447297065716,15.0
58.7,24.572525,7.184959,19.626337,5.0,0.0,-0.05,24.570301884048966,7.204264258744651,15.0
58.800000000000004,24.575888,7.190004,13.353998,0.1,0.003,0.05,24.568053203702412,7.2040605201779355,15.0
58.900000000000006,24.579058,7.1950483,7.1440644,0.1,0.003,0.05,24.56579543451672,7.203861756230378,15.0
59.0,24.563564,7.191081,14.901496,5.0,0.0,-0.05,24.563528612616143,7.203667968144251,15.0
59.1,24.555666,7.187118,19.606165,5.0,0.0,-0.05,24.561252774269782,7.203479157130732,15.0
59.2,24.558897,7.1921616,13.333888,0.1,0.003,0.05,24.55896795589101,7.203295324369888,15.0
59.300000000000004,24.561945,7.1972046,7.1240144,0.1,0.003,0.05,24.55667419403687,7.203116471010673,15.0
59.400000000000006,24.546345,7.193233,14.883758,5.0,0.0,-0.05,24.5543715254075,7.20294259817092,15.0
59.5,24.538351,7.189266,19.589802,5.0,0.0,-0.05,24.55205998684555,7.202773706937334,15.0
59.6,24.54149,7.1943083,13.317545,0.1,0.003,0.05,24.549739615335586,7.2026097983654855,15.0
59.7,24.544458,7.19935,7.107691,0.1,0.003,0.05,24.547410448003507,7.2024508734798,15.0
59.800000000000004,24.528797,7.1953745,14.86818,5.0,0.0,-0.05,24.545072522115934,7.20229693327356,15.0
59.900000000000006,24.520754,7.191404,19.574661,5.0,0.0,-0.05,24.54272587507964,7.20214797870889,15.0
60.0,24.523846,7.1964445,13.302411,0.1,0.003,0.05,24.540370544440922,7.202004010716756,15.0
60.1,24.526777,7.201485,7.092563,0.1,0.003,0.05,24.53800656788502,7.201865030196958,15.0
60.2,24.511103,7.197506,14.853281,5.0,0.0,-0.05,24.535633983235506,7.2017310380181225,15.0
60.300000000000004,24.503057,7.1935315,19.5599,5.0,0.0,-0.05,24.53325282845369,7.201602035017701,15.0
60.400000000000006,24.506151,7.198571,13.287652,0.1,0.003,0.05,24.530863141637997,7.201478022001961,15.0
60.5,24.509096,7.203611,7.077806,0.1,0.003,0.05,24.52846496102336,7.2013589997459855,15.0
60.6,24.493456,7.1996284,14.838616,5.0,0.0,-0.05,24.52605832498062,7.201244968993661,15.0
60.7,24.485458,7.195651,19.545305,5.0,0.0,-0.05,24.523643272015907,7.20113593045768,15.0
60.800000000000004,24.488678,7.2006907,19.617554,0.1,0.0,0.05,24.52121984077001,7.201031884819534,15.0
60.900000000000006,24.491919,7.20573,19.689077,0.1,0.0,0.05,24.51878807001778,7.200932832729507,15.0
61.0,24.491367,7.205979,21.37118,2.6970155,0.0,-0.0030620608,24.516347998667495,7.200838774806673,15.0
61.1,24.491837,7.2062273,22.65563,2.6970155,0.0,-0.0030620608,24.51389966576025,7.200749711638895,15.0
61.2,24.492666,7.206459,22.432053,2.6970158,0.0006465968,-0.003232388,24.511443110469315,7.200665643782819,15.0
61.300000000000004,24.493393,7.206691,22.261429,2.6970158,0.0006465968,-0.003232388,24.508978372099524,7.200586571763867,15.0
61.400000000000006,24.493587,7.208724,22.814606,3.419091,0.00042364647,0.013359528,24.506505490086635,7.2005124960762386,15.0
61.5,24.49422,7.2107553,23.207354,3.419091,0.00042364647,0.013359528,24.504024503996714,7.200443417182908,15.0
61.6,24.494715,7.2069035,24.622269,5.0,0.0,-0.048613753,24.50153545352548,7.200379335515617,15.0
61.7,24.496626,7.2030563,25.482098,5.0,0.0,-0.048613753,24.499038378497687,7.200320251474876,15.0
61.800000000000004,24.499409,7.1999717,26.00534,5.0,0.0,-0.04103586,24.496533318866486,7.20026616542996,15.0
61.900000000000006,24.502735,7.1968913,26.324472,5.0,0.0,-0.04103586,24.494020314712778,7.200217077718907,15.0
62.0,24.506407,7.194497,26.51979,5.0,0.0,-0.03420788,24.491499406244568,7.200172988648514,15.0
62.1,24.510303,7.1921062,26.63999,5.0,0.0,-0.03420788,24.48897063379635,7.2001338984943395,15.0
62.2,24.514366,7.198134,26.713585,5.0,0.0,0.049995434,24.486434037828417,7.2000998075006954,15.0
62.300000000000004,24.518562,7.2041545,26.75804,5.0,0.0,0.049995434,24.48388965892626,7.20007071588065,15.0
62.400000000000006,24.522858,7.206097,26.78537,5.0,0.0,0.009262783,24.48133753779988,7.200046623816027,15.0
62.5,24.52723,7.208038,26.802774,5.0,0.0,0.009262783,24.478777715283165,7.200027531457401,15.0
62.6,24.531668,7.209946,26.814182,5.0,0.0,0.008960877,24.47621023233322,7.200013438924099,15.0
62.7,24.536167,7.2118526,26.821972,5.0,0.0,0.008960877,24.473635130029717,7.2000043463042,15.0
62.800000000000004,24.540726,7.2140026,26.827555,5.0,0.0,0.011419193,24.471052449574238,7.200000253654532,15.0
62.900000000000006,24.545341,7.2161503,26.831789,5.0,0.0,0.011419193,24.46846223228961,7.200001161000675,15.0
63.0,24.549753,7.2179666,26.468857,4.6479917,0.00021551526,0.008816514,24.465864519619267,7.200007068336958,15.0
63.1,24.553879,7.2197814,26.241558,4.6479917,0.00021551526,0.008816514,24.463259353126542,7.200017975626459,15.0
63.2,24.557823,7.221299,26.063951,4.6156087,0.00023534159,0.005927632,24.460646774494055,7.200033882801008,15.0
63.300000000000004,24.561653,7.2228155,25.952717,4.6156087,0.00023534159,0.005927632,24.458026825523,7.200054789761186,15.0
63.400000000000006,24.56545,7.224122,25.93107,4.658441,0.0002091178,0.0037564638,24.455399548132508,7.2000806963763235,15.0
63.5,24.569275,7.225427,25.918253,4.658441,0.0002091178,0.0037564638,24.45276498435896,7.200111602484505,15.0
63.6,24.573727,7.220474,19.583076,0.1,0.003,-0.05,24.450123176355326,7.200147507892567,15.0
63.7,24.578064,7.215521,13.310999,0.1,0.003,-0.05,24.44747416639047,7.200188412376102,15.0
63.800000000000004,24.566376,7.2115316,13.624484,5.0,0.003,-0.05,24.444817996848496,7.200234315679455,15.0
63.900000000000006,24.555037,7.2075477,13.812251,5.0,0.003,-0.05,24.442154710228063,7.200285217515732,15.0
64.0,24.543922,7.2036524,13.923805,5.0,0.003,-0.049166977,24.4394843491417,7.200341117566796,15.0
64.10000000000001,24.532955,7.199762,13.98916,5.0,0.003,-0.049166977,24.436806956315127,7.200402015483272,15.0
64.2,24.524824,7.195876,18.05282,4.9975166,0.00059024245,-0.049166977,24.43412257458657,7.200467910884549,15.0
64.3,24.520716,7.191995,20.518358,4.9975166,0.00059024245,-0.049166977,24.431431246906083,7.20053880335878,15.0
64.4,24.525335,7.1870446,14.23675,0.1,0.003,-0.05,24.428733016334846,7.200614692462888,15.0
64.5,24.529827,7.182094,8.017708,0.1,0.003,-0.05,24.426027926044497,7.200695577722565,15.0
64.60000000000001,24.516563,7.1781483,15.420501,5.0,0.0,-0.05,24.423316019316417,7.20078145863228,15.0
64.7,24.5106,7.174207,19.910587,5.0,0.0,-0.05,24.42059733954106,7.200872334655276,15.0
64.8,24.515303,7.178597,13.635029,0.1,0.003,0.04339979,24.417871930217245,7.200968205223581,15.0
64.9,24.519867,7.1829867,7.421922,0.1,0.003,0.04339979,24.41513983495146,7.201069069738001,15.0
65.0,24.50611,7.1790395,15.05576,5.0,0.0,-0.05,24.41240109745717,7.201174927568134,15.0
65.10000000000001,24.499866,7.1750975,19.68593,5.0,0.0,-0.05,24.40965576155412,7.2012857780523705,15.0
65.2,24.50462,7.172403,13.412543,0.1,0.003,-0.027442545,24.406903871167625,7.201401620497894,15.0
65.3,24.509222,7.1697083,7.2016287,0.1,0.003,-0.027442545,24.404145470327872,7.201522454180689,15.0
65.4,24.49525,7.165777,14.922047,5.0,0.0,-0.05,24.401380603169216,7.201648278345547,15.0
65.5,24.488867,7.161851,19.604698,5.0,0.0,-0.05,24.39860931392947,7.201779092206067,15.0
65.60000000000001,24.483686,7.165838,17.42978,5.0,0.003,0.02913564,24.395831646949205,7.201914894944661,15.0
65.7,24.476381,7.1698194,16.107264,5.0,0.003,0.02913564,24.393047646671036,7.202055685712565,15.0
65.8,24.46778,7.1682982,15.302186,5.0,0.003,-0.02587646,24.3902573576389,7.202201463629835,15.0
65.9,24.45838,7.1667786,14.811372,5.0,0.003,-0.02587646,24.387460824497374,7.20235222778536,15.0
66.0,24.448488,7.164542,14.511153,5.0,0.003,-0.033065733,24.384658091990918,7.2025079772368645,15.0
66.10000000000001,24.438288,7.162308,14.326546,5.0,0.003,-0.033065733,24.381849204963196,7.202668711010917,15.0
66.2,24.427889,7.1598988,14.212039,5.0,0.003,-0.034846876,24.379034208356344,7.202834428102928,15.0
66.3,24.41736,7.1574917,14.140038,5.0,0.003,-0.034846876,24.37621314721024,7.20300512747717,15.0
66.4,24.40674,7.1558433,14.093699,5.0,0.003,-0.027283363,24.37338606666181,7.2031808080667705,15.0
66.5,24.396053,7.1541967,14.062828,5.0,0.003,-0.027283363,24.370553011944278,7.203361468773727,15.0
66.60000000000001,24.39882,7.1593356,8.52488,0.5410223,0.003,0.05,24.36771402838646,7.20354710846891,15.0
66.7,24.400827,7.1644735,3.2785194,0.5410223,0.003,0.05,24.364869161412027,7.203737725992073,15.0
66.8,24.382849,7.1605444,12.510192,5.0,0.0,-0.05,24.362018456538802,7.203933320151856,15.0
66.9,24.373909,7.15662,18.108898,5.0,0.0,-0.05,24.359161959377992,7.204133889725797,15.0
67.0,24.367043,7.162694,16.488945,5.0,0.003,0.05,24.356299715633497,7.204339433460336,15.0
67.10000000000001,24.358568,7.16876,15.502268,5.0,0.003,0.05,24.35343177110115,7.2045499500708265,15.0
67.2,24.34911,7.1748176,14.899481,5.0,0.003,0.05,24.35055817166801,7.204765438241539,15.0
67.3,24.339043,7.1808677,14.529404,5.0,0.003,0.05,24.347678963311598,7.204985896625675,15.0
67.4,24.329498,7.1869097,15.632336,5.0,0.0022032303,0.05,24.34479419209919,7.205211323845368,15.0
67.5,24.32102,7.192944,16.297508,5.0,0.0022032303,0.05,24.341903904187063,7.2054417184917,15.0
67.60000000000001,24.31236,7.1987066,15.498587,5.0,0.002920323,0.04735798,24.339008145819765,7.205677079124705,15.0
67.7,24.302893,7.2044616,15.009771,5.0,0.002920323,0.04735798,24.336106963329367,7.2059174042733805,15.0
67.8,24.295403,7.2095466,18.36499,5.0,0.00073332305,0.04073116,24.333200403134725,7.206162692435694,15.0
67.9,24.291182,7.214625,20.397999,5.0,0.00073332305,0.04073116,24.33028851174074,7.206412942078595,15.0
68.0,24.286695,7.219839,18.33908,5.0,0.0027016231,0.042156592,24.327371335737613,7.206668151638025,15.0
68.10000000000001,24.280157,7.2250466,17.08688,5.0,0.0027016231,0.042156592,24.3244489218001,7.206928319518925,15.0
68.2,24.28405,7.2293863,17.181887,0.1,0.0,0.04300256,24.32152131668676,7.207193444095246,15.0
68.3,24.287895,7.2337255,17.275951,0.1,0.0,0.04300256,24.31858856723921,7.207463523709961,15.0
68.4,24.291693,7.22894,17.36911,0.1,0.0,-0.04824361,24.31565072038138,7.207738556675073,15.0
68.5,24.295443,7.2241545,17.4614,0.1,0.0,-0.04824361,24.31270782311876,7.2080185412716276,15.0
68.60000000000001,24.29177,7.2261114,20.678005,4.3136954,0.0,0.0110186,24.309759922537644,7.20830347574972,15.0
68.7,24.290874,7.2280664,22.76699,4.3136954,0.0,0.0110186,24.30680706580437,7.208593358328512,15.0
68.8,24.291416,7.225625,24.290836,5.0,0.0,-0.034274008,24.303849300164593,7.208888187196239,15.0
68.9,24.293402,7.2231865,25.216448,5.0,0.0,-0.034274008,24.300886672942493,7.20918796051022,15.0
69.0,24.296242,7.219337,25.779573,5.0,0.0,-0.048427403,24.297919231540043,7.209492676396874,15.0
69.10000000000001,24.299578,7.2154922,26.123095,5.0,0.0,-0.048427403,24.294947023436247,7.2098023329517265,15.0
69.2,24.303196,7.2116523,26.333473,5.0,0.0,-0.048427403,24.29197009618637,7.210116928239427,15.0
69.3,24.306967,7.2078176,26.463123,5.0,0.0,-0.048427403,24.28898849742118,7.210436460293754,15.0
69.4,24.309038,7.2091393,23.916298,4.9981947,0.0015712451,0.0031237886,24.286002274846194,7.210760927117634,15.0
69.5,24.308575,7.2104597,22.37054,4.9981947,0.0015712451,0.0031237886,24.283011476240915,7.21109032668315,15.0
69.60000000000001,24.308167,7.213518,23.723839,4.9404426,0.00019059425,0.020644782,24.280016149458053,7.211424656931557,15.0
69.7,24.309055,7.216573,24.549255,4.9404426,0.00019059425,0.020644782,24.277016342422773,7.211763915773291,15.0
69.8,24.31073,7.22077,25.052605,4.9404187,0.00019059425,0.03210409,24.274012103131923,7.212108101087986,15.0
69.9,24.31288,7.2249618,25.359432,4.9404187,0.00019059425,0.03210409,24.27100347965327,7.212457210724484,15.0
70.0,24.315304,7.2291045,25.521471,4.9160233,0.00020409391,0.031709567,24.267990520124723,7.21281124250085,15.0
70.10000000000001,24.317875,7.2332425,25.620384,4.9160233,0.00020409391,0.031709567,24.264973272753572,7.213170194204389,15.0
70.2,24.31967,7.2360086,23.95738,4.192478,0.0011629144,0.01941624,24.26195178581571,7.213534063591654,15.0
70.3,24.320032,7.2387724,22.863401,4.192478,0.0011629144,0.01941624,24.25892610765486,7.21390284838846,15.0
70.4,24.32035,7.2403154,22.784903,3.5592616,0.0006790823,0.008432846,24.255896286681818,7.214276546289906,15.0
70.5,24.320606,7.2418575,22.729694,3.5592616,0.0006790823,0.008432846,24.25286237137364,7.214655154960378,15.0
70.60000000000001,24.319544,7.2374525,18.241472,3.0043235,0.003,-0.05,24.24982441027292,7.215038672033577,15.0
70.7,24.315561,7.2330513,14.918031,3.0043235,0.003,-0.05,24.246782451986967,7.215427095112519,15.0
70.8,24.307627,7.2311287,13.203435,3.6859422,0.003,-0.026548889,24.24373654518704,7.215820421769564,15.0
70.9,24.298378,7.2292085,12.015697,3.6859422,0.003,-0.026548889,24.240686738607597,7.216218649546419,15.0
71.0,24.286396,7.227541,15.597383,4.9990106,0.0012973987,-0.026575789,24.237633081045466,7.216621775954164,15.0
71.10000000000001,24.27795,7.225876,17.768333,4.9990106,0.0012973987,-0.026575789,24.23457562135911,7.217029798473258,15.0
71.2,24.269728,7.2279954,16.237946,5.0,0.003,0.0112712085,24.231514408467813,7.217442714553564,15.0
71.3,24.260033,7.230113,15.30617,5.0,0.003,0.0112712085,24.228449491350922,7.217860521614357,15.0
71.4,24.24945,7.228011,14.7378235,5.0,0.003,-0.03092414,24.225380919047044,7.218283217044343,15.0
71.5,24.238337,7.2259126,14.390249,5.0,0.003,-0.03092414,24.22230874065327,7.218710798201678,15.0
71.60000000000001,24.22691,7.222652,14.176663,5.0,0.003,-0.042578004,24.219233005324387,7.219143262413981,15.0
71.7,24.215303,7.2193956,14.044433,5.0,0.003,-0.042578004,24.216153762272093,7.219580606978352,15.0
71.8,24.203758,7.216232,13.963268,4.948104,0.0029682268,-0.041597504,24.213071060764218,7.220022829161389,15.0
71.9,24.192167,7.213072,13.911119,4.948104,0.0029682268,-0.041597504,24.209984950123914,7.220469926199204,15.0
72.0,24.180668,7.209973,13.877545,4.914547,0.0029476818,-0.0409635,24.20689547972889,7.220921895297444,15.0
72.10000000000001,24.169174,7.2068777,13.854375,4.914547,0.0029476818,-0.0409635,24.203802699010602,7.221378733631301,15.0
72.2,24.1577,7.203787,13.837573,4.914547,0.0029476818,-0.0409635,24.200706657453477,7.22184043834554,15.0
72.3,24.146254,7.2007,13.824676,4.914547,0.0029476818,-0.0409635,24.197607404594116,7.222307006554505,15.0
72.4,24.13484,7.1976166,13.814175,4.914547,0.0029476818,-0.0409635,24.194504990020494,7.222778435342148,15.0
72.5,24.123463,7.194537,13.80515,4.914547,0.0029476818,-0.0409635,24.191399463371187,7.223254721762039,15.0
72.60000000000001,24.112127,7.1932464,13.796814,4.914547,0.0029476818,-0.023105402,24.188290874334545,7.223735862837392,15.0
72.7,24.10084,7.191957,13.788721,4.914547,0.0029476818,-0.023105402,24.185179272647932,7.224221855561074,15.0
72.8,24.091549,7.1931896,13.050824,4.151581,0.0029104233,0.0036531163,24.182064708096906,7.224712696895635,15.0
72.9,24.081692,7.194421,12.560866,4.151581,0.0029104233,0.0036531163,24.178947230514435,7.225208383773316,15.0
73.0,24.074497,7.194422,10.985395,3.1214378,0.0029104233,-0.0065695797,24.175826889780094,7.225708913096076,15.0
73.10000000000001,24.066301,7.1944222,9.83075,3.1214378,0.0029104233,-0.0065695797,24.172703735819265,7.226214281735609,15.0
73.2,24.05455,7.1904607,16.381264,5.0,0.0,-0.05,24.16957781860235,7.226724486533362,15.0
73.3,24.049288,7.186504,20.354519,5.0,0.0,-0.05,24.166449188143954,7.227239524300557,15.0
73.4,24.047989,7.1925454,22.764162,5.0,0.0,0.05,24.1633178945021,7.22775939181821,15.0
73.5,24.049128,7.1985793,24.22488,5.0,0.0,0.05,24.160183987777415,7.22828408583715,15.0
73.60000000000001,24.048706,7.204605,20.596834,5.0,0.0027,0.05,24.157047518112346,7.228813603078041,15.0
73.7,24.04479,7.2106233,18.393288,5.0,0.0027,0.05,24.153908535690338,7.229347940231404,15.0
73.8,24.048916,7.214228,18.516743,0.15407711,0.0,0.03547058,24.150767090735037,7.22988709395763,15.0
73.9,24.053097,7.2178326,18.638325,0.15407711,0.0,0.03547058,24.147623233509506,7.230431060887013,15.0
74.0,24.050507,7.223729,21.713123,4.9931874,0.0,0.048971727,24.144477014315385,7.23097983761976,15.0
74.10000000000001,24.051,7.229618,23.578472,4.9931874,0.0,0.048971727,24.14132848349212,7.231533420726018,15.0
74.2,24.053375,7.2265973,24.711365,4.9935446,0.0,-0.040102825,24.138177691416132,7.232091806745896,15.0
74.3,24.056894,7.22358,25.400824,4.9935446,0.0,-0.040102825,24.13502468850003,7.232654992189482,15.0
74.4,24.061443,7.219796,25.50605,1.0346165,0.0,-0.040102825,24.131869525191792,7.2332229735368685,15.0
74.5,24.066055,7.216013,25.601496,1.0346165,0.0,-0.040102825,24.128712251973965,7.233795747238174,15.0
74.60000000000001,24.070726,7.21223,25.688114,1.034472,0.0,-0.04010283,24.12555291936285,7.2343733097135665,15.0
74.7,24.07545,7.208448,25.766788,1.034472,0.0,-0.04010283,24.122391577907706,7.2349556573532805,15.0
74.8,24.080183,7.207988,25.893381,1.9140623,0.0,-0.0086266855,24.119228278189926,7.2355427865176445,15.0
74.9,24.085,7.2075276,25.998592,1.9140623,0.0,-0.0086266855,24.11606307082224,7.236134693537106,15.0
75.0,24.089888,7.20595,26.051842,1.1189941,0.0,-0.018228622,24.112896006447894,7.236731374712245,15.0
75.10000000000001,24.094814,7.204372,26.099943,1.1189941,0.0,-0.018228622,24.109727135739853,7.237332826313808,15.0
75.2,24.099775,7.201977,26.143473,1.1189941,0.0,-0.02640151,24.106556509399983,7.237939044582724,15.0
75.3,24.104765,7.199582,26.18294,1.1189941,0.0,-0.02640151,24.103384178158237,7.23855002573013,15.0
75.4,24.109596,7.1969748,24.926386,1.1189941,0.0006427209,-0.028530242,24.100210192771844,7.239165765937397,15.0
75.5,24.114107,7.194368,23.803394,1.1189941,0.0006427209,-0.028530242,24.097034604024504,7.2397862613561506,15.0
75.60000000000001,24.118452,7.1920147,23.664204,1.1189941,0.00021284238,-0.026000302,24.09385746272557,7.240411508108296,15.0
75.7,24.122766,7.1896615,23.540241,1.1189941,0.00021284238,-0.026000302,24.090678819709236,7.241041502286042,15.0
75.8,24.126757,7.1875362,21.361654,1.1189941,0.0012413906,-0.023725962,24.08749872583372,7.241676239951929,15.0
75.9,24.13017,7.1854115,19.414133,1.1189941,0.0012413906,-0.023725962,24.084317231980457,7.242315717138848,15.0
76.0,24.134958,7.1904516,13.140608,0.1,0.003,0.05,24.081134389053283,7.242959929850068,15.0
76.10000000000001,24.139585,7.195492,6.9295096,0.1,0.003,0.05,24.07795024797761,7.243608874059262,15.0
76.2,24.125822,7.1915197,14.641874,5.0,0.0,-0.05,24.074764859699638,7.244262545710532,15.0
76.3,24.119629,7.1875525,19.319706,5.0,0.0,-0.05,24.071578275185505,7.244920940718431,15.0
76.4,24.114626,7.193584,17.141659,5.0,0.003,0.05,24.068390545420492,7.245584054967992,15.0
76.5,24.10749,7.199608,15.816815,5.0,0.003,0.05,24.065201721408215,7.246251884314753,15.0
76.60000000000001,24.104315,7.205175,12.8122015,2.7472522,0.003,0.05,24.062011854169786,7.246924424584784,15.0
76.7,24.099325,7.2107387,10.527762,2.7472522,0.003,0.05,24.058820994743012,7.24760167157471,15.0
76.80000000000001,24.086119,7.2167377,12.41815,4.999399,0.00262622,0.049967654,24.055629194181577,7.2482836210517405,15.0
76.9,24.074774,7.222729,13.560266,4.999399,0.00262622,0.049967654,24.052436503554222,7.248970268753691,15.0
77.0,24.077814,7.218942,13.758635,0.59009033,0.00026271536,-0.039218288,24.04924297394393,7.249661610389017,15.0
77.10000000000001,24.080849,7.2151556,13.945897,0.59009033,0.00026271536,-0.039218288,24.046048656447105,7.250357641636836,15.0
77.2,24.083708,7.211549,14.118752,0.6453108,0.0002969914,-0.037539545,24.04285360217276,7.251058358146955,15.0
77.30000000000001,24.086555,7.2079425,14.281073,0.6453108,0.0002969914,-0.037539545,24.039657862241693,7.251763755539898,15.0
77.4,24.082159,7.212331,11.673412,2.7749696,0.003,0.038197886,24.036461487785676,7.252473829406932,15.0
77.5,24.076153,7.2167163,9.696014,2.7749696,0.003,0.038197886,24.03326452994663,7.253188575310099,15.0
77.60000000000001,24.06485,7.212719,16.29723,5.0,0.0,-0.05,24.03006703987582,7.25390798878224,15.0
77.7,24.059988,7.208727,20.301384,5.0,0.0,-0.05,24.02686906873301,7.254632065327021,15.0
77.80000000000001,24.064314,7.2137685,14.018365,0.1,0.003,0.05,24.023670667685675,7.255360800418969,15.0
77.9,24.068436,7.21881,7.797865,0.1,0.003,0.05,24.020471887908162,7.256094189503489,15.0
78.0,24.055096,7.2148113,15.142365,5.0,0.0,-0.05,24.01727278058088,7.256832227996904,15.0
78.10000000000001,24.048925,7.210818,19.59705,5.0,0.0,-0.05,24.014073396889472,7.257574911286476,15.0
78.2,24.053038,7.2158604,13.320944,0.1,0.003,0.05,24.010873788024018,7.258322234730434,15.0
78.30000000000001,24.056942,7.2209034,7.1072855,0.1,0.003,0.05,24.00767400517819,7.2590741936580105,15.0
78.4,24.04274,7.2169037,14.719312,5.0,0.0,-0.05,24.004474099548435,7.259830783369465,15.0
78.5,24.035969,7.212909,19.336115,5.0,0.0,-0.05,24.00127412233319,7.260591999136115,15.0
78.60000000000001,24.033878,7.218501,15.587589,2.8920362,0.003,0.05,23.99807412473201,7.261357836200363,15.0
78.7,24.029394,7.224089,12.778926,2.8920362,0.003,0.05,23.994874157944796,7.262128289775729,15.0
78.80000000000001,24.031912,7.228335,7.0306416,0.37920362,0.003,0.04147075,23.991674273170947,7.262903355046884,15.0
78.9,24.033844,7.2325807,1.4962205,0.37920362,0.003,0.04147075,23.98847452160855,7.2636830271696695,15.0
79.0,24.01388,7.2285686,11.304117,5.0,0.0,-0.05,23.98527495445356,7.2644673012711385,15.0
79.10000000000001,24.003511,7.2245617,17.251991,5.0,0.0,-0.05,23.982075622898982,7.26525617244958,15.0
79.2,23.99555,7.230554,15.843558,5.0,0.003,0.05,23.978876578134056,7.266049635774552,15.0
79.30000000000001,23.986185,7.2365394,14.984957,5.0,0.003,0.05,23.97567787134343,7.266847686286912,15.0
79.4,23.975954,7.2393937,14.46006,5.0,0.003,0.018741315,23.972479553706343,7.267650318998845,15.0
79.5,23.965181,7.2422447,14.137784,5.0,0.003,0.018741315,23.969281676395813,7.268457528893901,15.0
79.60000000000001,23.95407,7.244772,13.93837,5.0,0.003,0.015536465,23.9660842905778,7.26926931092702,15.0
79.7,23.94274,7.2472963,13.81346,5.0,0.003,0.015536465,23.96288744741042,7.2700856600245665,15.0
79.80000000000001,23.933962,7.249329,12.595545,3.9077022,0.003,0.012701517,23.959691198043085,7.270906571084363,15.0
79.9,23.924177,7.2513604,11.768832,3.9077022,0.003,0.012701517,23.956495593615724,7.271732038975716,15.0
80.0,23.913702,7.2531486,11.206643,3.9077075,0.003,0.010289148,23.953300685257936,7.272562058539455,15.0
80.10000000000001,23.902754,7.2549353,10.82331,3.9077075,0.003,0.010289148,23.950106524088188,7.27339662458796,15.0
80.2,23.891481,7.2565165,10.5609255,3.9077127,0.003,0.008249297,23.94691316121299,7.274235731905196,15.0
80.30000000000001,23.879984,7.258096,10.380322,3.9077127,0.003,0.008249297,23.943720647726078,7.2750793752467455,15.0
80.4,23.86833,7.2595024,10.2550335,3.9077175,0.003,0.006530591,23.940529034707605,7.275927549339839,15.0
80.5,23.856565,7.2609076,10.167148,3.9077175,0.003,0.006530591,23.93733837322331,7.276780248883393,15.0
80.60000000000001,23.859543,7.255955,10.327657,0.1,0.0,-0.05,23.9341487143237,7.277637468548037,15.0
80.7,23.862509,7.2510033,10.486621,0.1,0.0,-0.05,23.930960109043262,7.2784992029761515,15.0
80.80000000000001,23.865465,7.2467055,10.644053,0.1,0.0,-0.043456078,23.927772608399604,7.279365446781898,15.0
80.9,23.868418,7.242408,10.799967,0.1,0.0,-0.043456078,23.92458626339267,7.280236194551257,15.0
81.0,23.871367,7.2474556,10.954349,0.1,0.0,0.05,23.921401125003914,7.281111440842056,15.0
81.10000000000001,23.874317,7.252503,11.107186,0.1,0.0,0.05,23.91821724419548,7.281991180184011,15.0
81.2,23.877272,7.2569304,11.258497,0.1,0.0,0.043802127,23.915034671909396,7.282875407078752,15.0
81.30000000000001,23.880234,7.2613573,11.408298,0.1,0.0,0.043802127,23.911853459066748,7.2837641159998645,15.0
81.4,23.883207,7.2646923,11.556606,0.1,0.0,0.03288456,23.908673656566872,7.284657301392921,15.0
81.5,23.886194,7.268027,11.703442,0.1,0.0,0.03288456,23.905495315286547,7.285554957675513,15.0
81.60000000000001,23.889196,7.2714834,11.848818,0.1,0.0,0.034109883,23.902318486079157,7.286457079237296,15.0
81.7,23.892218,7.2749395,11.99275,0.1,0.0,0.034109883,23.899143219773908,7.287363660440011,15.0
81.80000000000001,23.895191,7.2782044,6.5808983,0.1,0.0026263809,0.032197613,23.89596956717499,7.2882746956175275,15.0
81.9,23.898052,7.281469,1.2228973,0.1,0.0026263809,0.032197613,23.89279757906078,7.28919017907588,15.0
82.0,23.877598,7.2773957,11.086617,5.0,0.0,-0.05,23.88962730618302,7.2901101050933,15.0
82.10000000000001,23.86687,7.2733274,17.068254,5.0,0.0,-0.05,23.886458799266002,7.291034467920252,15.0
82.2,23.864172,7.275521,13.310188,2.3420522,0.003,0.017429905,23.883292109005776,7.291963261779471,15.0
82.30000000000001,23.859549,7.2777123,10.335927,2.3420522,0.003,0.017429905,23.880127286069314,7.292896480865999,15.0
82.4,23.84557,7.2803955,11.269619,4.7342052,0.003,0.018050624,23.876964381093718,7.2938341193472205,15.0
82.5,23.832527,7.283075,11.846953,4.7342052,0.003,0.018050624,23.8738034446854,7.294776171362898,15.0
82.60000000000001,23.835812,7.2798257,11.990433,0.1,0.0,-0.032910362,23.870644527419277,7.295722631025208,15.0
82.7,23.839142,7.276576,12.132528,0.1,0.0,-0.032910362,23.867487679837954,7.2966734924187815,15.0
82.80000000000001,23.842516,7.2740874,12.2732525,0.1,0.0,-0.025296548,23.864332952450926,7.2976287496007375,15.0
82.9,23.845938,7.271599,12.412617,0.1,0.0,-0.025296548,23.861180395733765,7.298588396600723,15.0
83.0,23.849403,7.26973,12.124954,0.1,0.0002012827,-0.01909352,23.858030060127312,7.299552427420946,15.0
83.10000000000001,23.85291,7.267861,11.840191,0.1,0.0002012827,-0.01909352,23.854881996036866,7.300520836036218,15.0
83.2,23.856451,7.266492,11.129432,0.1,0.00040407176,-0.014090534,23.85173625383139,7.301493616393987,15.0
83.30000000000001,23.860023,7.2651224,10.42578,0.1,0.00040407176,-0.014090534,23.848592883842688,7.30247076241438,15.0
83.4,23.86364,7.2701616,10.58369,0.1,0.0,0.05,23.845451936364615,7.303452267990238,15.0
83.5,23.86731,7.2752004,10.740025,0.1,0.0,0.05,23.842313461652264,7.304438126987153,15.0
83.60000000000001,23.856905,7.28044,16.85126,4.9967737,0.0,0.043168753,23.83917750992116,7.30542833324351,15.0
83.7,23.852581,7.2856727,20.557322,4.9967737,0.0,0.043168753,23.83604413134647,7.306422880570524,15.0
83.80000000000001,23.856575,7.281828,14.269774,0.1,0.003,-0.038825426,23.83291337606218,7.307421762752275,15.0
83.9,23.860462,7.277983,8.044842,0.1,0.003,-0.038825426,23.829785294160306,7.3084249735457565,15.0
84.0,23.847609,7.273908,15.217021,5.0,0.0,-0.05,23.826659935690095,7.309432506680901,15.0
84.10000000000001,23.841854,7.269838,19.567293,5.0,0.0,-0.05,23.823537350657215,7.310444355860631,15.0
84.2,23.846025,7.2748756,13.289585,0.1,0.003,0.05,23.820417589022963,7.311460514760892,15.0
84.30000000000001,23.85009,7.2799134,7.0743423,0.1,0.003,0.05,23.817300700703452,7.312480977030695,15.0
84.4,23.836498,7.2758355,14.624504,5.0,0.0,-0.05,23.814186735568835,7.313505736292153,15.0
84.5,23.830372,7.271763,19.203974,5.0,0.0,-0.05,23.811075743442483,7.314534786140524,15.0
84.60000000000001,23.829683,7.277229,15.093086,2.461242,0.003,0.05,23.807967774100206,7.315568120144252,15.0
84.7,23.826805,7.2826915,11.878039,2.461242,0.003,0.05,23.804862877269446,7.316605731845,15.0
84.80000000000001,23.827944,7.287228,6.973096,0.87217087,0.003,0.043609396,23.801761102628486,7.317647614757699,15.0
84.9,23.8281,7.291764,2.4776344,0.87217087,0.003,0.043609396,23.79866249980566,7.318693762370585,15.0
85.0,23.810307,7.2876716,11.825342,5.0,0.0,-0.05,23.795567118378536,7.319744168145238,15.0
85.10000000000001,23.801739,7.2835846,17.49458,5.0,0.0,-0.05,23.792475007873158,7.3207988255166265,15.0
85.2,23.795385,7.289497,15.917594,5.0,0.003,0.05,23.789386217763226,7.3218577278931445,15.0
85.30000000000001,23.787537,7.295402,14.957197,5.0,0.003,0.05,23.78630079746932,7.322920868656655,15.0
85.4,23.778795,7.2978187,14.371039,5.0,0.003,0.015164098,23.783218796358092,7.3239882411625326,15.0
85.5,23.76952,7.3002324,14.012135,5.0,0.003,0.015164098,23.7801402637415,7.325059838739703,15.0
85.60000000000001,23.759932,7.302154,13.791065,5.0,0.003,0.010267568,23.777065248876,7.326135654690684,15.0
85.7,23.750164,7.304074,13.653614,5.0,0.003,0.010267568,23.773993800961758,7.327215682291628,15.0
85.80000000000001,23.754847,7.3091135,13.7783575,0.1,0.0,0.05,23.770925969141878,7.32829991479237,15.0
85.9,23.759546,7.314153,13.901865,0.1,0.0,0.05,23.76786180250161,7.329388345416457,15.0
86.0,23.764263,7.3191934,14.024148,0.1,0.0,0.05,23.764801350067547,7.3304809673612015,15.0
86.10000000000001,23.768991,7.3242335,14.14522,0.1,0.0,0.05,23.761744660806865,7.331577773797722,15.0
86.2,23.77373,7.329274,14.265092,0.1,0.0,0.05,23.758691783626528,7.332678757870979,15.0
86.30000000000001,23.778475,7.334315,14.383777,0.1,0.0,0.05,23.755642767372503,7.333783912699828,15.0
86.4,23.783224,7.339356,14.501286,0.1,0.0,0.05,23.75259766082899,7.334893231377054,15.0
86.5,23.787973,7.344397,14.617631,0.1,0.0,0.05,23.749556512717625,7.3360067069694175,15.0
86.60000000000001,23.79272,7.3494387,14.732823,0.1,0.0,0.05,23.746519371696714,7.3371243325177025,15.0
86.7,23.797462,7.3544803,14.846875,0.1,0.0,0.05,23.743486286360447,7.33824610103675,15.0
86.80000000000001,23.802195,7.3595223,14.959798,0.1,0.0,0.05,23.740457305238124,7.339372005515513,15.0
86.9,23.806915,7.3645644,15.071602,0.1,0.0,0.05,23.737432476793384,7.340502038917092,15.0
87.0,23.81162,7.3642926,15.182314,0.1,0.0,-0.0031440987,23.734411849423413,7.341636194178779,15.0
87.10000000000001,23.816309,7.3640213,15.291962,0.1,0.0,-0.0031440987,23.731395471458185,7.34277446421211,15.0
87.2,23.820976,7.36375,15.400555,0.1,0.0,-0.0031440987,23.72838339115968,7.3439168419029,15.0
87.30000000000001,23.82562,7.363479,15.508103,0.1,0.0,-0.0031440987,23.725375656721127,7.345063320111294,15.0
87.4,23.83024,7.3632083,15.614618,0.1,0.0,-0.0031440987,23.722372316266206,7.346213891671804,15.0
87.5,23.834831,7.362938,15.720109,0.1,0.0,-0.0031440987,23.719373417848303,7.347368549393362,15.0
87.60000000000001,23.839392,7.362668,15.824586,0.1,0.0,-0.0031440987,23.716379009449728,7.348527286059364,15.0
87.7,23.84392,7.362398,15.928059,0.1,0.0,-0.0031440987,23.71338913898095,7.3496900944277055,15.0
87.80000000000001,23.848412,7.3621283,16.030537,0.1,0.0,-0.0031440987,23.710403854279836,7.350856967230841,15.0
87.9,23.852867,7.361859,16.13203,0.1,0.0,-0.0031440987,23.70742320311087,7.352027897175818,15.0
88.0,23.857283,7.3615894,16.23255,0.10000001,0.0,-0.0031440987,23.70444723316442,7.353202876944328,15.0
88.10000000000001,23.861658,7.36132,16.332104,0.10000001,0.0,-0.0031440987,23.70147599205593,7.354381899192751,15.0
88.2,23.865992,7.3610506,16.4307,0.10000001,0.0,-0.0031440987,23.698509527325196,7.355564956552204,15.0
88.30000000000001,23.870281,7.360781,16.528349,0.10000001,0.0,-0.0031440987,23.695547886435598,7.35675204162858,15.0
88.4,23.874527,7.360512,16.625061,0.10000001,0.0,-0.0031440987,23.69259111677332,7.357943147002603,15.0
88.5,23.878727,7.3602424,16.720842,0.10000001,0.0,-0.0031440987,23.689639265646615,7.359138265229865,15.0
88.60000000000001,23.882881,7.359973,16.815704,0.10000001,0.0,-0.0031440987,23.686692380285038,7.360337388840885,15.0
88.7,23.886988,7.3597035,16.909655,0.10000001,0.0,-0.0031440987,23.683750507838695,7.3615405103411415,15.0
88.80000000000001,23.891047,7.359434,17.002703,0.10000001,0.0,-0.0031440987,23.68081369537748,7.362747622211131,15.0
88.9,23.895058,7.3591647,17.094856,0.10000001,0.0,-0.0031440987,23.677881989890327,7.3639587169064065,15.0
89.0,23.899021,7.358895,17.186125,0.10000001,0.0,-0.0031440987,23.674955438284467,7.365173786857631,15.0
89.10000000000001,23.902935,7.358625,17.276516,0.10000001,0.0,-0.0031440987,23.67203408738466,7.366392824470622,15.0
89.2,23.906801,7.3583546,17.366037,0.10000001,0.0,-0.0031440987,23.669117983932455,7.367615822126396,15.0
89.30000000000001,23.91062,7.358084,17.454699,0.10000001,0.0,-0.0031440987,23.66620717458545,7.368842772181225,15.0
89.4,23.914392,7.3578134,17.542507,0.10000001,0.0,-0.0031440987,23.66330170591653,7.370073666966672,15.0
89.5,23.918118,7.3575425,17.629473,0.10000001,0.0,-0.0031440987,23.660401624413133,7.3713084987896496,15.0
89.60000000000001,23.921799,7.357271,17.715601,0.10000001,0.0,-0.0031440987,23.6575069764765,7.372547259932464,15.0
89.7,23.925434,7.3569994,17.800901,0.10000001,0.0,-0.0031440987,23.65461780842094,7.373789942652861,15.0
89.80000000000001,23.929028,7.3567276,17.885382,0.10000001,0.0,-0.0031440987,23.651734166473073,7.375036539184078,15.0
89.9,23.932579,7.3564553,17.96905,0.10000001,0.0,-0.0031440987,23.648856096771116,7.376287041734892,15.0
90.0,23.93609,7.3561826,18.051914,0.10000001,0.0,-0.0031440987,23.64598364536412,7.3775414424896635,15.0
90.10000000000001,23.939564,7.3559093,18.133982,0.10000001,0.0,-0.0031440987,23.643116858211243,7.378799733608393,15.0
90.2,23.94292,7.351888,11.871149,0.1003321,0.003,-0.040622972,23.640255781181022,7.380061907226766,15.0
90.30000000000001,23.946083,7.3478665,5.670887,0.1003321,0.003,-0.040622972,23.63740046005063,7.3813279554562,15.0
90.4,23.930264,7.3437085,13.784841,5.0,0.0,-0.05,23.634550940505136,7.3825978703839,15.0
90.5,23.922388,7.3395553,18.705849,5.0,0.0,-0.05,23.6317072681368,7.383871644072899,15.0
90.60000000000001,23.915926,7.3454003,16.67494,5.0,0.003,0.05,23.62886948844432,7.385149268562117,15.0
90.7,23.907467,7.351238,15.439013,5.0,0.003,0.05,23.626037646832106,7.386430735866405,15.0
90.80000000000001,23.89778,7.3478684,14.686184,5.0,0.003,-0.042048506,23.623211788609563,7.387716037976597,15.0
90.9,23.887331,7.344503,14.227195,5.0,0.003,-0.042048506,23.620391958990364,7.389005166859559,15.0
91.0,23.876413,7.341312,13.946302,5.0,0.003,-0.040342644,23.617578203091725,7.390298114458238,15.0
91.10000000000001,23.865206,7.3381248,13.773347,5.0,0.003,-0.040342644,23.61477056593368,7.3915948726917176,15.0
91.2,23.853817,7.3350706,13.665801,5.0,0.003,-0.03904754,23.611969092438358,7.392895433455262,15.0
91.30000000000001,23.842316,7.33202,13.597887,5.0,0.003,-0.03904754,23.60917382742928,7.394199788620372,15.0
91.4,23.830742,7.329356,13.553946,5.0,0.003,-0.035210993,23.606384815630626,7.39550793003483,15.0
91.5,23.819124,7.3266954,13.524489,5.0,0.003,-0.035210993,23.603602101666525,7.396819849522759,15.0
91.60000000000001,23.807486,7.327479,13.503373,5.0,0.003,-0.0007780292,23.60082573006034,7.398135538884664,15.0
91.7,23.795843,7.3282614,13.486942,5.0,0.003,-0.0007780292,23.598055745233957,7.3994549898974915,15.0
91.80000000000001,23.78421,7.3341174,13.472705,5.0,0.003,0.05,23.595292191507077,7.400778194314677,15.0
91.9,23.7726,7.339966,13.459258,5.0,0.003,0.05,23.5925351130965,7.402105143866199,15.0
92.0,23.761015,7.3458066,13.4463005,5.0,0.003,0.05,23.589784554115422,7.403435830258624,15.0
92.10000000000001,23.74946,7.35164,13.433649,5.0,0.003,0.05,23.587040558572724,7.404770245175168,15.0
92.2,23.737938,7.3573604,13.421208,5.0,0.003,0.048937242,23.58430317037228,7.406108380275743,15.0
92.30000000000001,23.72645,7.3630733,13.408918,5.0,0.003,0.048937242,23.581572433312243,7.407450227197008,15.0
92.4,23.715,7.36829,13.396794,5.0,0.003,0.044041544,23.578848391084346,7.408795777552424,15.0
92.5,23.70359,7.3735,13.384838,5.0,0.003,0.044041544,23.576131087273204,7.410145022932305,15.0
92.60000000000001,23.692223,7.379299,13.37292,5.0,0.003,0.05,23.573420565355626,7.411497954903873,15.0
92.7,23.680902,7.3850913,13.360976,5.0,0.003,0.05,23.570716868699904,7.412854565011307,15.0
92.80000000000001,23.669626,7.3887854,13.3493,5.0,0.003,0.029077126,23.56802004056512,7.414214844775799,15.0
92.9,23.658396,7.3924747,13.338026,5.0,0.003,0.029077126,23.565330124100473,7.415578785695604,15.0
93.0,23.647207,7.3929815,13.327417,5.0,0.003,-0.002726051,23.56264716234457,7.416946379246096,15.0
93.10000000000001,23.636059,7.393488,13.317568,5.0,0.003,-0.002726051,23.559971198224737,7.41831761687982,15.0
93.2,23.624954,7.394232,13.30816,5.0,0.003,-0.00034552638,23.557302274556346,7.419692490026544,15.0
93.30000000000001,23.613895,7.394975,13.299008,5.0,0.003,-0.00034552638,23.554640434042117,7.421070990093318,15.0
93.4,23.602886,7.396077,13.289981,5.0,0.003,0.0032506885,23.551985719271443,7.422453108464518,15.0
93.5,23.591927,7.397178,13.281004,5.0,0.003,0.0032506885,23.549338172719704,7.42383883650191,15.0
93.60000000000001,23.581293,7.398676,13.677283,5.0,0.002757573,0.007232699,23.546697836747587,7.425228165544699,15.0
93.7,23.571112,7.400172,13.914323,5.0,0.002757573,0.007232699,23.54406475360041,7.426621086909583,15.0
93.80000000000001,23.560957,7.405814,13.6490555,5.0,0.003,0.048730034,23.54143896540745,7.428017591890806,15.0
93.9,23.550617,7.4114494,13.483741,5.0,0.003,0.048730034,23.53882051418126,7.429417671760218,15.0
94.0,23.544645,7.4136233,11.530966,3.1924314,0.002949253,0.01681788,23.536209441817004,7.430821317767324,15.0
94.10000000000001,23.537397,7.415796,10.11011,3.1924314,0.002949253,0.01681788,23.533605790091787,7.432228521139343,15.0
94.2,23.54118,7.410835,10.267884,0.1,0.0,-0.05,23.531009600663978,7.433639273081254,15.0
94.30000000000001,23.545015,7.4058743,10.424146,0.1,0.0,-0.05,23.52842091507255,7.435053564775866,15.0
94.4,23.54453,7.4037523,12.4473715,1.3961133,1.6074653e-06,-0.023547897,23.525839774736426,7.436471387383859,15.0
94.5,23.544752,7.4016314,14.207119,1.3961133,1.6074653e-06,-0.023547897,23.52326622095379,7.437892732043847,15.0
94.60000000000001,23.535313,7.4074016,13.8187,5.0,0.003,0.05,23.520700294901445,7.439317589872429,15.0
94.7,23.525566,7.4131646,13.578819,5.0,0.003,0.05,23.51814203763416,7.440745951964249,15.0
94.80000000000001,23.518057,7.414791,12.368187,3.96743,0.003,0.010189205,23.515591490083988,7.44217780939205,15.0
94.9,23.509615,7.4164166,11.551641,3.96743,0.003,0.010189205,23.513048693059645,7.443613153206726,15.0
95.0,23.502016,7.419438,13.746157,3.96738,0.0014343142,0.024166238,23.510513687245826,7.445051974437383,15.0
95.10000000000001,23.496271,7.4224563,15.219958,3.96738,0.0014343142,0.024166238,23.507986513202564,7.446494264091394,15.0
95.2,23.488213,7.4271483,14.414423,5.0,0.003,0.03945321,23.505467211364596,7.447940013154451,15.0
95.30000000000001,23.479427,7.4318347,13.922037,5.0,0.003,0.03945321,23.5029558220407,7.44938921259063,15.0
95.4,23.470215,7.432376,13.620032,5.0,0.003,-0.0019711452,23.500452385413045,7.450841853342437,15.0
95.5,23.460754,7.4329166,13.433896,5.0,0.003,-0.0019711452,23.497956941536565,7.452297926330874,15.0
95.60000000000001,23.451162,7.4362693,13.317653,5.0,0.003,0.026172824,23.495469530338312,7.453757422455488,15.0
95.7,23.44151,7.439618,13.243488,5.0,0.003,0.026172824,23.49299019161681,7.455220332594434,15.0
95.80000000000001,23.431833,7.443005,13.194841,5.0,0.003,0.02659467,23.490518965041424,7.456686647604528,15.0
95.9,23.42216,7.446388,13.161672,5.0,0.003,0.02659467,23.48805589015173,7.458156358321306,15.0
96.0,23.412502,7.4511595,13.137718,5.0,0.003,0.040536497,23.485601006356873,7.45962945555908,15.0
96.10000000000001,23.402868,7.4559255,13.119214,5.0,0.003,0.040536497,23.48315435293494,7.461105930110997,15.0
96.2,23.393261,7.4600625,13.104106,5.0,0.003,0.034302242,23.48071596903233,7.462585772749097,15.0
96.30000000000001,23.38368,7.4641943,13.091134,5.0,0.003,0.034302242,23.478285893663145,7.46406897422437,15.0
96.4,23.381449,7.4639335,13.143528,2.4853492,0.0014604179,-0.006229783,23.475864165708526,7.465555525266807,15.0
96.5,23.379261,7.4636726,13.184062,2.4853492,0.0014604179,-0.006229783,23.473450823916075,7.4670454165854725,15.0
96.60000000000001,23.379288,7.4673347,15.384649,1.9143096,0.0,0.033771347,23.47104590689921,7.46853863886855,15.0
96.7,23.380283,7.470995,17.201536,1.9143096,0.0,0.033771347,23.46864945313655,7.470035182783404,15.0
96.80000000000001,23.385109,7.4685965,17.287243,0.1,0.0,-0.02440661,23.466261500971303,7.47153503897664,15.0
96.9,23.389938,7.4661975,17.372147,0.1,0.0,-0.02440661,23.463882088610653,7.473038198074162,15.0
97.0,23.385727,7.466012,15.817825,4.5060086,0.0027,-0.008154093,23.46151125412515,7.474544650681231,15.0
97.10000000000001,23.380106,7.4658265,14.82579,4.5060086,0.0027,-0.008154093,23.459149035448092,7.476054387382523,15.0
97.2,23.373577,7.4670143,14.194968,4.5096006,0.0027,0.0055844365,23.45679547037493,7.477567398742188,15.0
97.30000000000001,23.366474,7.4682007,13.790907,4.5096006,0.0027,0.0055844365,23.454450596562655,7.479083675303911,15.0
97.4,23.371176,7.468061,13.910457,0.1,0.0,-0.0018004667,23.452114451529194,7.480603207590967,15.0
97.5,23.375864,7.4679213,14.028852,0.1,0.0,-0.0018004667,23.44978707265282,7.4821259861062845,15.0
97.60000000000001,23.380507,7.4698114,11.786723,0.1,0.0011156333,0.018501535,23.44746849717155,7.483652001332504,15.0
97.7,23.38507,7.471701,9.566927,0.1,0.0011156333,0.018501535,23.445158762182533,7.4851812437320335,15.0
97.80000000000001,23.375374,7.46739,15.955232,5.0,0.0,-0.05,23.442857904641485,7.486713703747114,15.0
97.9,23.371923,7.4630837,19.830711,5.0,0.0,-0.05,23.44056596136208,7.488249371799875,15.0
98.0,23.371437,7.468524,16.085712,3.1079936,0.002924408,0.05,23.438282969015354,7.489788238292397,15.0
98.10000000000001,23.36843,7.4739594,13.339815,3.1079936,0.002924408,0.05,23.436008964129144,7.491330293606769,15.0
98.2,23.37241,7.473896,10.572484,0.24706489,0.0014630449,-0.0012037283,23.433743983087474,7.49287552810515,15.0
98.30000000000001,23.376184,7.473832,7.8727584,0.24706489,0.0014630449,-0.0012037283,23.431488062129997,7.494423932129829,15.0
98.4,23.364641,7.469516,14.923819,5.0,0.0,-0.05,23.4292412373514,7.495975496003286,15.0
98.5,23.359983,7.4652047,19.201008,5.0,0.0,-0.05,23.427003544700824,7.497530210028254,15.0
98.60000000000001,23.364407,7.470241,15.493438,0.10166937,0.0017848447,0.05,23.42477501998131,7.499088064487772,15.0
98.7,23.368692,7.475277,11.823374,0.10166937,0.0017848447,0.05,23.422555698849205,7.500649049645257,15.0
98.80000000000001,23.372816,7.4796934,5.8752303,0.10016694,0.0028784845,0.043811783,23.420345616813602,7.502213155744556,15.0
98.9,23.376745,7.4841094,-0.013626385,0.10016694,0.0028784845,0.043811783,23.41814480923576,7.503780373010012,15.0
99.0,23.357218,7.4797783,10.134948,5.0,0.0,-0.05,23.41595331132856,7.5053506916465205,15.0
99.10000000000001,23.34762,7.4754524,16.289795,5.0,0.0,-0.05,23.413771158155917,7.506924101839597,15.0
99.2,23.351742,7.4804864,16.38428,0.1,0.0,0.05,23.411598384632242,7.508500593755431,15.0
99.30000000000001,23.355816,7.48552,16.477823,0.1,0.0,0.05,23.409435025521855,7.510080157540954,15.0
99.4,23.359735,7.481555,10.875755,0.11271733,0.0027,-0.04,23.407281115438465,7.5116627833238985,15.0
99.5,23.363447,7.4775896,5.336537,0.11271733,0.0027,-0.04,23.405136688844582,7.513248461212857,15.0
99.60000000000001,23.348873,7.473265,13.379751,5.0,0.0,-0.05,23.403001780050985,7.514837181297349,15.0
99.7,23.342154,7.468946,18.258228,5.0,0.0,-0.05,23.40087642321617,7.516428933647878,15.0
99.80000000000001,23.345943,7.473979,11.9886265,0.1,0.003,0.05,23.398760652345807,7.518023708315997,15.0
99.9,23.349527,7.4790115,5.781406,0.1,0.003,0.05,23.39665450129218,7.519621495334371,15.0
100.0,23.33521,7.474685,13.645292,5.0,0.0,-0.05,23.39455800375366,7.521222284716835,15.0
100.10000000000001,23.328575,7.470364,18.415003,5.0,0.0,-0.05,23.39247119327416,7.522826066458461,15.0
100.2,23.332176,7.4753966,12.143731,0.1,0.003,0.05,23.39039410324261,7.524432830535619,15.0
100.30000000000001,23.335575,7.480429,5.9348555,0.1,0.003,0.05,23.3883267668924,7.526042566906037,15.0
100.4,23.321243,7.476101,13.733952,5.0,0.0,-0.05,23.386269217300878,7.52765526550887,15.0
100.5,23.314533,7.4717784,18.464334,5.0,0.0,-0.05,23.384221487388782,7.529270916264755,15.0
100.60000000000001,23.31804,7.4768114,18.536953,0.1,0.0,0.05,23.38218360991975,7.530889509075882,15.0
100.7,23.321512,7.4818444,18.608847,0.1,0.0,0.05,23.38015561749978,7.53251103382605,15.0
100.80000000000001,23.324877,7.4778776,12.97,0.1,0.0027,-0.04,23.378137542576706,7.534135480380735,15.0
100.9,23.328066,7.4739113,7.3873096,0.1,0.0027,-0.04,23.376129417439685,7.535762838587151,15.0
101.0,23.314922,7.469592,14.61479,5.0,0.0,-0.05,23.374131274218676,7.537393098274314,15.0
101.10000000000001,23.30885,7.4652786,18.998587,5.0,0.0,-0.05,23.37214314488393,7.539026249253107,15.0
101.2,23.312084,7.470313,12.722898,0.10152887,0.003,0.05,23.37016506124547,7.540662281316342,15.0
101.30000000000001,23.315136,7.475348,6.510596,0.10152887,0.003,0.05,23.368197054952592,7.5423011842388235,15.0
101.4,23.30104,7.4710283,14.078509,5.0,0.0,-0.05,23.366239157493357,7.543942947777413,15.0
101.5,23.294363,7.4667144,18.66865,5.0,0.0,-0.05,23.364291400194084,7.545587561671096,15.0
101.60000000000001,23.297508,7.4717503,12.394619,0.1,0.003,0.05,23.362353814218842,7.547235015641038,15.0
101.7,23.300482,7.476786,6.1830087,0.1,0.003,0.05,23.36042643056897,7.548885299390658,15.0
101.80000000000001,23.28602,7.472466,13.875015,5.0,0.0,-0.05,23.35850928008257,7.55053840260569,15.0
101.9,23.27911,7.4681516,18.540367,5.0,0.0,-0.05,23.356602393434,7.552194314954241,15.0
102.0,23.282211,7.473189,12.26749,0.1,0.003,0.05,23.354705801133406,7.553853026086867,15.0
102.10000000000001,23.285154,7.478226,6.057022,0.1,0.003,0.05,23.352819533526233,7.555514525636626,15.0
102.2,23.270575,7.473906,13.79369,5.0,0.0,-0.05,23.350943620792712,7.557178803219155,15.0
102.30000000000001,23.263601,7.4695916,18.486115,5.0,0.0,-0.05,23.349078092947416,7.558845848432721,15.0
102.4,23.26671,7.4746304,12.213653,0.1,0.003,0.05,23.347222979838747,7.560515650858299,15.0
102.5,23.269672,7.479669,6.003596,0.1,0.003,0.05,23.345378311148473,7.562188200059627,15.0
102.60000000000001,23.255093,7.4753485,13.756365,5.0,0.0,-0.05,23.343544116391254,7.563863485583282,15.0
102.7,23.248148,7.4710336,18.458565,5.0,0.0,-0.05,23.34172042491417,7.565541496958731,15.0
102.80000000000001,23.251314,7.4760737,12.333388,0.1,0.002930427,0.05,23.339907265896244,7.567222223698409,15.0
102.9,23.254349,7.481114,6.2691517,0.1,0.002930427,0.05,23.33810466834798,7.568905655297781,15.0
103.0,23.24013,7.476793,13.912698,5.0,0.0,-0.05,23.336312661110902,7.570591781235404,15.0
103.10000000000001,23.233448,7.4724774,18.548714,5.0,0.0,-0.05,23.33453127285709,7.572280590972997,15.0
103.2,23.236723,7.477519,13.139638,0.102011874,0.0025922726,0.05,23.332760532088713,7.573972073955503,15.0
103.30000000000001,23.239893,7.4825606,7.7854543,0.102011874,0.0025922726,0.05,23.331000467137592,7.575666219611161,15.0
103.4,23.227304,7.4782386,14.8284235,5.0,0.0,-0.05,23.329251106164723,7.577363017351565,15.0
103.5,23.221672,7.4739223,19.100407,5.0,0.0,-0.05,23.327512477159843,7.579062456571734,15.0
103.60000000000001,23.225159,7.4789643,18.125366,0.10180025,0.00049265986,0.05,23.325784607940985,7.58076452665018,15.0
103.7,23.22866,7.4840064,17.160198,0.10180025,0.00049265986,0.05,23.324067526154018,7.582469216948969,15.0
103.80000000000001,23.23212,7.4890485,11.432648,0.101589404,0.002749266,0.05,23.32236125927221,7.584176516813793,15.0
103.9,23.235481,7.4940906,5.762984,0.101589404,0.002749266,0.05,23.320665834595797,7.585886415574033,15.0
104.0,23.221191,7.4897547,13.596928,5.0,0.0,-0.05,23.318981279251542,7.587598902542829,15.0
104.10000000000001,23.214647,7.4854245,18.348492,5.0,0.0,-0.05,23.317307620192285,7.589313967017141,15.0
104.2,23.218325,7.4904666,12.5722475,0.1,0.002765794,0.05,23.315644884196544,7.591031598277822,15.0
104.30000000000001,23.221909,7.495508,6.853475,0.1,0.002765794,0.05,23.313993097868057,7.592751785589683,15.0
104.4,23.2089,7.4911704,14.25449,5.0,0.0,-0.05,23.312352287635367,7.594474518201557,15.0
104.5,23.203217,7.486838,18.743668,5.0,0.0,-0.05,23.31072247975141,7.596199785346374,15.0
104.60000000000001,23.207134,7.4918795,15.442917,0.10154241,0.0015939744,0.05,23.309103700293065,7.597927576241217,15.0
104.7,23.21102,7.496921,12.175512,0.10154241,0.0015939744,0.05,23.30749597516078,7.5996578800874,15.0
104.80000000000001,23.214867,7.501962,8.074329,0.100108035,0.0020028178,0.05,23.30589933007812,7.60139068607053,15.0
104.9,23.218664,7.507003,4.013996,0.100108035,0.0020028178,0.05,23.30431379059137,7.603125983360573,15.0
105.0,23.20321,7.50265,12.52748,5.0,0.0,-0.05,23.30273938206913,7.604863761111929,15.0
105.10000000000001,23.196175,7.498302,17.691145,5.0,0.0,-0.05,23.3011761297019,7.606604008463491,15.0
105.2,23.20034,7.5033417,11.650696,0.1,0.002893716,0.05,23.29962405850169,7.608346714538721,15.0
105.30000000000001,23.204405,7.508381,5.6703506,0.1,0.002893716,0.05,23.2980831933016,7.610091868445709,15.0
105.4,23.190796,7.504025,13.528295,5.0,0.0,-0.05,23.29655355875544,7.611839459277251,15.0
105.5,23.184956,7.499674,18.29463,5.0,0.0,-0.05,23.29503517933734,7.613589476110907,15.0
105.60000000000001,23.189331,7.504712,12.689259,0.1,0.0026851066,0.05,23.29352807934133,7.615341908009082,15.0
105.7,23.193611,7.50975,7.139664,0.1,0.0026851066,0.05,23.292032282880974,7.6170967440190775,15.0
105.80000000000001,23.181639,7.5053906,14.416608,5.0,0.0,-0.05,23.290547813888992,7.618853973173178,15.0
105.9,23.176857,7.5010366,18.830791,5.0,0.0,-0.05,23.289074696116852,7.620613584488705,15.0
106.0,23.181416,7.506074,13.682368,0.1014966,0.0024671452,0.05,23.28761295313441,7.622375566968094,15.0
106.10000000000001,23.18588,7.5111103,8.585939,0.1014966,0.0024671452,0.05,23.28616260832952,7.62413990959896,15.0
106.2,23.175491,7.5067477,15.291839,5.0,0.0,-0.05,23.284723684907664,7.625906601354168,15.0
106.30000000000001,23.17172,7.5023904,19.359898,5.0,0.0,-0.05,23.28329620589159,7.6276756311919,15.0
106.4,23.176409,7.507426,13.091889,0.10162109,0.0029940878,0.05,23.281880194120937,7.629446988055724,15.0
106.5,23.180965,7.5124607,6.8872595,0.10162109,0.0029940878,0.05,23.280475672251857,7.631220660874667,15.0
106.60000000000001,23.16903,7.5080953,14.25909,5.0,0.0,-0.05,23.27908266275667,7.632996638563279,15.0
106.7,23.164356,7.5037346,18.730875,5.0,0.0,-0.05,23.2777011879235,7.634774910021705,15.0
106.80000000000001,23.16912,7.5087686,12.456441,0.10140113,0.003,0.05,23.276331269855916,7.636555464135755,15.0
106.9,23.173742,7.513802,6.2453136,0.10140113,0.003,0.05,23.274972930472572,7.638338289776971,15.0
107.0,23.161253,7.5094333,13.867033,5.0,0.0,-0.05,23.273626191506875,7.640123375802698,15.0
107.10000000000001,23.156261,7.5050697,18.49032,5.0,0.0,-0.05,23.27229107450662,7.6419107110561555,15.0
107.2,23.161066,7.5101023,12.21681,0.1,0.003,0.05,23.270967600833647,7.643700284366503,15.0
107.30000000000001,23.165718,7.515135,6.0057282,0.1,0.003,0.05,23.269655791663507,7.645492084548914,15.0
107.4,23.153025,7.5107636,13.718943,5.0,0.0,-0.05,23.26835566798512,7.647286100404641,15.0
107.5,23.147907,7.5063977,18.397701,5.0,0.0,-0.05,23.267067250600437,7.649082320721093,15.0
107.60000000000001,23.152704,7.51143,12.125043,0.1,0.003,0.05,23.265790560124106,7.650880734271899,15.0
107.7,23.157335,7.5164614,5.9148035,0.1,0.003,0.05,23.264525616983153,7.652681329816979,15.0
107.80000000000001,23.144535,7.5120883,13.66097,5.0,0.0,-0.05,23.26327244141664,7.654484096102617,15.0
107.9,23.13933,7.5077205,18.359694,5.0,0.0,-0.05,23.262031053475344,7.65628902186153,15.0
108.0,23.144072,7.512752,12.087341,0.1,0.003,0.05,23.26080147302145,7.658096095812936,15.0
108.10000000000001,23.148636,7.5177836,5.877404,0.1,0.003,0.05,23.25958371972822,7.6599053066626315,15.0
108.2,23.135735,7.5134087,13.635383,5.0,0.0,-0.05,23.258377813079676,7.661716643103053,15.0
108.30000000000001,23.130428,7.5090394,18.341246,5.0,0.0,-0.05,23.2571837723703,7.663530093813354,15.0
108.4,23.135069,7.5140715,12.069002,0.1,0.003,0.05,23.256001616704722,7.665345647459473,15.0
108.5,23.13952,7.5191035,5.8591723,0.1,0.003,0.05,23.254831364997408,7.667163292694206,15.0
108.60000000000001,23.126492,7.5147276,13.6213,5.0,0.0,-0.05,23.25367303597235,7.6689830181572765,15.0
108.7,23.121054,7.5103574,18.329641,5.0,0.0,-0.05,23.2525266481628,7.6708048124754065,15.0
108.80000000000001,23.125553,7.51539,12.057435,0.1,0.003,0.05,23.251392219910933,7.672628664262387,15.0
108.9,23.129856,7.5204225,5.847641,0.1,0.003,0.05,23.250269769367574,7.6744545621191484,15.0
109.0,23.116673,7.5160456,13.611116,5.0,0.0,-0.05,23.249159314491912,7.676282494633838,15.0
109.10000000000001,23.111073,7.5116744,18.32023,5.0,0.0,-0.05,23.2480608730512,7.678112450381883,15.0
109.2,23.115398,7.5167084,12.048035,0.1,0.003,0.05,23.246974462620482,7.679944417926064,15.0
109.30000000000001,23.119522,7.5217423,5.8382497,0.1,0.003,0.05,23.245900100582293,7.6817783858165924,15.0
109.4,23.106157,7.517365,13.602031,5.0,0.0,-0.05,23.24483780412641,7.683614342591173,15.0
109.5,23.100372,7.512994,18.311275,5.0,0.0,-0.05,23.24378759024955,7.685452276775083,15.0
109.60000000000001,23.104504,7.5180287,12.043584,0.1,0.00299787,0.05,23.24274947575511,7.687292176881238,15.0
109.7,23.108427,7.523064,5.8382573,0.1,0.00299787,0.05,23.241723477252908,7.68913403141027,15.0
109.80000000000001,23.094877,7.518687,13.598421,5.0,0.0,-0.05,23.24070961115889,7.6909778288505946,15.0
109.9,23.088902,7.514315,18.305416,5.0,0.0,-0.05,23.2397078936949,7.692823557678483,15.0
110.0,23.092892,7.519352,17.271734,0.1,0.00052294764,0.05,23.238718340888386,7.694671206358135,15.0
110.10000000000001,23.096806,7.524389,16.248337,0.1,0.00052294764,0.05,23.23774096857218,7.696520763341754,15.0
110.2,23.100584,7.529426,10.520428,0.1,0.0027522948,0.05,23.236775792384215,7.698372217069614,15.0
110.30000000000001,23.104168,7.5344634,4.8495092,0.1,0.0027522948,0.05,23.23582282776729,7.700225555970135,15.0
110.4,23.089376,7.530074,12.994322,5.0,0.0,-0.05,23.234882089968817,7.702080768459956,15.0
110.5,23.08254,7.5256906,17.934412,5.0,0.0,-0.05,23.23395359404058,7.703937842944004,15.0
110.60000000000001,23.086174,7.5307293,13.275223,0.1,0.002238962,0.05,23.2330373548385,7.7057967678155705,15.0
110.7,23.089645,7.535768,8.66239,0.1,0.002238962,0.05,23.23213338702238,7.7076575314563796,15.0
110.80000000000001,23.078428,7.5313783,15.3039,5.0,0.0,-0.05,23.231241705055687,7.709520122236666,15.0
110.9,23.07369,7.5269947,19.332628,5.0,0.0,-0.05,23.230362323205313,7.711384528515242,15.0
111.0,23.07718,7.5320344,14.961246,0.101570144,0.0020968805,0.05,23.229495255541348,7.7132507386395766,15.0
111.10000000000001,23.08052,7.5370746,10.634033,0.101570144,0.0020968805,0.05,23.228640515936856,7.71511874094586,15.0
111.2,23.083773,7.5421147,10.782428,0.1,0.0,0.05,23.227798118067653,7.716988523759086,15.0
111.30000000000001,23.086992,7.547155,10.92934,0.1,0.0,0.05,23.22696807541209,7.718860075393117,15.0
111.4,23.090181,7.552195,11.074785,0.1,0.0,0.05,23.226150401250827,7.720733384150761,15.0
111.5,23.093342,7.5572352,11.218776,0.1,0.0,0.05,23.225345108666634,7.722608438323846,15.0
111.60000000000001,23.096478,7.5622754,11.361327,0.1,0.0,0.05,23.22455221054418,7.724485226193289,15.0
111.7,23.09959,7.5673156,11.502454,0.1,0.0,0.05,23.22377171956981,7.72636373602917,15.0
111.80000000000001,23.102682,7.5723557,11.642169,0.1,0.0,0.05,23.22300364823137,7.72824395609081,15.0
111.9,23.105755,7.5773954,11.780487,0.1,0.0,0.05,23.22224800881798,7.73012587462684,15.0
112.0,23.108814,7.582435,11.917421,0.1,0.0,0.05,23.221504813419863,7.732009479875276,15.0
112.10000000000001,23.11186,7.587475,12.052986,0.1,0.0,0.05,23.220774073928116,7.73389476006359,15.0
112.2,23.114899,7.592514,12.187195,0.1,0.0,0.05,23.220055802034565,7.7357817034087875,15.0
112.30000000000001,23.117931,7.5975533,12.320061,0.1,0.0,0.05,23.219350009231547,7.737670298117479,15.0
112.4,23.12096,7.602592,12.451597,0.1,0.0,0.05,23.21865670681172,7.739560532385952,15.0
112.5,23.12399,7.6076307,12.581817,0.1,0.0,0.05,23.217975905867924,7.741452394400251,15.0
112.60000000000001,23.127022,7.612669,12.710733,0.1,0.0,0.05,23.217307617292946,7.743345872336243,15.0
112.7,23.13006,7.617707,12.83836,0.1,0.0,0.05,23.216651851779393,7.745240954359697,15.0
112.80000000000001,23.133108,7.622723,12.964709,0.1,0.0,0.049786236,23.2160086198195,7.747137628626358,15.0
112.9,23.13617,7.627739,13.089794,0.1,0.0,0.049786236,23.215377931704968,7.749035883282016,15.0
113.0,23.139246,7.632558,13.213628,0.1,0.0,0.04782178,23.21475979752679,7.750935706462586,15.0
113.10000000000001,23.14234,7.6373763,13.336224,0.1,0.0,0.04782178,23.214154227175097,7.752837086294181,15.0
113.2,23.145376,7.642412,7.1130977,0.1,0.003,0.05,23.213561230339003,7.754740010893181,15.0
113.30000000000001,23.14828,7.6474476,0.95188475,0.1,0.003,0.05,23.212980816506448,7.756644468366316,15.0
113.4,23.129425,7.642917,10.615025,5.0,0.0,-0.05,23.21241299496404,7.758550446810731,15.0
113.5,23.120096,7.638392,16.4755,5.0,0.0,-0.05,23.21185777479691,7.760457934314068,15.0
113.60000000000001,23.123312,7.6434264,10.220966,0.1,0.003,0.05,23.21131516488857,7.762366918954535,15.0
113.7,23.126404,7.6484604,4.02866,0.1,0.003,0.05,23.21078517392077,7.764277388800984,15.0
113.80000000000001,23.11072,7.643927,12.4757805,5.0,0.0,-0.05,23.210267810373345,7.7661893319129875,15.0
113.9,23.103373,7.6393995,17.59914,5.0,0.0,-0.05,23.20976308252411,7.7681027363409045,15.0
114.0,23.106756,7.6444325,11.333296,0.1,0.003,0.05,23.209270998448694,7.770017590125964,15.0
114.10000000000001,23.110023,7.649465,5.129792,0.1,0.003,0.05,23.208791566020437,7.771933881300338,15.0
114.2,23.095598,7.6449294,13.139065,5.0,0.0,-0.05,23.208324792910243,7.7738515978872105,15.0
114.30000000000001,23.089087,7.640399,17.99705,5.0,0.0,-0.05,23.20787068658647,7.77577072790086,15.0
114.4,23.092651,7.64543,11.727134,0.1,0.003,0.05,23.207429254314818,7.777691259346731,15.0
114.5,23.096107,7.6504607,5.519601,0.1,0.003,0.05,23.207000503158188,7.7796131802215065,15.0
114.60000000000001,23.082266,7.645922,13.371349,5.0,0.0,-0.05,23.206584439976588,7.781536478513189,15.0
114.7,23.076189,7.641389,18.1339,5.0,0.0,-0.05,23.20618107142702,7.783461142201169,15.0
114.80000000000001,23.079964,7.646419,12.757751,0.1,0.0025766895,0.05,23.20579040396338,7.785387159256306,15.0
114.9,23.083654,7.6514487,7.4350944,0.1,0.0025766895,0.05,23.20541244383633,7.787314517640999,15.0
115.0,23.07191,7.646908,14.530072,5.0,0.0,-0.05,23.20504719709323,7.789243205309264,15.0
115.10000000000001,23.067188,7.642372,18.833925,5.0,0.0,-0.05,23.204694669578014,7.79117321020681,15.0
115.2,23.071196,7.6474013,14.54151,0.10142306,0.0020615065,0.05,23.20435486693112,7.793104520271112,15.0
115.30000000000001,23.075146,7.65243,10.292409,0.10142306,0.0020615065,0.05,23.204027794589383,7.795037123431489,15.0
115.4,23.0791,7.6574583,10.443477,0.1,0.0,0.05,23.20371345778595,7.796971007609177,15.0
115.5,23.083109,7.6624866,10.593041,0.1,0.0,0.05,23.203411861550205,7.798906160717407,15.0
115.60000000000001,23.087172,7.6675143,10.7411175,0.1,0.0,0.05,23.20312301070768,7.800842570661478,15.0
115.7,23.091288,7.672542,10.887721,0.1,0.0,0.05,23.202846909879984,7.802780225338834,15.0
115.80000000000001,23.095455,7.67757,11.0328665,0.1,0.0,0.05,23.202583563484726,7.804719112639139,15.0
115.9,23.099674,7.682597,11.176569,0.1,0.0,0.05,23.20233297573544,7.806659220444356,15.0
116.0,23.103941,7.6876245,11.318844,0.1,0.0,0.05,23.202095150641526,7.8086005366288145,15.0
116.10000000000001,23.108255,7.6926517,11.459704,0.1,0.0,0.05,23.20187009200818,7.810543049059296,15.0
116.2,23.112617,7.697679,11.599166,0.1,0.0,0.05,23.201657803436333,7.812486745595105,15.0
116.30000000000001,23.117023,7.7027063,11.737243,0.1,0.0,0.05,23.2014582883226,7.814431614088143,15.0
116.4,23.121471,7.7077336,11.873949,0.1,0.0,0.05,23.201271549859218,7.816377642382989,15.0
116.5,23.12596,7.712761,12.009298,0.1,0.0,0.05,23.201097591034,7.818324818316972,15.0
116.60000000000001,23.130486,7.717788,12.143304,0.1,0.0,0.05,23.200936414630284,7.82027312972025,15.0
116.7,23.135048,7.722816,12.27598,0.1,0.0,0.05,23.200788023226885,7.822222564415881,15.0
116.80000000000001,23.139643,7.7278438,12.40734,0.1,0.0,0.05,23.200652419198065,7.824173110219907,15.0
116.9,23.144268,7.7328715,12.537397,0.1,0.0,0.05,23.200529604713484,7.826124754941421,15.0
117.0,23.14892,7.7379,12.666165,0.1,0.0,0.05,23.200419581738174,7.828077486382651,15.0
117.10000000000001,23.153599,7.742928,12.793657,0.1,0.0,0.05,23.200322352032497,7.830031292339031,15.0
117.2,23.15822,7.7479563,6.5753894,0.1,0.003,0.05,23.200237917152126,7.83198616059928,15.0
117.30000000000001,23.162703,7.752985,0.41899842,0.1,0.003,0.05,23.200166278448023,7.83394207894548,15.0
117.4,23.145197,7.7483196,10.271265,5.0,0.0,-0.05,23.2001074370664,7.835899035153146,15.0
117.5,23.137384,7.7436604,16.246956,5.0,0.0,-0.05,23.20006139394872,7.837857016991307,15.0
117.60000000000001,23.142138,7.74869,9.994203,0.1,0.003,0.05,23.20002814983167,7.839816012222584,15.0
117.7,23.146738,7.7537203,3.80367,0.1,0.003,0.05,23.20000770524716,7.841776008603263,15.0
117.80000000000001,23.132599,7.7490554,12.320687,5.0,0.0,-0.05,23.200000060522296,7.843736993883374,15.0
117.9,23.126825,7.7443967,17.48695,5.0,0.0,-0.05,23.2000052157794,7.845698955806764,15.0
118.0,23.131607,7.7494283,11.221775,0.1,0.003,0.05,23.20002317093598,7.847661882111178,15.0
118.10000000000001,23.136225,7.75446,5.0189447,0.1,0.003,0.05,23.20005392570476,7.849625760528333,15.0
118.2,23.123264,7.7497954,13.055012,5.0,0.0,-0.05,23.20009747959367,7.851590578783996,15.0
118.30000000000001,23.118185,7.745137,17.92971,5.0,0.0,-0.05,23.200153831905833,7.853556324598058,15.0
118.4,23.122927,7.75017,11.660061,0.1,0.003,0.05,23.20022298173963,7.855522985684614,15.0
118.5,23.127493,7.7552032,5.4528003,0.1,0.003,0.05,23.20030492798865,7.85749054975204,15.0
118.60000000000001,23.114897,7.7505393,13.315576,5.0,0.0,-0.05,23.200399669341767,7.859459004503065,15.0
118.7,23.11,7.7458816,18.085203,5.0,0.0,-0.05,23.200507204283117,7.861428337634855,15.0
118.80000000000001,23.11465,7.7509155,11.813941,0.1,0.003,0.05,23.200627531092138,7.863398536839084,15.0
118.9,23.119114,7.75595,5.6050825,0.1,0.003,0.05,23.200760647843612,7.865369589802013,15.0
119.0,23.106562,7.7512865,13.405338,5.0,0.0,-0.05,23.20090655240767,7.867341484204567,15.0
119.10000000000001,23.101639,7.7466288,18.13703,5.0,0.0,-0.05,23.20106524244984,7.869314207722414,15.0
119.2,23.106155,7.7516637,11.865184,0.1,0.003,0.05,23.201236715431087,7.8712877480260355,15.0
119.30000000000001,23.110477,7.7566986,5.6557474,0.1,0.003,0.05,23.20142096860785,7.873262092780814,15.0
119.4,23.097836,7.7520347,13.433343,5.0,0.0,-0.05,23.201617999032074,7.8752372296471,15.0
119.5,23.09279,7.7473764,18.151255,5.0,0.0,-0.05,23.201827803551286,7.877213146280295,15.0
119.60000000000001,23.097141,7.752412,11.879196,0.1,0.003,0.05,23.20205037880861,7.879189830330925,15.0
119.7,23.10129,7.7574472,5.6695476,0.1,0.003,0.05,23.202285721242852,7.881167269444723,15.0
119.80000000000001,23.088493,7.752783,13.438806,5.0,0.0,-0.05,23.202533827088537,7.8831454512627,15.0
119.9,23.083282,7.748124,18.151611,5.0,0.0,-0.05,23.202794692375974,7.885124363421226,15.0
120.0,23.087444,7.7531595,11.879474,0.1,0.003,0.05,23.20306831293133,7.887103993552106,15.0
120.10000000000001,23.091402,7.758195,5.669745,0.1,0.003,0.05,23.203354684376674,7.88908432928266,15.0
120.2,23.078424,7.753529,13.435804,5.0,0.0,-0.05,23.20365380213007,7.891065358235794,15.0
120.30000000000001,23.073025,7.748869,18.146614,5.0,0.0,-0.05,23.20396566140565,7.893047068030086,15.0
120.4,23.076996,7.753904,12.491975,0.1,0.0027080004,0.05,23.20429025721366,7.895029446279853,15.0
120.5,23.080776,7.7589383,6.8935986,0.1,0.0027080004,0.05,23.204627584360583,7.897012480595239,15.0
120.60000000000001,23.068813,7.7542706,14.175273,5.0,0.0,-0.05,23.204977637449186,7.898996158582287,15.0
120.7,23.063953,7.7496085,18.592388,5.0,0.0,-0.05,23.20534041087863,7.900980467843015,15.0
120.80000000000001,23.067757,7.7546425,14.724994,0.101298764,0.0018613032,0.05,23.20571589884455,7.902965395975497,15.0
120.9,23.071413,7.759676,10.896576,0.101298764,0.0018613032,0.05,23.20610409533914,7.904950930573937,15.0
121.0,23.07498,7.764709,11.040963,0.1,0.0,0.05,23.20650499415127,7.906937059228753,15.0
121.10000000000001,23.078505,7.7697415,11.183909,0.1,0.0,0.05,23.206918588866564,7.908923769526645,15.0
121.2,23.081987,7.7747736,11.32543,0.1,0.0,0.05,23.20734487286752,7.91091104905068,15.0
121.30000000000001,23.08543,7.779805,11.465538,0.1,0.0,0.05,23.207783839333597,7.91289888538037,15.0
121.4,23.088835,7.7848363,11.604247,0.1,0.0,0.05,23.208235481241346,7.914887266091742,15.0
121.5,23.092201,7.789867,11.741571,0.1,0.0,0.05,23.208699791364506,7.916876178757424,15.0
121.60000000000001,23.095533,7.792984,11.87753,0.1,0.0,0.03086982,23.20917676227412,7.918865610946719,15.0
121.7,23.098831,7.7961006,12.012142,0.1,0.0,0.03086982,23.209666386338668,7.9208555502256806,15.0
121.80000000000001,23.102098,7.80113,12.145415,0.1,0.0,0.05,23.21016865572417,7.922845984157196,15.0
121.9,23.105337,7.8061585,12.277356,0.1,0.0,0.05,23.210683562394337,7.9248369003010595,15.0
122.0,23.10855,7.811187,12.407978,0.1,0.0,0.05,23.211211098110663,7.92682828621405,15.0
122.10000000000001,23.111736,7.8162146,12.537294,0.1,0.0,0.05,23.211751254432595,7.928820129450015,15.0
122.2,23.114902,7.821242,12.665318,0.1,0.0,0.05,23.212304022717635,7.930812417559939,15.0
122.30000000000001,23.11805,7.8262687,12.792061,0.1,0.0,0.05,23.212869394121512,7.932805138092028,15.0
122.4,23.12118,7.831295,12.917536,0.1,0.0,0.05,23.21344735959829,7.934798278591785,15.0
122.5,23.124296,7.836321,13.041756,0.1,0.0,0.05,23.214037909900533,7.9367918266020885,15.0
122.60000000000001,23.12735,7.8413463,9.022945,0.1,0.0019584475,0.05,23.214641035579454,7.93878576966327,15.0
122.7,23.130293,7.846371,5.0441155,0.1,0.0019584475,0.05,23.215256726985046,7.940780095313192,15.0
122.80000000000001,23.115988,7.841587,13.046651,5.0,0.0,-0.05,23.21588497426627,7.942774791087325,15.0
122.9,23.10954,7.8368087,17.90063,5.0,0.0,-0.05,23.216525767371174,7.944769844518828,15.0
123.0,23.112661,7.841833,11.630653,0.1,0.003,0.05,23.21717909604709,7.946765243138623,15.0
123.10000000000001,23.115627,7.846857,5.4230556,0.1,0.003,0.05,23.217844949840767,7.9487609744754755,15.0
123.2,23.101707,7.8420715,13.272208,5.0,0.0,-0.05,23.21852331809856,7.95075702605607,15.0
123.30000000000001,23.095507,7.8372917,18.033209,5.0,0.0,-0.05,23.219214189966593,7.952753385405091,15.0
123.4,23.098696,7.842315,15.3574,0.1,0.0012998198,0.05,23.21991755439093,7.9547500400453,15.0
123.5,23.101831,7.8473387,12.708209,0.1,0.0012998198,0.05,23.22063340011775,7.956746977497612,15.0
123.60000000000001,23.104952,7.852362,12.834272,0.1,0.0,0.05,23.221361715693547,7.958744185281173,15.0
123.7,23.108093,7.857385,12.959074,0.1,0.0,0.05,23.222102489465282,7.960741650913442,15.0
123.80000000000001,23.11126,7.862408,13.082627,0.1,0.0,0.05,23.22285570958059,7.962739361910264,15.0
123.9,23.114452,7.867431,13.204946,0.1,0.0,0.05,23.223621363987963,7.964737305785954,15.0
124.0,23.117674,7.872454,13.32604,0.1,0.0,0.05,23.224399440436954,7.966735470053368,15.0
124.10000000000001,23.120928,7.877477,13.445925,0.1,0.0,0.05,23.225189926478347,7.968733842223985,15.0
124.2,23.124216,7.8825,13.5646105,0.1,0.0,0.05,23.22599280946439,7.9707324098079875,15.0
124.30000000000001,23.12754,7.887523,13.68211,0.1,0.0,0.05,23.22680807654897,7.972731160314333,15.0
124.4,23.130117,7.892555,14.178787,0.43414572,0.0,0.05,23.22763571468783,7.974730081250837,15.0
124.5,23.132784,7.8975873,14.654319,0.43414572,0.0,0.05,23.228475710638776,7.976729160124251,15.0
124.60000000000001,23.136248,7.9026103,14.76095,0.1,0.0,0.05,23.229328050961893,7.978728384440339,15.0
124.7,23.139755,7.907634,14.866516,0.1,0.0,0.05,23.230192722019755,7.980727741703956,15.0
124.80000000000001,23.14324,7.9126573,9.457968,0.1,0.0026068552,0.05,23.231069709977643,7.982727219419123,15.0
124.9,23.146633,7.9176807,4.103231,0.1,0.0026068552,0.05,23.231959000803762,7.984726805089114,15.0
125.0,23.132103,7.9128084,12.463707,5.0,0.0,-0.05,23.232860580269488,7.986726486216521,15.0
125.10000000000001,23.125835,7.907943,17.534899,5.0,0.0,-0.05,23.233774433949563,7.9887262503033485,15.0
125.2,23.12963,7.9129677,16.884972,0.1,0.0003441329,0.05,23.23470054722235,7.990726084851074,15.0
125.30000000000001,23.133455,7.9179926,16.24151,0.1,0.0003441329,0.05,23.235638905270054,7.992725977360738,15.0
125.4,23.137196,7.9230185,10.576904,0.123104446,0.0027344134,0.05,23.236589493078966,7.994725915333021,15.0
125.5,23.140812,7.9280443,4.9816017,0.123104446,0.0027344134,0.05,23.237552295439706,7.996725886268316,15.0
125.60000000000001,23.127474,7.9231615,12.992719,5.0,0.0,-0.05,23.238527296947453,7.998725877666811,15.0
125.7,23.122055,7.918285,17.852224,5.0,0.0,-0.05,23.2395144820022,8.000725877028566,15.0
125.80000000000001,23.126163,7.9233117,17.926834,0.1,0.0,0.05,23.240513834809015,8.002725871853592,15.0
125.9,23.130323,7.928339,18.000702,0.1,0.0,0.05,23.24152533937827,8.004725849641929,15.0
126.0,23.134462,7.9333663,12.3637905,0.1,0.0027,0.05,23.242548979525914,8.006725797893719,15.0
126.10000000000001,23.13851,7.938394,6.7829676,0.1,0.0027,0.05,23.243584738873725,8.008725704109295,15.0
126.2,23.127268,7.9335003,14.082975,5.0,0.0,-0.05,23.244632600849577,8.01072555578925,15.0
126.30000000000001,23.123243,7.928613,18.5115,5.0,0.0,-0.05,23.245692548687703,8.012725340434514,15.0
126.4,23.127655,7.933642,18.580492,0.10146944,0.0,0.05,23.246764565428958,8.014725045546443,15.0
126.5,23.132113,7.938671,18.64879,0.10146944,0.0,0.05,23.247848633921098,8.016724658626885,15.0
126.60000000000001,23.136545,7.9437003,13.005522,0.10014695,0.0027,0.05,23.24894473681905,8.018724167178265,15.0
126.7,23.140879,7.9487295,7.41849,0.10014695,0.0027,0.05,23.250052856585185,8.020723558703661,15.0
126.80000000000001,23.13055,7.943825,14.467009,5.0,0.0,-0.05,23.25117297548962,8.022722820706884,15.0
126.9,23.127182,7.9389267,18.743164,5.0,0.0,-0.05,23.252305075610472,8.02472194069255,15.0
127.0,23.131842,7.943957,18.80986,0.10158186,0.0,0.05,23.253449138834164,8.026720906166167,15.0
127.10000000000001,23.136538,7.948987,18.875887,0.10158186,0.0,0.05,23.254605146855706,8.028719704634208,15.0
127.2,23.141195,7.954017,13.231591,0.10151223,0.0027,0.05,23.255773081178997,8.030718323604189,15.0
127.30000000000001,23.145739,7.9590473,7.6443067,0.10151223,0.0027,0.05,23.25695292311711,8.032716750584747,15.0
127.4,23.135853,7.9541306,14.603103,5.0,0.0,-0.05,23.258144653792606,8.03471497308572,15.0
127.5,23.132824,7.94922,18.824932,5.0,0.0,-0.05,23.259348254137816,8.036712978618224,15.0
127.60000000000001,23.137653,7.954251,18.89079,0.10159403,0.0,0.05,23.260563704895155,8.038710754694732,15.0
127.7,23.142504,7.959281,18.95599,0.10159403,0.0,0.05,23.26179098661744,8.040708288829148,15.0
127.80000000000001,23.1473,7.964311,13.310868,0.101512104,0.0027,0.05,23.263030079668198,8.042705568536892,15.0
127.9,23.151968,7.9693413,7.7227674,0.101512104,0.0027,0.05,23.264280964221953,8.044702581334972,15.0
128.0,23.142288,7.9644117,14.650154,5.0,0.0,-0.05,23.265543620264587,8.046699314742064,15.0
128.1,23.139418,7.9594884,18.852982,5.0,0.0,-0.05,23.266818027593626,8.04869575627859,15.0
128.20000000000002,23.14432,7.964518,18.918545,0.101594456,0.0,0.05,23.268104165818585,8.0506918934668,15.0
128.3,23.149223,7.9695473,18.983452,0.101594456,0.0,0.05,23.269402014361276,8.052687713830839,15.0
128.4,23.154057,7.9745765,13.3380375,0.10150766,0.0027,0.05,23.270711552456152,8.054683204896838,15.0
128.5,23.158743,7.979605,7.7496443,0.10150766,0.0027,0.05,23.272032759150633,8.056678354192986,15.0
128.6,23.149113,7.974662,14.666048,5.0,0.0,-0.05,23.273365613305433,8.058673149249604,15.0
128.70000000000002,23.146261,7.969724,18.862225,5.0,0.0,-0.05,23.274710093594923,8.06066757759923,15.0
128.8,23.151127,7.974752,18.927681,0.10159124,0.0,0.05,23.27606617850744,8.062661626776693,15.0
128.9,23.15598,7.9797792,18.992483,0.10159124,0.0,0.05,23.277433846345655,8.064655284319192,15.0
129.0,23.160742,7.984806,13.346962,0.101502165,0.0027,0.05,23.278813075226918,8.066648537766376,15.0
129.1,23.16534,7.9898324,7.758459,0.101502165,0.0027,0.05,23.280203843083587,8.068641374660414,15.0
129.20000000000002,23.155636,7.9848742,14.67092,5.0,0.0,-0.05,23.281606127663416,8.070633782546086,15.0
129.3,23.15269,7.979922,18.864683,5.0,0.0,-0.05,23.283019906529873,8.072625748970847,15.0
129.4,23.15742,7.984947,18.9301,0.101588234,0.0,0.05,23.28444515706253,8.074617261484912,15.0
129.5,23.162119,7.989972,18.99486,0.101588234,0.0,0.05,23.28588185645741,8.076608307641337,15.0
129.6,23.166714,7.9949965,13.349295,0.101497956,0.0027,0.05,23.287329981727353,8.078598874996088,15.0
129.70000000000002,23.17113,8.000021,7.7607446,0.101497956,0.0027,0.05,23.288789509702386,8.080588951108124,15.0
129.8,23.161255,7.9950476,14.671585,5.0,0.0,-0.05,23.29026041703009,8.082578523539482,15.0
129.9,23.158125,7.99008,18.864315,5.0,0.0,-0.05,23.29174268017598,8.084567579855333,15.0
130.0,23.162632,7.995103,18.929714,0.10158717,0.0,0.05,23.293236275423876,8.086556107624087,15.0
130.1,23.167097,8.000125,18.994455,0.10158717,0.0,0.05,23.29474117887629,8.088544094417449,15.0
130.20000000000002,23.171448,8.005147,13.348868,0.10149622,0.0027,0.05,23.296257366454796,8.09053152781051,15.0
130.3,23.17561,8.010168,7.7602935,0.10149622,0.0027,0.05,23.297784813900424,8.092518395381818,15.0
130.4,23.165497,8.00518,14.670202,5.0,0.0,-0.05,23.29932349677405,8.094504684713455,15.0
130.5,23.16212,8.000198,18.862299,5.0,0.0,-0.05,23.300873390456783,8.096490383391119,15.0
130.6,23.16635,8.005219,18.927687,0.10158928,0.0,0.05,23.30243447015035,8.098475479004202,15.0
130.70000000000002,23.17053,8.01024,18.992414,0.10158928,0.0,0.05,23.304006710877516,8.100459959145862,15.0
130.8,23.174591,8.01526,13.346813,0.10149815,0.0027,0.05,23.305590087482457,8.102443811413105,15.0
130.9,23.17846,8.02028,7.7582235,0.10149815,0.0027,0.05,23.307184574631187,8.104427023406858,15.0
131.0,23.168074,8.015278,14.667359,5.0,0.0,-0.05,23.30879014681194,8.106409582732056,15.0
131.1,23.164421,8.010282,18.85891,5.0,0.0,-0.05,23.3104067783356,8.108391476997708,15.0
131.20000000000002,23.16835,8.015301,18.924292,0.10159509,0.0,0.05,23.312034443336096,8.110372693816982,15.0
131.3,23.172232,8.02032,18.989012,0.10159509,0.0,0.05,23.313673115770822,8.112353220807279,15.0
131.4,23.175995,8.025339,13.444876,0.10150424,0.0026520137,0.05,23.31532276942105,8.11433304559031,15.0
131.5,23.17957,8.030358,7.956728,0.10150424,0.0026520137,0.05,23.316983377892367,8.11631215579218,15.0
131.6,23.169113,8.025343,14.7857485,5.0,0.0,-0.05,23.318654914615063,8.118290539043455,15.0
131.70000000000002,23.165318,8.020334,18.928656,5.0,0.0,-0.05,23.32033735284459,8.120268182979245,15.0
131.8,23.167423,8.025344,19.987753,1.8114216,0.0,0.05,23.322030665661973,8.122245075239285,15.0
131.9,23.16993,8.030351,20.871168,1.8114216,0.0,0.05,23.323734825974242,8.124221203468,15.0
132.0,23.173277,8.035368,15.896497,0.27250287,0.0024296164,0.05,23.325449806514868,8.126196555314598,15.0
132.1,23.17625,8.040385,11.055539,0.27250287,0.0024296164,0.05,23.327175579844198,8.128171118433137,15.0
132.20000000000002,23.179543,8.045404,11.19745,0.1,0.0,0.05,23.328912118349898,8.130144880482604,15.0
132.3,23.182802,8.050424,11.337943,0.1,0.0,0.05,23.330659394247387,8.13211782912699,15.0
132.4,23.186033,8.055443,11.477033,0.1,0.0,0.05,23.332417379580292,8.134089952035374,15.0
132.5,23.189238,8.060462,11.614732,0.1,0.0,0.05,23.33418604622088,8.136061236881995,15.0
132.6,23.192415,8.063644,11.7510605,0.1,0.0,0.031628706,23.335965365870525,8.13803167134633,15.0
132.70000000000002,23.195572,8.066827,11.886038,0.1,0.0,0.031628706,23.33775531006015,8.140001243113167,15.0
132.8,23.198708,8.071338,12.019672,0.1,0.0,0.04490753,23.339555850150685,8.141969939872688,15.0
132.9,23.201826,8.075849,12.151974,0.1,0.0,0.04490753,23.341366957333527,8.14393774932055,15.0
133.0,23.204931,8.078585,12.28296,0.1,0.0,0.027151423,23.343188602631002,8.145904659157946,15.0
133.1,23.208025,8.081321,12.41265,0.1,0.0,0.027151423,23.345020756896822,8.147870657091696,15.0
133.20000000000002,23.21111,8.085489,12.541052,0.1,0.0,0.04147089,23.346863390816562,8.149835730834322,15.0
133.3,23.214188,8.089658,12.668174,0.1,0.0,0.04147089,23.348716474908112,8.151799868104119,15.0
133.4,23.217264,8.09468,12.794026,0.1,0.0,0.05,23.350579979522173,8.153763056625234,15.0
133.5,23.22034,8.099702,12.91862,0.1,0.0,0.05,23.352453874842706,8.155725284127744,15.0
133.6,23.223421,8.104724,13.041967,0.1,0.0,0.05,23.354338130887424,8.157686538347736,15.0
133.70000000000002,23.226507,8.109746,13.16408,0.1,0.0,0.05,23.356232717508277,8.159646807027377,15.0
133.8,23.229603,8.114678,13.28497,0.1,0.0,0.04910154,23.358137604391917,8.161606077914994,15.0
133.9,23.23271,8.119612,13.404652,0.1,0.0,0.04910154,23.360052761060192,8.163564338765148,15.0
134.0,23.235832,8.124635,13.523136,0.1,0.0,0.05,23.361978156870638,8.165521577338719,15.0
134.1,23.238974,8.129658,13.640435,0.1,0.0,0.05,23.36391376101696,8.16747778140297,15.0
134.20000000000002,23.242136,8.134473,13.756561,0.1,0.0,0.047918506,23.36585954252954,8.169432938731633,15.0
134.3,23.245323,8.139289,13.871527,0.1,0.0,0.047918506,23.36781547027591,8.171387037104981,15.0
134.4,23.248535,8.143533,13.985345,0.1,0.0,0.042194556,23.369781512961268,8.173340064309905,15.0
134.5,23.251778,8.147777,14.098029,0.1,0.0,0.042194556,23.371757639128976,8.175292008139989,15.0
134.6,23.254997,8.151574,10.004434,0.10065872,0.001988824,0.03772906,23.373743817161053,8.177242856395594,15.0
134.70000000000002,23.258146,8.155372,5.951838,0.10065872,0.001988824,0.03772906,23.375740015278698,8.179192596883924,15.0
134.8,23.245724,8.150209,13.562595,5.0,0.0,-0.05,23.37774620154278,8.181141217419107,15.0
134.9,23.240812,8.145054,18.17944,5.0,0.0,-0.05,23.37976234385436,8.18308870582227,15.0
135.0,23.244324,8.150079,18.251884,0.10221219,0.0,0.05,23.38178840995521,8.185035049921618,15.0
135.1,23.247879,8.155104,18.32359,0.10221219,0.0,0.05,23.38382436742831,8.186980237552506,15.0
135.20000000000002,23.251478,8.159545,18.394566,0.10221504,0.0,0.044161554,23.385870183698387,8.188924256557518,15.0
135.3,23.255123,8.163986,18.464819,0.10221504,0.0,0.044161554,23.387925826032426,8.190867094786542,15.0
135.4,23.256668,8.167883,16.221745,1.6337807,0.0016695133,0.03935675,23.38999126154019,8.192808740096844,15.0
135.5,23.257418,8.171779,14.316541,1.6337807,0.0016695133,0.03935675,23.39206645717475,8.19474918035315,15.0
135.6,23.261103,8.176415,14.425828,0.1,0.0,0.04612197,23.39415137973303,8.196688403427709,15.0
135.70000000000002,23.26484,8.181052,14.534028,0.1,0.0,0.04612197,23.39624599585631,8.19862639720039,15.0
135.8,23.26863,8.18477,14.641154,0.1,0.0,0.03692944,23.398350272030775,8.200563149558734,15.0
135.9,23.272472,8.188487,14.747221,0.1,0.0,0.03692944,23.400464174588055,8.202498648398047,15.0
136.0,23.27637,8.193511,14.852235,0.1,0.0,0.05,23.40258766970575,8.204432881621464,15.0
136.1,23.28032,8.198535,14.956203,0.1,0.0,0.05,23.404720723407983,8.206365837140039,15.0
136.20000000000002,23.284323,8.197541,15.059155,0.1,0.0,-0.010169456,23.406863301565945,8.208297502872805,15.0
136.3,23.288382,8.1965475,15.1611185,0.1,0.0,-0.010169456,23.409015369898427,8.210227866746854,15.0
136.4,23.292494,8.200633,15.262089,0.1,0.0,0.040623985,23.411176893972385,8.212156916697419,15.0
136.5,23.29666,8.204718,15.362061,0.1,0.0,0.040623985,23.413347839203475,8.214084640667947,15.0
136.6,23.300812,8.206508,10.322015,0.1,0.0024299973,0.017675487,23.41552817085662,8.216011026610166,15.0
136.70000000000002,23.30489,8.208297,5.3321385,0.1,0.0024299973,0.017675487,23.41771785404657,8.217936062484174,15.0
136.8,23.292908,8.203067,13.187949,5.0,0.0,-0.05,23.419916853738428,8.219859736258499,15.0
136.9,23.288687,8.197843,17.953674,5.0,0.0,-0.05,23.422125134748253,8.22178203591019,15.0
137.0,23.29316,8.202864,18.026852,0.1,0.0,0.05,23.424342661743594,8.223702949424878,15.0
137.1,23.297678,8.207884,18.099304,0.1,0.0,0.05,23.426569399244066,8.225622464796858,15.0
137.20000000000002,23.29877,8.202965,20.621971,4.3070264,0.0,-0.047230847,23.428805311621918,8.22754057002917,15.0
137.3,23.302095,8.1980505,22.263783,4.3070264,0.0,-0.047230847,23.431050363102596,8.22945725313366,15.0
137.4,23.306473,8.193197,22.69513,4.8081217,0.00043585242,-0.046427887,23.43330451776533,8.231372502131064,15.0
137.5,23.31128,8.18835,22.964342,4.8081217,0.00043585242,-0.046427887,23.435567739543686,8.233286305051083,15.0
137.6,23.31554,8.183857,18.245615,0.9979092,0.002443989,-0.04470123,23.43783999222617,8.235198649932453,15.0
137.70000000000002,23.318708,8.179365,13.97556,0.9979092,0.002443989,-0.04470123,23.440121239456786,8.23710952482303,15.0
137.8,23.32338,8.184383,14.0886545,0.1,0.0,0.05,23.44241144473563,8.239018917779847,15.0
137.9,23.328081,8.189402,14.200629,0.1,0.0,0.05,23.444710571419456,8.240926816869205,15.0
138.0,23.33281,8.194419,14.311495,0.1,0.0,0.05,23.4470185827223,8.242833210166744,15.0
138.1,23.337563,8.199436,14.421263,0.1,0.0,0.05,23.44933544171602,8.244738085757508,15.0
138.20000000000002,23.342295,8.204104,11.070367,0.10028155,0.0016360311,0.04651388,23.451661111330925,8.246641431736034,15.0
138.3,23.346958,8.208772,7.7529135,0.10028155,0.0016360311,0.04651388,23.45399555435635,8.248543236206414,15.0
138.4,23.337826,8.203535,14.669589,5.0,0.0,-0.05,23.45633873344126,8.250443487282377,15.0
138.5,23.335493,8.198304,18.86615,5.0,0.0,-0.05,23.458690611094834,8.252342173087358,15.0
138.6,23.337967,8.203152,20.751125,3.4406452,0.0,0.05,23.461051149687083,8.25423928175458,15.0
138.70000000000002,23.341824,8.207995,22.087286,3.4406452,0.0,0.05,23.463420311449443,8.25613480142712,15.0
138.8,23.346478,8.212993,16.610514,0.43552098,0.0027,0.05,23.465798058475368,8.258028720257984,15.0
138.9,23.350546,8.217989,11.367158,0.43552098,0.0027,0.05,23.468184352720964,8.259921026410185,15.0
139.0,23.355288,8.221991,11.506217,0.1,0.0,0.039874103,23.47057915600557,8.261811708056818,15.0
139.1,23.360023,8.225992,11.643904,0.1,0.0,0.039874103,23.472982430012387,8.263700753381128,15.0
139.20000000000002,23.364752,8.230045,11.780231,0.1,0.0,0.0403942,23.47539413628908,8.265588150576587,15.0
139.3,23.369469,8.234098,11.915214,0.1,0.0,0.0403942,23.4778142362484,8.26747388784697,15.0
139.4,23.374172,8.238235,12.048863,0.1,0.0,0.041236404,23.4802426911688,8.269357953406425,15.0
139.5,23.378859,8.2423725,12.181194,0.1,0.0,0.041236404,23.482679462195055,8.271240335479549,15.0
139.6,23.383524,8.246531,12.312219,0.1,0.0,0.04144809,23.485124510338874,8.273121022301456,15.0
139.70000000000002,23.388166,8.250689,12.441949,0.1,0.0,0.04144809,23.48757779647955,8.275000002117865,15.0
139.8,23.392784,8.253298,12.570403,0.1,0.0,0.025959082,23.490039281364545,8.276877263185156,15.0
139.9,23.397373,8.255907,12.6975975,0.1,0.0,0.025959082,23.492508925610164,8.278752793770453,15.0
140.0,23.401932,8.257161,12.823549,0.1,0.0,0.012402043,23.494986689702145,8.280626582151696,15.0
140.1,23.406458,8.258415,12.948274,0.1,0.0,0.012402043,23.497472533996316,8.282498616617714,15.0
140.20000000000002,23.410948,8.262336,13.071775,0.1,0.0,0.03906319,23.49996641871922,8.284368885468298,15.0
140.3,23.415401,8.266256,13.194058,0.1,0.0,0.03906319,23.50246830396876,8.286237377014274,15.0
140.4,23.419815,8.269827,13.315135,0.1,0.0,0.035563838,23.504978149714823,8.288104079577575,15.0
140.5,23.424189,8.273397,13.435019,0.1,0.0,0.035563838,23.507495915799932,8.289968981491317,15.0
140.6,23.42852,8.2765045,13.553721,0.1,0.0,0.030920692,23.51002156193988,8.291832071099867,15.0
140.70000000000002,23.432808,8.279612,13.671257,0.1,0.0,0.030920692,23.512555047724383,8.293693336758924,15.0
140.8,23.43705,8.282319,13.787638,0.1,0.0,0.026920287,23.515096332617723,8.295552766835582,15.0
140.9,23.441246,8.285027,13.902876,0.1,0.0,0.026920287,23.517645375959397,8.297410349708409,15.0
141.0,23.445395,8.290042,14.016975,0.1,0.0,0.05,23.520202136964766,8.29926607376752,15.0
141.1,23.449495,8.295058,14.12994,0.1,0.0,0.05,23.522766574725708,8.301119927414641,15.0
141.20000000000002,23.443768,8.2997465,13.590031,4.51,0.0027,0.05,23.52533864821127,8.302971899063198,15.0
141.3,23.437515,8.30443,13.243375,4.51,0.0027,0.05,23.52791831626834,8.304821977138372,15.0
141.4,23.430916,8.309109,13.019732,4.51,0.0027,0.05,23.530505537622275,8.306670150077181,15.0
141.5,23.424082,8.313783,12.874392,4.51,0.0027,0.05,23.533100270877593,8.30851640632855,15.0
141.6,23.423563,8.312216,15.28536,2.14944,0.0,-0.014242588,23.53570247451862,8.310360734353385,15.0
141.70000000000002,23.424156,8.31065,17.230217,2.14944,0.0,-0.014242588,23.538312106910144,8.31220312262464,15.0
141.8,23.425638,8.309127,18.799318,2.149538,0.0,-0.013826238,23.54092912629811,8.314043559627393,15.0
141.9,23.427826,8.307605,20.065374,2.149538,0.0,-0.013826238,23.543553490810265,8.315882033858923,15.0
142.0,23.429857,8.312096,22.14167,5.0,0.0,0.048519116,23.546185158456826,8.317718533828769,15.0
142.1,23.433893,8.316582,23.401394,5.0,0.0,0.048519116,23.54882408713117,8.319553048058811,15.0
142.20000000000002,23.437387,8.320415,18.246994,0.59,0.0025513333,0.03852086,23.5514702346105,8.321385565083345,15.0
142.3,23.4401,8.324246,13.387907,0.59,0.0025513333,0.03852086,23.5541235585565,8.323216073449142,15.0
142.4,23.443546,8.3243885,13.5069,0.1,0.0,0.0012180085,23.556784016516055,8.325044561715533,15.0
142.5,23.446955,8.324531,13.624733,0.1,0.0,0.0012180085,23.55945156592189,8.326871018454472,15.0
142.6,23.450327,8.328947,13.7414055,0.1,0.0,0.043964174,23.56212616409327,8.328695432250608,15.0
142.70000000000002,23.453667,8.333364,13.856916,0.1,0.0,0.043964174,23.564807768236687,8.330517791701364,15.0
142.8,23.456926,8.33778,10.258097,0.100532785,0.0017561131,0.043964174,23.567496335446528,8.332338085416996,15.0
142.9,23.460064,8.342196,6.695273,0.100532785,0.0017561131,0.043964174,23.570191822705773,8.334156302020679,15.0
143.0,23.448618,8.336802,14.029357,5.0,0.0,-0.05,23.572894186886685,8.335972430148558,15.0
143.1,23.444345,8.331413,18.47861,5.0,0.0,-0.05,23.575603384751496,8.337786458449845,15.0
143.20000000000002,23.44765,8.335578,18.548174,0.10183663,0.0,0.04144065,23.578319372953096,8.339598375586867,15.0
143.3,23.450937,8.339743,18.617033,0.10183663,0.0,0.04144065,23.581042108035735,8.341408170235145,15.0
143.4,23.454206,8.342511,18.685156,0.101774395,0.0,0.027482826,23.58377154643571,8.343215831083471,15.0
143.5,23.45746,8.34528,18.752598,0.101774395,0.0,0.027482826,23.586507644482058,8.34502134683397,15.0
143.6,23.46064,8.34688,13.67948,0.100342736,0.00243,0.015794408,23.589250358397273,8.346824706202174,15.0
143.70000000000002,23.463684,8.348479,8.657025,0.100342736,0.00243,0.015794408,23.591999644297992,8.348625897917094,15.0
143.8,23.45404,8.343076,15.219593,5.0,0.0,-0.05,23.5947554581957,8.350424910721287,15.0
143.9,23.450836,8.337679,19.201117,5.0,0.0,-0.05,23.59751775599743,8.352221733370929,15.0
144.0,23.45153,8.332289,21.617994,5.0,0.0,-0.05,23.600286493506477,8.354016354635881,15.0
144.1,23.454584,8.326905,23.086372,5.0,0.0,-0.05,23.603061626423102,8.355808763299772,15.0
144.20000000000002,23.459082,8.331522,23.97848,5.0,0.0,0.05,23.605843110345237,8.35759894816005,15.0
144.3,23.464474,8.336133,24.520178,5.0,0.0,0.05,23.608630900769196,8.359386898028067,15.0
144.4,23.470417,8.340737,24.849464,5.0,0.0,0.05,23.611424953090395,8.36117260172914,15.0
144.5,23.476706,8.345336,25.049992,5.0,0.0,0.05,23.614225222604055,8.362956048102626,15.0
144.6,23.481562,8.349176,25.116076,2.3886135,0.0,0.04021201,23.617031664505923,8.364737226001996,15.0
144.70000000000002,23.486475,8.353015,25.168407,2.3886135,0.0,0.04021201,23.619844233892987,8.36651612429489,15.0
144.8,23.491442,8.355621,25.209997,2.388309,0.0,0.027920377,23.622662885764203,8.3682927318632,15.0
144.9,23.496458,8.358226,25.243214,2.388309,0.0,0.027920377,23.625487575021193,8.370067037603134,15.0
145.0,23.502014,8.361191,25.276884,3.125484,0.0,0.032202218,23.628318256468994,8.371839030425287,15.0
145.1,23.507626,8.364153,25.302164,3.125484,0.0,0.032202218,23.631154884816763,8.373608699254712,15.0
145.20000000000002,23.513575,8.367183,25.32349,3.5449092,0.0,0.033291783,23.633997414678507,8.375376033030982,15.0
145.3,23.519577,8.37021,25.339249,3.5449092,0.0,0.033291783,23.636845800573806,8.377141020708267,15.0
145.4,23.52563,8.37243,25.351187,3.5446336,0.0,0.02525291,23.63969999692855,8.378903651255401,15.0
145.5,23.531733,8.374648,25.360527,3.5446336,0.0,0.02525291,23.642559958075655,8.38066391365595,15.0
145.6,23.537882,8.375128,25.368217,3.5444157,0.0,0.007882789,23.64542563825581,8.382421796908273,15.0
145.70000000000002,23.544077,8.375607,25.37491,3.5444157,0.0,0.007882789,23.648296991618185,8.384177290025615,15.0
145.8,23.550274,8.375904,25.28644,3.5442293,5.2804706e-05,0.006083694,23.65117397222119,8.385930382036143,15.0
145.9,23.556446,8.376202,25.225697,3.5442293,5.2804706e-05,0.006083694,23.6540565340332,8.387681061983038,15.0
146.0,23.561476,8.376671,23.35375,2.8251882,0.0010346998,0.0071376325,23.656944630933282,8.38942931892456,15.0
146.1,23.565401,8.37714,21.943243,2.8251882,0.0010346998,0.0071376325,23.659838216711954,8.391175141934106,15.0
146.20000000000002,23.568434,8.377762,20.020515,2.2546659,0.0013780986,0.008135665,23.662737245071902,8.392918520100288,15.0
146.3,23.570547,8.378384,18.486202,2.2546659,0.0013780986,0.008135665,23.665641669628734,8.394659442526997,15.0
146.4,23.571686,8.378982,16.402754,2.254642,0.001829533,0.007905576,23.668551443911717,8.396397898333475,15.0
146.5,23.571825,8.379579,14.739868,2.254642,0.001829533,0.007905576,23.67146652136453,8.39813387665438,15.0
146.6,23.575813,8.384589,14.846048,0.1,0.0,0.05,23.674386855345986,8.399867366639853,15.0
146.70000000000002,23.579855,8.3896,14.951173,0.1,0.0,0.05,23.677312399130816,8.401598357455585,15.0
146.8,23.58395,8.394609,15.055251,0.1,0.0,0.05,23.680243105910375,8.40332683828289,15.0
146.9,23.588099,8.399619,15.158295,0.1,0.0,0.05,23.683178928793414,8.405052798318769,15.0
147.0,23.58449,8.40423,14.341886,4.069,0.00243,0.05,23.686119820806837,8.406776226775976,15.0
147.1,23.580263,8.408836,13.796404,4.069,0.00243,0.05,23.68906573489643,8.40849711288309,15.0
147.20000000000002,23.575644,8.413438,13.431185,4.069,0.00243,0.05,23.692016623927632,8.41021544588458,15.0
147.3,23.570782,8.418035,13.185907,4.069,0.00243,0.05,23.694972440686282,8.411931215040866,15.0
147.4,23.569351,8.41809,16.493994,3.1630957,0.0,0.0036662742,23.69793313787937,8.4136444096284,15.0
147.5,23.570208,8.418145,18.905079,3.1630957,0.0,0.0036662742,23.70089866813581,8.41535501893972,15.0
147.6,23.572737,8.415165,20.663107,3.1632526,0.0,-0.026704147,23.70386898400718,8.417063032283526,15.0
147.70000000000002,23.57649,8.412188,21.94558,3.1632526,0.0,-0.026704147,23.706844037968487,8.418768438984737,15.0
147.8,23.581408,8.41669,23.302177,5.0,0.0,0.05,23.709823782418933,8.420471228384566,15.0
147.9,23.587704,8.421186,24.12595,5.0,0.0,0.05,23.71280816968267,8.422171389840585,15.0
148.0,23.592205,8.424309,20.7317,5.0,0.0023301146,0.03630056,23.715797152009564,8.423868912726794,15.0
148.1,23.593409,8.427427,18.672186,5.0,0.0023301146,0.03630056,23.718790681575964,8.425563786433678,15.0
148.20000000000002,23.595259,8.423788,21.31788,5.0,0.0,-0.03127721,23.721788710485463,8.427256000368283,15.0
148.3,23.599724,8.420154,22.92507,5.0,0.0,-0.03127721,23.724791190769654,8.428945543954276,15.0
148.4,23.602716,8.417355,19.388222,4.997646,0.0027,-0.022967411,23.727798074388925,8.430632406632014,15.0
148.5,23.602245,8.414559,17.242601,4.997646,0.0027,-0.022967411,23.7308093132332,8.432316577858614,15.0
148.6,23.605234,8.41617,12.590107,1.0307646,0.0027,0.016959475,23.733824859122713,8.433998047108009,15.0
148.70000000000002,23.607101,8.417781,8.393369,1.0307646,0.0027,0.016959475,23.736844663808807,8.435676803871022,15.0
148.8,23.59893,8.412285,15.085803,5.0,0.0,-0.05,23.739868678974666,8.43735283765543,15.0
148.9,23.597338,8.406796,19.146606,5.0,0.0,-0.05,23.74289685623611,8.439026137986026,15.0
149.0,23.599743,8.411308,21.61082,5.0,0.0,0.05,23.745929147142373,8.440696694404688,15.0
149.1,23.604584,8.415815,23.106104,5.0,0.0,0.05,23.74896550317686,8.442364496470445,15.0
149.20000000000002,23.609571,8.4203615,21.533394,0.59156066,0.0008263016,0.045840584,23.752005875757938,8.44402953375954,15.0
149.3,23.614332,8.424908,20.051073,0.59156066,0.0008263016,0.045840584,23.755050216239717,8.445691795865493,15.0
149.4,23.618261,8.428803,15.837669,0.9389197,0.0023139124,0.039713893,23.758098475912806,8.447351272399173,15.0
149.5,23.62124,8.432699,12.001887,0.9389197,0.0023139124,0.039713893,23.761150606005124,8.449007952988858,15.0
149.6,23.623873,8.434832,13.223508,0.9548225,0.0,0.022105142,23.764206557682652,8.450661827280296,15.0
149.70000000000002,23.62677,8.436964,14.333954,0.9548225,0.0,0.022105142,23.767266282050223,8.452312884936783,15.0
149.8,23.630493,8.438589,15.014897,0.6339793,0.0,0.016681546,23.770329730152316,8.45396111563921,15.0
149.9,23.634302,8.440214,15.654124,0.6339793,0.0,0.016681546,23.77339685297383,8.455606509086142,15.0
150.0,23.63906,8.444363,15.751318,0.1,0.0,0.041319836,23.77646760144086,8.457249054993875,15.0
150.1,23.643793,8.448511,15.847555,0.1,0.0,0.041319836,23.779541926421498,8.458888743096503,15.0
150.20000000000002,23.648502,8.451462,15.942848,0.1,0.0,0.029338846,23.782619778726612,8.460525563145982,15.0
150.3,23.653183,8.454412,16.03721,0.1,0.0,0.029338846,23.785701109110626,8.462159504912188,15.0
150.4,23.657835,8.4494295,16.130674,0.1,0.0,-0.05,23.788785868272324,8.463790558182994,15.0
150.5,23.662453,8.444447,16.223274,0.1,0.0,-0.05,23.791874006855625,8.465418712764322,15.0
150.6,23.667036,8.439465,16.315016,0.1,0.0,-0.05,23.794965475450375,8.46704395848021,15.0
150.70000000000002,23.671583,8.434483,16.405909,0.1,0.0,-0.05,23.798060224593144,8.468666285172876,15.0
150.8,23.669704,8.437296,15.245952,3.8516726,0.0022969425,0.03204037,23.80115820476801,8.470285682702787,15.0
150.9,23.666864,8.440106,14.455593,3.8516726,0.0022969425,0.03204037,23.80425936640736,8.47190214094871,15.0
151.0,23.663668,8.442999,13.93705,3.7089987,0.002209591,0.032723363,23.807363659892673,8.47351564980779,15.0
151.1,23.660034,8.4458885,13.57783,3.7089987,0.002209591,0.032723363,23.810471035555317,8.4751261991956,15.0
151.20000000000002,23.65576,8.448031,13.332213,3.8525093,0.0022885092,0.025445985,23.813581443677347,8.476733779046212,15.0
151.3,23.65125,8.450172,13.163641,3.8525093,0.0022885092,0.025445985,23.816694834492303,8.478338379312255,15.0
151.4,23.65174,8.454904,15.271233,1.8857652,0.0,0.04915107,23.819811158185995,8.479939989964986,15.0
151.5,23.65309,8.459632,17.016247,1.8857652,0.0,0.04915107,23.822930364897314,8.481538600994341,15.0
151.6,23.655142,8.462759,18.462221,1.8872603,0.0,0.03315391,23.826052404719015,8.483134202409008,15.0
151.70000000000002,23.657768,8.465884,19.659492,1.8872603,0.0,0.03315391,23.82917722769853,8.484726784236484,15.0
151.8,23.660858,8.467726,20.652802,1.8911033,0.0,0.020332454,23.832304783838758,8.486316336523133,15.0
151.9,23.664328,8.469566,21.475195,1.8911033,0.0,0.020332454,23.835435023098867,8.487902849334265,15.0
152.0,23.668097,8.470453,22.173662,1.9445755,0.0,0.010869517,23.838567895395098,8.489486312754176,15.0
152.1,23.672123,8.471339,22.749123,1.9445755,0.0,0.010869517,23.841703350601556,8.491066716886225,15.0
152.20000000000002,23.676353,8.475328,23.21896,1.9425467,1.9497277e-06,0.041915208,23.844841338551028,8.492644051852892,15.0
152.3,23.680746,8.479316,23.605997,1.9425467,1.9497277e-06,0.041915208,23.847981809035772,8.494218307795839,15.0
152.4,23.68529,8.48331,23.93479,2.0080576,1.9085326e-06,0.042083874,23.851124711808332,8.495789474875972,15.0
152.5,23.689938,8.487301,24.203959,2.0080576,1.9085326e-06,0.042083874,23.854269996582325,8.497357543273498,15.0
152.6,23.696234,8.491715,24.688494,5.0,0.0,0.05,23.857417613033263,8.498922503188,15.0
152.70000000000002,23.702969,8.496124,24.983389,5.0,0.0,0.05,23.86056751079935,8.500484344838481,15.0
152.8,23.709957,8.500246,25.163351,5.0,0.0,0.047192097,23.86371963948229,8.502043058463435,15.0
152.9,23.717087,8.504363,25.27366,5.0,0.0,0.047192097,23.866873948648095,8.503598634320909,15.0
153.0,23.724289,8.507623,25.341846,5.0,0.0,0.038668707,23.870030387827878,8.505151062688556,15.0
153.1,23.731522,8.510878,25.384583,5.0,0.0,0.038668707,23.87318890651868,8.506700333863707,15.0
153.20000000000002,23.738758,8.510461,25.41235,5.0,0.0,0.0019714031,23.87634945418428,8.50824643816342,15.0
153.3,23.745981,8.510044,25.431429,5.0,0.0,0.0019714031,23.87951198025597,8.50978936592455,15.0
153.4,23.753191,8.51416,25.44465,5.0,0.0,0.047324296,23.882676434133405,8.511329107503801,15.0
153.5,23.76039,8.5182705,25.453827,5.0,0.0,0.047324296,23.885842765185394,8.512865653277796,15.0
153.60000000000002,23.767574,8.521402,25.460672,5.0,0.0,0.037585877,23.889010922750703,8.514398993643127,15.0
153.70000000000002,23.774746,8.524529,25.466204,5.0,0.0,0.037585877,23.892180856138882,8.515929119016423,15.0
153.8,23.78189,8.518899,25.472057,5.0,0.0,-0.05,23.89535251463106,8.517456019834404,15.0
153.9,23.789,8.513275,25.479038,5.0,0.0,-0.05,23.898525847480773,8.518979686553944,15.0
154.0,23.79609,8.516653,25.485538,5.0,0.0,0.04,23.90170080391476,8.520500109652135,15.0
154.10000000000002,23.803177,8.520026,25.490778,5.0,0.0,0.04,23.90487733313379,8.522017279626333,15.0
154.20000000000002,23.807507,8.523395,21.433065,5.0,0.00243,0.04,23.908055384313457,8.523531186994234,15.0
154.3,23.80785,8.526759,18.970753,5.0,0.00243,0.04,23.911234906605017,8.525041822293918,15.0
154.4,23.80578,8.530119,17.475582,5.0,0.00243,0.04,23.914415849136176,8.526549176083924,15.0
154.5,23.802256,8.533474,16.5667,5.0,0.00243,0.04,23.91759816101192,8.528053238943293,15.0
154.60000000000002,23.797853,8.536825,16.013233,4.999992,0.0024299962,0.039999854,23.920781791315335,8.529554001471638,15.0
154.70000000000002,23.792929,8.540172,15.675227,4.999992,0.0024299962,0.039999854,23.923966689108397,8.531051454289198,15.0
154.8,23.789736,8.543463,18.416483,4.969704,0.0006544585,0.03944355,23.92715280343281,8.532545588036896,15.0
154.9,23.789248,8.546749,20.083582,4.969704,0.0006544585,0.03944355,23.930340083310817,8.534036393376402,15.0
155.0,23.79114,8.542277,22.20401,5.0,0.0,-0.03810601,23.933528477746002,8.535523860990189,15.0
155.10000000000002,23.795118,8.537811,23.4926,5.0,0.0,-0.03810601,23.93671793572413,8.537007981581588,15.0
155.20000000000002,23.800373,8.538434,24.276274,5.0,0.0,0.0127574,23.93990840621393,8.538488745874849,15.0
155.3,23.806417,8.539056,24.753325,5.0,0.0,0.0127574,23.943099838167953,8.539966144615203,15.0
155.4,23.812958,8.543399,25.04403,5.0,0.0,0.05,23.946292180523347,8.54144016856891,15.0
155.5,23.819817,8.547736,25.22138,5.0,0.0,0.05,23.94948538220271,8.542910808523326,15.0
155.60000000000002,23.826887,8.552069,25.330029,5.0,0.0,0.05,23.95267939211488,8.544378055286955,15.0
155.70000000000002,23.834103,8.556396,25.397041,5.0,0.0,0.05,23.955874159155766,8.545841899689512,15.0
155.8,23.841417,8.5563965,25.439383,5.0,0.0,0.006758971,23.959069632209165,8.547302332581973,15.0
155.9,23.848803,8.556397,25.467241,5.0,0.0,0.006758971,23.962265760147574,8.548759344836634,15.0
156.0,23.856249,8.5579815,25.486132,5.0,0.0,0.022596601,23.965462491833016,8.550212927347179,15.0
156.10000000000002,23.863752,8.559564,25.499426,5.0,0.0,0.022596601,23.968659776117853,8.551663071028718,15.0
156.20000000000002,23.871311,8.563883,25.50899,5.0,0.0,0.05,23.971857561845603,8.55310976681786,15.0
156.3,23.87893,8.568197,25.516012,5.0,0.0,0.05,23.975055797851763,8.554553005672759,15.0
156.4,23.886602,8.572506,25.521513,5.0,0.0,0.05,23.978254432964626,8.555992778573177,15.0
156.5,23.894333,8.57681,25.526106,5.0,0.0,0.05,23.981453416006097,8.55742907652054,15.0
156.60000000000002,23.899271,8.581155,21.407803,4.6844354,0.00243,0.05,23.984652695792516,8.55886189053799,15.0
156.70000000000002,23.900417,8.585495,18.828917,4.6844354,0.00243,0.05,23.987852221135476,8.560291211670442,15.0
156.8,23.901726,8.57979,21.466408,5.0,0.0,-0.05,23.991051940842638,8.561717030984644,15.0
156.9,23.905657,8.574093,23.068947,5.0,0.0,-0.05,23.994251803718555,8.563139339569233,15.0
157.0,23.91014,8.572967,23.012564,2.4421854,0.0003146238,-0.00800033,23.99745175856549,8.564558128534781,15.0
157.10000000000002,23.914637,8.571841,22.969275,2.4421854,0.0003146238,-0.00800033,24.000651754184233,8.565973389013864,15.0
157.20000000000002,23.92017,8.575582,23.985592,5.0,0.0,0.044325594,24.003851739374927,8.567385112161109,15.0
157.3,23.926758,8.579317,24.603197,5.0,0.0,0.044325594,24.00705166293787,8.56879328915325,15.0
157.4,23.93094,8.581973,20.464876,4.996858,0.0027,0.03355804,24.010251473674355,8.570197911189183,15.0
157.5,23.931112,8.584626,17.952988,4.996858,0.0027,0.03355804,24.01345112038748,8.57159896949003,15.0
157.60000000000002,23.933764,8.5870695,13.244967,1.0306858,0.0027,0.025680827,24.016650551882968,8.572996455299176,15.0
157.70000000000002,23.93531,8.589513,8.998035,1.0306858,0.0027,0.025680827,24.01984971696998,8.574390359882344,15.0
157.8,23.927423,8.583807,15.509053,5.0,0.0,-0.05,24.023048564461945,8.57578067452763,15.0
157.9,23.925968,8.578108,19.459887,5.0,0.0,-0.05,24.026247043177367,8.577167390545576,15.0
158.0,23.928438,8.582355,21.857458,5.0,0.0,0.04944227,24.029445101940663,8.578550499269209,15.0
158.10000000000002,23.933315,8.5865965,23.31238,5.0,0.0,0.04944227,24.032642689582953,8.579929992054106,15.0
158.20000000000002,23.939653,8.580895,24.197151,5.0,0.0,-0.05,24.035839754942906,8.581305860278441,15.0
158.3,23.946877,8.575201,24.737371,5.0,0.0,-0.05,24.039036246867546,8.58267809534304,15.0
158.4,23.95465,8.574922,25.068035,5.0,0.0,0.004107375,24.042232114213068,8.58404668867144,15.0
158.5,23.962774,8.574642,25.271091,5.0,0.0,0.004107375,24.045427305845664,8.585411631709936,15.0
158.60000000000002,23.970367,8.575909,24.285093,5.0,0.0006649044,0.019565696,24.048621770642335,8.586772915927643,15.0
158.70000000000002,23.977018,8.577173,23.688595,5.0,0.0006649044,0.019565696,24.051815457491713,8.588130532816532,15.0
158.8,23.983156,8.578223,24.143847,3.5753818,6.6490444e-05,0.015376187,24.055008315294877,8.589484473891506,15.0
158.9,23.989658,8.579272,24.463509,3.5753818,6.6490444e-05,0.015376187,24.05820029296617,8.590834730690439,15.0
159.0,23.995728,8.580118,24.570932,2.2873132,6.6490444e-05,0.011478334,24.061391339434014,8.592181294774226,15.0
159.10000000000002,24.001867,8.580963,24.657227,2.2873132,6.6490444e-05,0.011478334,24.06458140364174,8.59352415772685,15.0
159.20000000000002,24.008066,8.581874,24.726717,2.2873173,6.6490444e-05,0.012138118,24.067770434548386,8.59486331115542,15.0
159.3,24.014313,8.582784,24.782843,2.2873173,6.6490444e-05,0.012138118,24.070958381129525,8.59619874669023,15.0
159.4,24.02069,8.583514,23.715567,3.3267643,0.0007219326,0.011868946,24.074145192378076,8.597530455984817,15.0
159.5,24.02632,8.584245,22.951433,3.3267643,0.0007219326,0.011868946,24.077330817305135,8.598858430715998,15.0
159.60000000000002,24.030472,8.584827,20.25407,3.3065917,0.0019074572,0.010371752,24.080515204940767,8.600182662583936,15.0
159.70000000000002,24.032726,8.585409,18.316622,3.3065917,0.0019074572,0.010371752,24.083698304334835,8.601503143312186,15.0
159.8,24.034243,8.585962,16.483635,2.6841948,0.0019074572,0.00917786,24.086880064557818,8.60281986464775,15.0
159.9,24.034676,8.586514,15.082222,2.6841948,0.0019074572,0.00917786,24.090060434701623,8.60413281836112,15.0
160.0,24.039492,8.591528,15.187218,0.1,0.0,0.05,24.093239363880397,8.605441996246343,15.0
160.10000000000002,24.0443,8.59654,15.291175,0.1,0.0,0.05,24.096416801231335,8.60674739012106,15.0
160.20000000000002,24.04091,8.600543,14.455654,4.344796,0.0025988547,0.04625388,24.09959269591551,8.608048991826564,15.0
160.3,24.036783,8.604541,13.912616,4.344796,0.0025988547,0.04625388,24.102766997118675,8.609346793227848,15.0
160.4,24.032845,8.60765,13.742568,4.08545,0.0023482982,0.037017565,24.10593965405208,8.61064078621366,15.0
160.5,24.028751,8.610756,13.627899,4.08545,0.0023482982,0.037017565,24.109110615953277,8.611930962696544,15.0
160.60000000000002,24.0287,8.609301,16.439821,2.6733263,0.0,-0.010739568,24.11227983208695,8.613217314612903,15.0
160.70000000000002,24.030268,8.607845,18.5925,2.6733263,0.0,-0.010739568,24.115447251745703,8.614499833923043,15.0
160.8,24.033064,8.606684,20.241943,2.675452,0.0,-0.007805149,24.118612824250892,8.61577851261122,15.0
160.9,24.036793,8.605522,21.504953,2.675452,0.0,-0.007805149,24.121776498953423,8.617053342685697,15.0
161.0,24.041388,8.599793,23.126207,5.0,0.0,-0.05,24.12493822523457,8.618324316178793,15.0
161.10000000000002,24.047516,8.594071,24.112911,5.0,0.0,-0.05,24.128097952506778,8.619591425146925,15.0
161.20000000000002,24.053183,8.59876,24.420124,2.2463164,0.0,0.05,24.131255630214476,8.620854661670666,15.0
161.3,24.058968,8.603445,24.665829,2.2463164,0.0,0.05,24.134411207834894,8.622114017854793,15.0
161.4,24.066498,8.607711,25.050396,5.0,0.0,0.05,24.137564634878853,8.623369485828334,15.0
161.5,24.074368,8.611971,25.285015,5.0,0.0,0.05,24.140715860891586,8.624621057744617,15.0
161.60000000000002,24.082424,8.614904,25.428894,5.0,0.0,0.036777314,24.143864835453552,8.625868725781324,15.0
161.70000000000002,24.090578,8.617833,25.517897,5.0,0.0,0.036777314,24.147011508181215,8.627112482140529,15.0
161.8,24.095474,8.618635,25.526262,0.611852,0.0,0.008749865,24.150155828727886,8.628352319048764,15.0
161.9,24.100323,8.619436,25.534319,0.611852,0.0,0.008749865,24.1532977467845,8.62958822875705,15.0
162.0,24.105125,8.623831,25.542027,0.6124143,0.0,0.044684947,24.156437212080437,8.630820203540956,15.0
162.10000000000002,24.10988,8.628224,25.549332,0.6124143,0.0,0.044684947,24.159574174384314,8.632048235700644,15.0
162.20000000000002,24.1142,8.631403,25.550493,0.1,0.0,0.031736687,24.16270858350481,8.633272317560916,15.0
162.3,24.118471,8.634581,25.551657,0.1,0.0,0.031736687,24.16584038929144,8.634492441471263,15.0
162.4,24.122692,8.638701,25.552818,0.1,0.0,0.041170184,24.168969541635377,8.635708599805918,15.0
162.5,24.126862,8.642822,25.553976,0.1,0.0,0.041170184,24.172095990470254,8.636920784963893,15.0
162.60000000000002,24.130981,8.645938,25.555132,0.1,0.0,0.031120684,24.175219685772955,8.638128989369035,15.0
162.70000000000002,24.135052,8.649054,25.556288,0.1,0.0,0.031120684,24.17834057756442,8.639333205470072,15.0
162.8,24.141218,8.650214,25.585941,2.9051244,0.0,0.016129931,24.18145861591045,8.640533425740655,15.0
162.9,24.147352,8.651374,25.609108,2.9051244,0.0,0.016129931,24.184573750922496,8.641729642679412,15.0
163.0,24.152359,8.654811,25.619017,1.4928952,0.0,0.036616404,24.187685932758466,8.64292184880999,15.0
163.10000000000002,24.157324,8.658247,25.627783,1.4928952,0.0,0.036616404,24.190795111623515,8.644110036681107,15.0
163.20000000000002,24.161583,8.656032,20.635979,5.0,0.003,-0.014131683,24.193901237770845,8.645294198866592,15.0
163.3,24.160883,8.653819,17.608015,5.0,0.003,-0.014131683,24.197004261502514,8.646474327965436,15.0
163.4,24.16097,8.649329,13.299551,2.005931,0.003,-0.04182898,24.200104133170196,8.64765041660183,15.0
163.5,24.159056,8.644842,9.774515,2.005931,0.003,-0.04182898,24.203200803176017,8.648822457425233,15.0
163.60000000000002,24.150932,8.63906,16.033112,5.0,0.0,-0.05,24.206294221973327,8.649990443110388,15.0
163.70000000000002,24.148914,8.6332855,19.830675,5.0,0.0,-0.05,24.20938434006748,8.651154366357389,15.0
163.8,24.150578,8.627518,22.136333,5.0,0.0,-0.05,24.21247110801666,8.65231421989172,15.0
163.9,24.154455,8.6217575,23.537577,5.0,0.0,-0.05,24.215554476432647,8.653469996464299,15.0
164.0,24.156273,8.6259985,19.374218,5.0,0.003,0.05,24.21863439598161,8.65462168885153,15.0
164.10000000000002,24.153984,8.630235,16.846836,5.0,0.003,0.05,24.221710817384903,8.655769289855334,15.0
164.20000000000002,24.156132,8.63476,11.1620655,0.59,0.003,0.04596469,24.22478369141984,8.656912792303212,15.0
164.3,24.157446,8.639284,5.802912,0.59,0.003,0.04596469,24.227852968920516,8.658052189048275,15.0
164.4,24.145185,8.633511,13.623379,5.0,0.0,-0.05,24.23091860077855,8.6591874729693,15.0
164.5,24.140589,8.627745,18.36769,5.0,0.0,-0.05,24.233980537943896,8.660318636970764,15.0
164.60000000000002,24.143831,8.632751,18.441711,0.1016276,0.0,0.05,24.237038731425628,8.661445673982898,15.0
164.70000000000002,24.147068,8.637759,18.51498,0.1016276,0.0,0.05,24.240093132292714,8.662568576961723,15.0
164.8,24.150229,8.641995,12.876465,0.10016276,0.0027,0.04228722,24.243143691674803,8.663687338889098,15.0
164.9,24.153246,8.646233,7.294142,0.10016276,0.0027,0.04228722,24.246190360763013,8.664801952772764,15.0
165.0,24.142427,8.640453,14.525587,5.0,0.0,-0.05,24.2492330908107,8.66591241164639,15.0
165.10000000000002,24.138712,8.634682,18.912825,5.0,0.0,-0.05,24.25227183313426,8.66701870856961,15.0
165.20000000000002,24.139313,8.638911,21.574606,5.0,0.0,0.05,24.255306539113864,8.668120836628075,15.0
165.3,24.14255,8.643136,23.189335,5.0,0.0,0.05,24.25833716019429,8.669218788933485,15.0
165.4,24.145657,8.647638,18.540867,0.59151894,0.0023217422,0.04571131,24.261363647885666,8.670312558623642,15.0
165.5,24.148113,8.65214,14.159355,0.59151894,0.0023217422,0.04571131,24.264385953764247,8.67140213886249,15.0
165.60000000000002,24.14991,8.655848,9.325018,0.5901519,0.0026621742,0.037775766,24.267404029473216,8.672487522840155,15.0
165.70000000000002,24.151035,8.659555,4.7676597,0.5901519,0.0026621742,0.037775766,24.27041782672341,8.673568703772993,15.0
165.8,24.13788,8.653762,12.98839,5.0,0.0,-0.05,24.27342729729415,8.674645674903624,15.0
165.9,24.132826,8.647976,17.975384,5.0,0.0,-0.05,24.276432393033964,8.675718429500982,15.0
166.0,24.136198,8.6529875,18.054476,0.103313185,0.0,0.05,24.27943306586139,8.676786960860357,15.0
166.10000000000002,24.139603,8.657999,18.13275,0.103313185,0.0,0.05,24.28242926776572,8.67785126230343,15.0
166.20000000000002,24.143044,8.662179,18.210226,0.10332513,0.0,0.04168842,24.285420950807794,8.678911327178318,15.0
166.3,24.14652,8.666359,18.286907,0.10332513,0.0,0.04168842,24.28840806712074,8.679967148859623,15.0
166.4,24.149992,8.669399,14.742446,0.10332204,0.0017121728,0.030291785,24.291390568910767,8.68101872074846,15.0
166.5,24.153412,8.672441,11.234426,0.10332204,0.0017121728,0.030291785,24.294368408457906,8.68206603627251,15.0
166.60000000000002,24.15684,8.673392,11.378088,0.1,0.0,0.009391661,24.297341538116793,8.683109088886052,15.0
166.70000000000002,24.160315,8.674344,11.520341,0.1,0.0,0.009391661,24.300309910317413,8.684147872070014,15.0
166.8,24.163837,8.67895,11.661188,0.1,0.0,0.045939166,24.303273477565874,8.685182379332002,15.0
166.9,24.16741,8.683557,11.800632,0.1,0.0,0.045939166,24.30623219244516,8.686212604206348,15.0
167.0,24.171034,8.682552,11.938705,0.1,0.0,-0.010162431,24.309186007615903,8.687238540254153,15.0
167.10000000000002,24.17471,8.681548,12.075438,0.1,0.0,-0.010162431,24.312134875817122,8.688260181063319,15.0
167.20000000000002,24.178438,8.6819,12.210839,0.1,0.0,0.0034025477,24.315078749866984,8.689277520248593,15.0
167.3,24.18222,8.682252,12.344919,0.1,0.0,0.0034025477,24.318017582663572,8.690290551451609,15.0
167.4,24.186056,8.682825,12.477691,0.1,0.0,0.005609592,24.320951327185618,8.691299268340925,15.0
167.5,24.189947,8.683397,12.609167,0.1,0.0,0.005609592,24.323879936493277,8.692303664612066,15.0
167.60000000000002,24.193893,8.684804,12.739358,0.1,0.0,0.013956075,24.326803363728864,8.693303733987555,15.0
167.70000000000002,24.197893,8.686211,12.868275,0.1,0.0,0.013956075,24.3297215621176,8.694299470216965,15.0
167.8,24.201948,8.687157,12.995932,0.1,0.0,0.009351521,24.33263448496838,8.695290867076945,15.0
167.9,24.206057,8.688103,13.122343,0.1,0.0,0.009351521,24.335542085674497,8.696277918371269,15.0
168.0,24.210218,8.691018,13.247517,0.1,0.0,0.029050998,24.338444317714398,8.697260617930871,15.0
168.10000000000002,24.214432,8.6939335,13.371458,0.1,0.0,0.029050998,24.34134113465244,8.69823895961388,15.0
168.20000000000002,24.218697,8.698367,13.494176,0.1,0.0,0.044246737,24.344232490139603,8.699212937305663,15.0
168.3,24.223013,8.702801,13.615679,0.1,0.0,0.044246737,24.34711833791427,8.700182544918865,15.0
168.4,24.227379,8.707809,13.735976,0.1,0.0,0.05,24.349998631802936,8.70114777639344,15.0
168.5,24.231792,8.712817,13.85508,0.1,0.0,0.05,24.35287332572096,8.702108625696697,15.0
168.60000000000002,24.236252,8.717813,13.9730015,0.1,0.0,0.049876723,24.3557423736733,8.703065086823328,15.0
168.70000000000002,24.240755,8.722807,14.089754,0.1,0.0,0.049876723,24.358605729755254,8.704017153795453,15.0
168.8,24.245237,8.727788,9.092568,0.1,0.002417582,0.049741387,24.36146334815318,8.70496482066266,15.0
168.9,24.249632,8.732768,4.1451087,0.1,0.002417582,0.049741387,24.364315183145244,8.705908081502033,15.0
169.0,24.237371,8.72688,12.622596,5.0,0.0,-0.05,24.367161189102152,8.706846930418195,15.0
169.10000000000002,24.233467,8.720999,17.765713,5.0,0.0,-0.05,24.37000132048787,8.707781361543342,15.0
169.20000000000002,24.23824,8.725784,17.844688,0.1,0.0,0.04780343,24.37283553186035,8.708711369037282,15.0
169.3,24.243042,8.730569,17.922886,0.1,0.0,0.04780343,24.375663777872273,8.709636947087475,15.0
169.4,24.247862,8.73555,18.006346,0.10783655,0.0,0.049780343,24.378486013271765,8.710558089909057,15.0
169.5,24.252707,8.74053,18.088919,0.10783655,0.0,0.049780343,24.38130219290312,8.71147479174489,15.0
169.60000000000002,24.254322,8.73463,21.084743,4.9999223,0.0,-0.05,24.384112271707522,8.712387046865592,15.0
169.70000000000002,24.258877,8.728736,22.904917,4.9999223,0.0,-0.05,24.38691620472377,8.713294849569568,15.0
169.8,24.265211,8.72297,24.012388,4.9999714,0.0,-0.048792325,24.389713947089,8.714198194183057,15.0
169.9,24.272621,8.717212,24.687786,4.9999714,0.0,-0.048792325,24.39250545403939,8.715097075060157,15.0
170.0,24.280691,8.721093,25.100023,5.0,0.0,0.047600444,24.395290680910886,8.715991486582867,15.0
170.10000000000002,24.289173,8.72497,25.351694,5.0,0.0,0.047600444,24.39806958313992,8.716881423161116,15.0
170.20000000000002,24.297903,8.726087,25.506384,5.0,0.0,0.020032696,24.400842116264123,8.717766879232803,15.0
170.3,24.306776,8.727201,25.602581,5.0,0.0,0.020032696,24.40360823592301,8.718647849263832,15.0
170.4,24.31572,8.727574,25.66327,4.9849005,0.0,0.012592768,24.406367897858733,8.719524327748143,15.0
170.5,24.324707,8.727946,25.702702,4.9849005,0.0,0.012592768,24.409121057916764,8.720396309207747,15.0
170.60000000000002,24.333723,8.730799,25.728947,4.994058,0.0,0.037437476,24.41186767204659,8.721263788192763,15.0
170.70000000000002,24.34275,8.733647,25.746866,4.994058,0.0,0.037437476,24.414607696302454,8.722126759281451,15.0
170.8,24.351435,8.732296,25.75934,4.580456,0.0,-0.005311891,24.417341086844022,8.722985217080245,15.0
170.9,24.360098,8.730947,25.769918,4.580456,0.0,-0.005311891,24.4200677999371,8.723839156223784,15.0
171.0,24.368925,8.731683,25.779432,4.8097506,0.0,0.0159621,24.422787791954345,8.724688571374955,15.0
171.10000000000002,24.37773,8.732418,25.78767,4.8097506,0.0,0.0159621,24.425501019375936,8.725533457224913,15.0
171.20000000000002,24.385523,8.732804,24.329914,4.760205,0.0008667709,0.012380132,24.428207438790295,8.726373808493124,15.0
171.3,24.3919,8.73319,23.425898,4.760205,0.0008667709,0.012380132,24.430907006894767,8.727209619927399,15.0
171.4,24.395594,8.733606,20.031824,4.631038,0.0025166771,0.012456016,24.433599680496325,8.728040886303914,15.0
171.5,24.396109,8.734022,17.895702,4.631038,0.0025166771,0.012456016,24.43628541651224,8.728867602427261,15.0
171.60000000000002,24.394794,8.734509,16.41215,4.4337034,0.0025166771,0.012810977,24.438964171970802,8.729689763130464,15.0
171.70000000000002,24.392117,8.734997,15.459036,4.4337034,0.0025166771,0.012810977,24.441635904011978,8.730507363275024,15.0
171.8,24.396587,8.731312,14.647141,0.1,0.0004326331,-0.036875304,24.444300569888107,8.731320397750942,15.0
171.9,24.400993,8.727627,13.843381,0.1,0.0004326331,-0.036875304,24.4469581269646,8.732128861476752,15.0
172.0,24.395681,8.724707,13.505909,4.4301906,0.0026936175,-0.021378204,24.449608532720596,8.732932749399565,15.0
172.10000000000002,24.390018,8.721789,13.288322,4.4301906,0.0026936175,-0.021378204,24.45225174474966,8.733732056495077,15.0
172.20000000000002,24.388285,8.722266,16.855219,3.3505306,0.0,0.010597876,24.454887720760453,8.734526777767625,15.0
172.3,24.389042,8.722743,19.406584,3.3505306,0.0,0.010597876,24.45751641857742,8.735316908250203,15.0
172.4,24.391565,8.723611,21.231956,3.3506176,0.0,0.014504873,24.460137796141453,8.7361024430045,15.0
172.5,24.395336,8.724478,22.538235,3.3506176,0.0,0.014504873,24.46275181151056,8.736883377120922,15.0
172.60000000000002,24.40043,8.727333,23.82984,5.0,0.0,0.037394997,24.465358422860557,8.737659705718636,15.0
172.70000000000002,24.406746,8.7301855,24.61459,5.0,0.0,0.037394997,24.467957588485717,8.738431423945592,15.0
172.8,24.41234,8.732922,24.8936,2.6123254,0.0,0.031894837,24.47054926679944,8.73919852697855,15.0
172.9,24.418043,8.735657,25.109068,2.6123254,0.0,0.031894837,24.473133416334935,8.739961010023123,15.0
173.0,24.425467,8.73866,25.394194,5.0,0.0,0.038996037,24.475709995745863,8.74071886831379,15.0
173.10000000000002,24.433119,8.74166,25.568722,5.0,0.0,0.038996037,24.478278963807007,8.741472097113942,15.0
173.20000000000002,24.440866,8.74489,25.675556,4.9636497,0.0,0.04126143,24.480840279414934,8.7422206917159,15.0
173.3,24.44867,8.7481165,25.74214,4.9636497,0.0,0.04126143,24.48339390158865,8.742964647440953,15.0
173.4,24.455854,8.748547,25.779064,4.1739497,0.0,0.011838709,24.485939789470248,8.743703959639376,15.0
173.5,24.463018,8.748976,25.80514,4.1739497,0.0,0.011838709,24.488477902325585,8.744438623690472,15.0
173.60000000000002,24.469841,8.747506,25.210655,4.2206054,0.00035409076,-0.007070481,24.491008199544904,8.745168635002594,15.0
173.70000000000002,24.476097,8.746038,24.822773,4.2206054,0.00035409076,-0.007070481,24.493530640643502,8.745893989013172,15.0
173.8,24.47938,8.746718,20.01361,4.317386,0.003,0.0145760225,24.496045185262386,8.746614681188749,15.0
173.9,24.478409,8.747397,16.890158,4.317386,0.003,0.0145760225,24.498551793168883,8.747330707024997,15.0
174.0,24.479803,8.746482,12.337371,1.0986747,0.0027261402,-0.0073873363,24.501050424257325,8.74804206204676,15.0
174.10000000000002,24.479975,8.745566,8.258405,1.0986747,0.0027261402,-0.0073873363,24.50354103854967,8.748748741808068,15.0
174.20000000000002,24.470257,8.739667,15.183799,5.0,0.0,-0.05,24.506023596196137,8.74945074189218,15.0
174.3,24.467302,8.733775,19.385628,5.0,0.0,-0.05,24.508498057475865,8.750148057911593,15.0
174.4,24.470613,8.738544,13.415732,0.1,0.0028533787,0.04758986,24.510964382797518,8.750840685508086,15.0
174.5,24.47375,8.743314,7.5052342,0.1,0.0028533787,0.04758986,24.51342253269995,8.751528620352738,15.0
174.60000000000002,24.463175,8.737417,14.725345,5.0,0.0,-0.05,24.515872467852805,8.752211858145962,15.0
174.70000000000002,24.459665,8.731528,19.105799,5.0,0.0,-0.05,24.518314149057186,8.75289039461752,15.0
174.8,24.462908,8.736403,15.893171,0.10164101,0.0015515441,0.04864301,24.520747537246237,8.75356422552656,15.0
174.9,24.466051,8.741279,12.713027,0.10164101,0.0015515441,0.04864301,24.5231725934858,8.754233346661646,15.0
175.0,24.469147,8.743406,12.843894,0.1,0.0,0.021167584,24.52558927897503,8.754897753840769,15.0
175.10000000000002,24.472235,8.745534,12.97347,0.1,0.0,0.021167584,24.527997555047012,8.755557442911389,15.0
175.20000000000002,24.475319,8.747246,13.101768,0.1,0.0,0.017018478,24.530397383169372,8.75621240975045,15.0
175.3,24.478403,8.748958,13.228802,0.1,0.0,0.017018478,24.53278872494492,8.756862650264413,15.0
175.4,24.47654,8.750624,16.164944,2.6437416,0.0,0.021327535,24.535171542112234,8.757508160389275,15.0
175.5,24.476385,8.752288,18.418615,2.6437416,0.0,0.021327535,24.53754579654629,8.758148936090599,15.0
175.60000000000002,24.47662,8.754663,17.458359,2.6439393,0.0014405106,0.028452288,24.53991145025907,8.758784973363541,15.0
175.70000000000002,24.476309,8.757037,16.720844,2.6439393,0.0014405106,0.028452288,24.542268465400163,8.759416268232869,15.0
175.8,24.475628,8.759464,16.278667,2.644077,0.0013739485,0.029009327,24.54461680425738,8.760042816752993,15.0
175.9,24.474709,8.761889,15.938741,2.644077,0.0013739485,0.029009327,24.546956429257346,8.760664615007986,15.0
176.0,24.47792,8.762977,16.037457,0.1,0.0,0.010796792,24.54928730296611,8.761281659111614,15.0
176.10000000000002,24.481153,8.764064,16.135208,0.1,0.0,0.010796792,24.551609388089748,8.761893945207348,15.0
176.20000000000002,24.482214,8.764445,17.107878,1.5888169,0.00023220273,0.0065860646,24.553922647474945,8.762501469468404,15.0
176.3,24.483658,8.764826,17.937765,1.5888169,0.00023220273,0.0065860646,24.556227044109598,8.76310422809776,15.0
176.4,24.483555,8.759367,20.919415,4.7207327,0.0,-0.045853652,24.55852254112341,8.763702217328174,15.0
176.5,24.48627,8.753914,22.781298,4.7207327,0.0,-0.045853652,24.56080910178848,8.764295433422214,15.0
176.60000000000002,24.48876,8.757616,18.071848,1.8647611,0.0027,0.040293813,24.563086689519885,8.764883872672286,15.0
176.70000000000002,24.489286,8.761315,14.163376,1.8647611,0.0027,0.040293813,24.56535526787627,8.76546753140064,15.0
176.8,24.492687,8.76632,14.279859,0.1,0.0,0.05,24.56761480056043,8.766046405959417,15.0
176.9,24.49613,8.771325,14.395178,0.1,0.0,0.05,24.56986525141989,8.76662049273065,15.0
177.0,24.499592,8.774415,12.412868,0.1,0.0009913237,0.03086234,24.572106584447486,8.767189788126299,15.0
177.10000000000002,24.503048,8.777505,10.45029,0.1,0.0009913237,0.03086234,24.574338763781935,8.76775428858827,15.0
177.20000000000002,24.498266,8.778768,14.854628,3.5040464,8.5075626e-05,0.019215891,24.576561753708418,8.768313990588435,15.0
177.3,24.49679,8.780028,17.956366,3.5040464,8.5075626e-05,0.019215891,24.57877551865914,8.76886889062866,15.0
177.4,24.497057,8.782538,21.042866,4.9522777,0.0,0.034556214,24.580980023213908,8.769418985240822,15.0
177.5,24.500391,8.785045,22.924604,4.9522777,0.0,0.034556214,24.5831752321007,8.769964270986831,15.0
177.60000000000002,24.504044,8.78839,17.8364,0.5852516,0.0025456673,0.03439403,24.58536111019622,8.770504744458654,15.0
177.70000000000002,24.507023,8.791735,13.037461,0.5852516,0.0025456673,0.03439403,24.587537622526465,8.77104040227833,15.0
177.8,24.509352,8.795068,8.224568,0.58524835,0.0026845667,0.034289043,24.589704734267286,8.771571241098004,15.0
177.9,24.51105,8.798401,3.6852367,0.58524835,0.0026845667,0.034289043,24.591862410744938,8.772097257599931,15.0
178.0,24.497606,8.792427,12.404984,5.0,0.0,-0.05,24.59401061743664,8.77261844849651,15.0
178.10000000000002,24.492779,8.78646,17.694815,5.0,0.0,-0.05,24.59614931997114,8.773134810530303,15.0
178.20000000000002,24.493937,8.784533,20.110334,3.50867,0.0,-0.0125795975,24.59827848412924,8.773646340474048,15.0
178.3,24.496927,8.782607,21.811975,3.50867,0.0,-0.0125795975,24.60039807584435,8.77415303513068,15.0
178.4,24.50122,8.782521,23.01093,3.5079727,0.0,0.0058058677,24.60250806120306,8.774654891333366,15.0
178.5,24.506447,8.782435,23.856277,3.5079727,0.0,0.0058058677,24.604608406445642,8.775151905945501,15.0
178.60000000000002,24.513086,8.780196,24.649603,5.0,0.0,-0.012822968,24.60669907796662,8.775644075860747,15.0
178.70000000000002,24.520538,8.77796,25.133596,5.0,0.0,-0.012822968,24.608780042315296,8.776131398003045,15.0
178.8,24.528507,8.782004,25.42928,5.0,0.0,0.05,24.61085126619628,8.776613869326631,15.0
178.9,24.536814,8.786044,25.610146,5.0,0.0,0.05,24.612912716470035,8.777091486816062,15.0
179.0,24.545341,8.787363,25.721773,5.0,0.0,0.022824366,24.614964360153404,8.777564247486229,15.0
179.10000000000002,24.554014,8.78868,25.791733,5.0,0.0,0.022824366,24.61700616442013,8.778032148382382,15.0
179.20000000000002,24.562788,8.788208,25.836676,5.0,0.0,0.004938232,24.619038096601386,8.77849518658014,15.0
179.3,24.571632,8.787737,25.866657,5.0,0.0,0.004938232,24.621060124186304,8.778953359185515,15.0
179.4,24.58053,8.787132,25.887594,5.0,0.0,0.0035982335,24.623072214822486,8.779406663334932,15.0
179.5,24.58947,8.786529,25.903072,5.0,0.0,0.0035982335,24.62507433631652,8.779855096195238,15.0
179.60000000000002,24.597921,8.787938,25.913692,4.3595967,0.0,0.022466306,24.62706645663451,8.780298654963733,15.0
179.70000000000002,24.606405,8.789347,25.922506,4.3595967,0.0,0.022466306,24.62904854390257,8.780737336868174,15.0
179.8,24.613207,8.790176,23.034988,4.3228183,0.0016781975,0.016618077,24.631020566407347,8.781171139166801,15.0
179.9,24.617496,8.791005,21.16181,4.3228183,0.0016781975,0.016618077,24.632982492596526,8.781600059148353,15.0
180.0,24.619518,8.789749,18.063995,3.7658515,0.0025978198,-0.0053374735,24.634934291079322,8.782024094132078,15.0
180.10000000000002,24.619123,8.788495,15.938479,3.7658515,0.0025978198,-0.0053374735,24.63687593062701,8.78244324146776,15.0
180.20000000000002,24.616072,8.787179,15.124712,4.5048723,0.0025978198,-0.004515401,24.638807380173393,8.78285749853573,15.0
180.3,24.612293,8.785865,14.605309,4.5048723,0.0025978198,-0.004515401,24.640728608815323,8.783266862746883,15.0
180.4,24.608376,8.784519,14.807454,4.5048375,0.002285594,-0.004846696,24.64263958581318,8.783671331542694,15.0
180.5,24.604647,8.783175,14.935572,4.5048375,0.002285594,-0.004846696,24.64454028059137,8.784070902395232,15.0
180.60000000000002,24.602396,8.7819,17.260782,4.504967,0.00097367406,-0.004175447,24.646430662738826,8.784465572807184,15.0
180.70000000000002,24.60225,8.780627,18.742996,4.504967,0.00097367406,-0.004175447,24.648310702009464,8.784855340311859,15.0
180.8,24.603605,8.780743,19.963148,4.505245,0.00081298186,0.009701289,24.650180368322705,8.785240202473213,15.0
180.9,24.60606,8.780859,20.741434,4.505245,0.00081298186,0.009701289,24.65203963176392,8.785620156885855,15.0
181.0,24.609207,8.781243,21.23841,4.505616,0.00081298186,0.012381888,24.653888462584938,8.785995201175076,15.0
181.10000000000002,24.61279,8.781628,21.556032,4.505616,0.00081298186,0.012381888,24.655726831204504,8.786365332996848,15.0
181.20000000000002,24.616665,8.782245,21.606073,4.069347,0.00081298186,0.01386462,24.65755470820876,8.786730550037849,15.0
181.3,24.620562,8.782862,21.640242,4.069347,0.00081298186,0.01386462,24.659372064351714,8.787090850015472,15.0
181.4,24.624462,8.783639,21.663958,4.06972,0.00081298186,0.015471136,24.661178870555702,8.787446230677846,15.0
181.5,24.628357,8.784416,21.680569,4.06972,0.00081298186,0.015471136,24.66297509791187,8.787796689803839,15.0
181.60000000000002,24.632221,8.783941,21.83236,4.4754715,0.00081298186,0.0037451372,24.66476071768061,8.788142225203087,15.0
181.70000000000002,24.636187,8.783467,21.930569,4.4754715,0.00081298186,0.0037451372,24.66653570129205,8.788482834715994,15.0
181.8,24.640205,8.782789,22.011602,4.5284424,0.00081298186,0.0018007208,24.668300020346493,8.788818516213748,15.0
181.9,24.644257,8.782112,22.064388,4.5284424,0.00081298186,0.0018007208,24.670053646614864,8.789149267598345,15.0
182.0,24.648314,8.781403,22.099302,4.528717,0.00081298186,0.0014674293,24.671796552039183,8.78947508680259,15.0
182.10000000000002,24.652359,8.780694,22.122768,4.528717,0.00081298186,0.0014674293,24.673528708733002,8.78979597179011,15.0
182.20000000000002,24.65638,8.779975,22.139044,4.529025,0.00081298186,0.00135934,24.67525008898185,8.790111920555379,15.0
182.3,24.660366,8.779257,22.150642,4.529025,0.00081298186,0.00135934,24.67696066524368,8.790422931123715,15.0
182.4,24.664856,8.784057,15.866444,0.1,0.002989543,0.04790415,24.67866041014931,8.790729001551304,15.0
182.5,24.669144,8.7888565,9.644777,0.1,0.002989543,0.04790415,24.68034929650285,8.79103012992521,15.0
182.60000000000002,24.661678,8.782904,16.07097,5.0,0.0,-0.05,24.682027297282165,8.791326314363376,15.0
182.70000000000002,24.66047,8.7769575,19.970488,5.0,0.0,-0.05,24.68369438563927,8.791617553014655,15.0
182.8,24.663027,8.771019,22.338303,5.0,0.0,-0.05,24.685350534900795,8.791903844058803,15.0
182.9,24.667841,8.765088,23.77757,5.0,0.0,-0.05,24.68699571856838,8.792185185706504,15.0
183.0,24.671532,8.769817,18.756302,1.5620248,0.0027152789,0.05,24.688629910319122,8.792461576199374,15.0
183.10000000000002,24.67336,8.774545,14.46106,1.5620248,0.0027152789,0.05,24.69025308400599,8.792733013809972,15.0
183.20000000000002,24.673489,8.776688,10.28245,1.5619504,0.0029715279,0.02416838,24.69186521365824,8.792999496841814,15.0
183.3,24.672058,8.77883,6.707835,1.5619504,0.0029715279,0.02416838,24.69346627348183,8.793261023629382,15.0
183.4,24.661278,8.772888,14.291573,5.0,0.0,-0.05,24.69505623785984,8.793517592538134,15.0
183.5,24.657892,8.766953,18.892672,5.0,0.0,-0.05,24.696635081352873,8.793769201964517,15.0
183.60000000000002,24.661713,8.771941,12.618827,0.1,0.003,0.049787033,24.698202778699464,8.79401585033597,15.0
183.70000000000002,24.665329,8.776928,6.4074063,0.1,0.003,0.049787033,24.699759304816492,8.794257536110944,15.0
183.8,24.65406,8.7709875,14.107663,5.0,0.0,-0.05,24.70130463479957,8.794494257778904,15.0
183.9,24.650305,8.765055,18.779339,5.0,0.0,-0.05,24.702838743923454,8.794726013860338,15.0
184.0,24.653948,8.7700615,13.855977,0.1015771,0.0023626524,0.05,24.704361607642426,8.79495280290677,15.0
184.10000000000002,24.657423,8.775068,8.982369,0.1015771,0.0023626524,0.05,24.705873201590705,8.795174623500776,15.0
184.20000000000002,24.648506,8.769129,15.668594,5.0,0.0,-0.05,24.70737350158282,8.795391474255972,15.0
184.3,24.64611,8.763197,19.725506,5.0,0.0,-0.05,24.708862483613995,8.795603353817041,15.0
184.4,24.644287,8.767274,17.14652,4.9580584,0.003,0.05,24.710340123860554,8.79581026085974,15.0
184.5,24.639923,8.771345,15.573191,4.9580584,0.003,0.05,24.711806398680288,8.796012194090899,15.0
184.60000000000002,24.64203,8.775738,9.972023,0.58580583,0.003,0.044813976,24.713261284612827,8.796209152248437,15.0
184.70000000000002,24.643309,8.780129,4.689471,0.58580583,0.003,0.044813976,24.71470475838003,8.796401134101364,15.0
184.8,24.629988,8.774181,13.05767,5.0,0.0,-0.05,24.716136796886346,8.796588138449795,15.0
184.9,24.624857,8.76824,18.134148,5.0,0.0,-0.05,24.717557377219187,8.796770164124956,15.0
185.0,24.628191,8.773243,18.213043,0.10122835,0.0,0.05,24.718966476649303,8.796947209989183,15.0
185.10000000000002,24.631504,8.778246,18.29114,0.10122835,0.0,0.05,24.720364072631128,8.797119274935943,15.0
185.20000000000002,24.634733,8.782978,13.24355,0.10114308,0.0024234175,0.04730311,24.72175014280316,8.797286357889828,15.0
185.3,24.637817,8.78771,8.246752,0.10114308,0.0024234175,0.04730311,24.723124664988305,8.797448457806572,15.0
185.4,24.627888,8.781751,15.213308,5.0,0.0,-0.05,24.724487617194235,8.797605573673051,15.0
185.5,24.624784,8.775798,19.440075,5.0,0.0,-0.05,24.725838977613748,8.79775770450729,15.0
185.60000000000002,24.625824,8.779846,22.004683,5.0,0.0,0.05,24.7271787246251,8.797904849358474,15.0
185.70000000000002,24.629389,8.78389,23.560602,5.0,0.0,0.05,24.728506836792377,8.798047007306947,15.0
185.8,24.633276,8.788397,23.988228,1.9612474,0.0,0.04872429,24.729823292865802,8.798184177464222,15.0
185.9,24.637356,8.792902,24.33975,1.9612474,0.0,0.04872429,24.731128071782113,8.798316358972984,15.0
186.0,24.642277,8.796822,24.793322,3.277526,0.0,0.045510117,24.732421152664873,8.798443551007104,15.0
186.10000000000002,24.647524,8.800738,25.120564,3.277526,0.0,0.045510117,24.733702514824813,8.798565752771628,15.0
186.20000000000002,24.65301,8.802974,25.356956,3.277075,0.0,0.028724523,24.73497213776017,8.798682963502795,15.0
186.3,24.658672,8.805207,25.5281,3.277075,0.0,0.028724523,24.736230001157,8.798795182468043,15.0
186.4,24.665773,8.805735,25.703278,5.0,0.0,0.015143314,24.737476084889522,8.798902408965999,15.0
186.5,24.673058,8.806261,25.811571,5.0,0.0,0.015143314,24.738710369020414,8.7990046423265,15.0
186.60000000000002,24.680452,8.80098,25.88007,5.0,0.0,-0.042961612,24.739932833801163,8.799101881910588,15.0
186.70000000000002,24.687914,8.795705,25.92507,5.0,0.0,-0.042961612,24.741143459672358,8.799194127110514,15.0
186.8,24.69543,8.796772,25.955015,5.0,0.0,0.020426916,24.742342227264007,8.799281377349748,15.0
186.9,24.703001,8.797838,25.97516,5.0,0.0,0.020426916,24.74352911739586,8.799363632082976,15.0
187.0,24.710619,8.800445,25.989176,5.0,0.0,0.035852756,24.74470411107769,8.799440890796104,15.0
187.10000000000002,24.718283,8.803048,25.99932,5.0,0.0,0.035852756,24.745867189509635,8.799513153006266,15.0
187.20000000000002,24.725988,8.804187,26.007315,5.0,0.0,0.021229457,24.74701833408246,8.799580418261828,15.0
187.3,24.733734,8.805325,26.014175,5.0,0.0,0.021229457,24.74815752637787,8.799642686142375,15.0
187.4,24.74152,8.806775,26.02032,5.0,0.0,0.0243712,24.749284748168826,8.799699956258738,15.0
187.5,24.74935,8.808224,26.02601,5.0,0.0,0.0243712,24.75039998141979,8.799752228252979,15.0
187.60000000000002,24.7572,8.809832,26.01601,4.9849706,9.201671e-06,0.025945086,24.751503208287065,8.799799501798395,15.0
187.70000000000002,24.765081,8.811438,26.01187,4.9849706,9.201671e-06,0.025945086,24.752594411119038,8.799841776599528,15.0
187.8,24.772982,8.813112,25.998522,4.972548,1.6807307e-05,0.026628315,24.753673572456485,8.799879052392162,15.0
187.9,24.78091,8.814785,25.992332,4.972548,1.6807307e-05,0.026628315,24.754740675032853,8.799911328943322,15.0
188.0,24.788857,8.816463,25.976377,4.9588428,2.5198331e-05,0.02666885,24.755795701774524,8.799938606051281,15.0
188.10000000000002,24.796833,8.81814,25.968596,4.9588428,2.5198331e-05,0.02666885,24.75683863580109,8.799960883545555,15.0
188.20000000000002,24.804844,8.818336,25.965994,4.9588428,2.519836e-05,0.011869688,24.757869460425624,8.79997816128691,15.0
188.3,24.812895,8.818531,25.966715,4.9588428,2.519836e-05,0.011869688,24.758888159154964,8.799990439167363,15.0
188.4,24.820986,8.817548,25.969625,4.9588428,2.519836e-05,7.2365714e-05,24.759894715689946,8.799997717110175,15.0
188.5,24.829119,8.816566,25.974007,4.9588428,2.519836e-05,7.2365714e-05,24.760889113925685,8.799999995069857,15.0
188.60000000000002,24.837294,8.815082,25.97936,4.9588428,2.519836e-05,-0.0049787057,24.76187133795184,8.799997273032176,15.0
188.70000000000002,24.84551,8.8136,25.985373,4.9588428,2.519836e-05,-0.0049787057,24.762841372052836,8.799989551014143,15.0
188.8,24.85377,8.8121195,25.991796,4.9588428,2.519836e-05,-0.0049787057,24.763799200708153,8.79997682906402,15.0
188.9,24.86207,8.810641,25.998484,4.9588428,2.519836e-05,-0.0049787057,24.764744808592557,8.79995910726132,15.0
189.0,24.870413,8.809166,26.005344,4.9588313,2.519836e-05,-0.0049787057,24.765678180576334,8.799936385716801,15.0
189.10000000000002,24.878796,8.807693,26.012321,4.9588313,2.519836e-05,-0.0049787057,24.766599301725556,8.799908664572477,15.0
189.20000000000002,24.887218,8.806234,26.019377,4.958796,2.519836e-05,-0.004847378,24.76750815730231,8.799875944001604,15.0
189.3,24.89568,8.804778,26.026493,4.958796,2.519836e-05,-0.004847378,24.768404732764914,8.799838224208683,15.0
189.4,24.904179,8.803335,26.033653,4.958759,2.519836e-05,-0.0047382177,24.76928901376819,8.799795505429465,15.0
189.5,24.912714,8.801894,26.04085,4.958759,2.519836e-05,-0.0047382177,24.770160986163656,8.799747787930944,15.0
189.60000000000002,24.921284,8.800566,26.048063,4.95872,2.519836e-05,-0.0036363539,24.771020635999776,8.799695072011348,15.0
189.70000000000002,24.929886,8.799239,26.055286,4.95872,2.519836e-05,-0.0036363539,24.771867949522164,8.799637358000156,15.0
189.8,24.938519,8.79805,26.062508,4.9588184,2.519836e-05,-0.0022778737,24.77270291317383,8.799574646258082,15.0
189.9,24.94718,8.796863,26.069721,4.9588184,2.519836e-05,-0.0022778737,24.773525513595366,8.79950693717707,15.0
190.0,24.955872,8.795783,26.076963,4.9630404,2.519836e-05,-0.0012035521,24.77433573762519,8.799434231180303,15.0
190.10000000000002,24.964588,8.794705,26.08418,4.9630404,2.519836e-05,-0.0012035521,24.77513357229973,8.799356528722193,15.0
190.20000000000002,24.973328,8.793713,26.091377,4.9630404,2.519836e-05,-0.0003616164,24.775919004853648,8.799273830288382,15.0
190.3,24.982088,8.792722,26.098558,4.9630404,2.519836e-05,-0.0003616164,24.77669202272004,8.799186136395733,15.0
190.4,24.990868,8.791731,26.105766,4.966199,2.519836e-05,-0.0003616164,24.77745261353064,8.799093447592332,15.0
190.5,24.999662,8.790742,26.112967,4.966199,2.519836e-05,-0.0003616164,24.77820076511601,8.798995764457485,15.0
190.60000000000002,25.00847,8.789753,26.120197,4.9697022,2.519836e-05,-0.0003616164,24.77893646550574,8.798893087601712,15.0
190.70000000000002,25.017288,8.788765,26.127419,4.9697022,2.519836e-05,-0.0003616164,24.779659702928637,8.79878541766674,15.0
190.8,25.026114,8.787779,26.137472,4.9697022,2.350239e-05,-0.0003616164,24.780370465812922,8.79867275532551,15.0
190.9,25.034945,8.786794,26.146414,4.9697022,2.350239e-05,-0.0003616164,24.781068742786402,8.798555101282158,15.0
191.0,25.04292,8.78531,25.479641,4.367078,0.00041227427,-0.006541515,24.781754522676657,8.798432456272023,15.0
191.10000000000002,25.050295,8.783828,25.051056,4.367078,0.00041227427,-0.006541515,24.78242779451123,8.798304821061635,15.0
191.20000000000002,25.055277,8.778836,18.718796,0.1,0.003,-0.05,24.78308854751778,8.798172196448714,15.0
191.3,25.060097,8.773845,12.44961,0.1,0.003,-0.05,24.78373677112428,8.798034583262165,15.0
191.4,25.052055,8.777903,12.875861,5.0,0.003,0.05,24.784372454959158,8.797891982362067,15.0
191.5,25.044443,8.781956,13.131245,5.0,0.003,0.05,24.78499558885149,8.797744394639675,15.0
191.60000000000002,25.03709,8.785517,13.283111,5.0,0.003,0.04512945,24.785606162831147,8.797591821017416,15.0
191.70000000000002,25.029888,8.789073,13.372277,5.0,0.003,0.04512945,24.786204167128957,8.79743426244887,15.0
191.8,25.022776,8.792913,13.423396,5.0,0.003,0.048021186,24.78678959217687,8.79727171991878,15.0
191.9,25.01571,8.796748,13.45142,5.0,0.003,0.048021186,24.78736242860809,8.797104194443037,15.0
192.0,25.008669,8.800431,13.465459,5.0,0.003,0.046552215,24.78792266725725,8.796931687068673,15.0
192.10000000000002,25.001633,8.80411,13.471033,5.0,0.003,0.046552215,24.78847029916054,8.796754198873858,15.0
192.20000000000002,24.99459,8.807045,13.471567,5.0,0.003,0.039170906,24.78900531555587,8.796571730967894,15.0
192.3,24.987534,8.809977,13.46912,5.0,0.003,0.039170906,24.78952770788298,8.796384284491205,15.0
192.4,24.980455,8.812024,13.464972,5.0,0.003,0.030371657,24.790037467783606,8.79619186061533,15.0
192.5,24.97335,8.814069,13.459881,5.0,0.003,0.030371657,24.7905345871016,8.795994460542918,15.0
192.60000000000002,24.966215,8.815286,13.454315,5.0,0.003,0.022112811,24.79101905788307,8.795792085507719,15.0
192.70000000000002,24.959047,8.816501,13.448542,5.0,0.003,0.022112811,24.791490872376485,8.795584736774575,15.0
192.8,24.951841,8.816913,13.442735,5.0,0.003,0.0140968915,24.79195002303283,8.795372415639417,15.0
192.9,24.944595,8.817324,13.436982,5.0,0.003,0.0140968915,24.792396502505696,8.79515512342925,15.0
193.0,24.937307,8.816936,13.431354,5.0,0.003,0.006108092,24.79283030365143,8.79493286150215,15.0
193.10000000000002,24.929974,8.816547,13.425874,5.0,0.003,0.006108092,24.79325141952922,8.794705631247254,15.0
193.20000000000002,24.922594,8.814979,13.420621,5.0,0.003,-0.0057109077,24.793659843401223,8.794473434084749,15.0
193.3,24.915163,8.813411,13.415619,5.0,0.003,-0.0057109077,24.79405556873266,8.794236271465866,15.0
193.4,24.907686,8.8150015,13.41035,5.0,0.003,0.02587486,24.794438589191934,8.793994144872872,15.0
193.5,24.900167,8.81659,13.404566,5.0,0.003,0.02587486,24.794808898650732,8.79374705581906,15.0
193.60000000000002,24.892607,8.818067,13.398472,5.0,0.003,0.024772406,24.79516649118411,8.79349500584873,15.0
193.70000000000002,24.885002,8.819541,13.392189,5.0,0.003,0.024772406,24.795511361070588,8.793237996537197,15.0
193.8,24.877531,8.820822,13.649385,5.0,0.0028423257,0.022856314,24.795843502792263,8.792976029490768,15.0
193.9,24.870274,8.822101,13.802978,5.0,0.0028423257,0.022856314,24.79616291103487,8.792709106346736,15.0
194.0,24.86305,8.819515,13.78842,5.0,0.00290563,-0.015789786,24.796469580687884,8.79243722877337,15.0
194.10000000000002,24.855764,8.816933,13.778055,5.0,0.00290563,-0.015789786,24.7967635068446,8.792160398469903,15.0
194.20000000000002,24.84901,8.813874,14.643468,5.0,0.0023832882,-0.02058628,24.797044684802202,8.791878617166526,15.0
194.3,24.843058,8.81082,15.167444,5.0,0.0023832882,-0.02058628,24.797313110061854,8.791591886624367,15.0
194.4,24.837568,8.807769,15.484424,5.0,0.0023832882,-0.02058628,24.797568778328753,8.791300208635496,15.0
194.5,24.832342,8.804722,15.675904,5.0,0.0023832882,-0.02058628,24.79781168551221,8.791003585022896,15.0
194.60000000000002,24.82729,8.802819,15.769306,4.973212,0.0023832882,-0.009229556,24.798041827725726,8.790702017640463,15.0
194.70000000000002,24.822285,8.800919,15.825103,4.973212,0.0023832882,-0.009229556,24.798259201287017,8.790395508372995,15.0
194.8,24.817278,8.799016,15.898614,4.997321,0.0023706362,-0.009229556,24.79846380271812,8.790084059136172,15.0
194.9,24.812302,8.797116,15.942208,4.997321,0.0023706362,-0.009229556,24.798655628745415,8.789767671876552,15.0
195.0,24.806606,8.791143,14.918209,5.0,0.003,-0.049999986,24.798834676299684,8.789446348571554,15.0
195.10000000000002,24.799858,8.785178,14.296422,5.0,0.003,-0.049999986,24.799000942516177,8.789120091229446,15.0
195.20000000000002,24.792454,8.779222,13.918442,4.999999,0.003,-0.049994003,24.79915442473463,8.788788901889337,15.0
195.3,24.784636,8.7732725,13.688244,4.999999,0.003,-0.049994003,24.79929512049934,8.788452782621158,15.0
195.4,24.780214,8.774346,14.375142,3.5895822,0.0017085088,0.017473506,24.799423027559175,8.788111735525655,15.0
195.5,24.776289,8.775419,14.853775,3.5895822,0.0017085088,0.017473506,24.799538143867622,8.78776576273437,15.0
195.60000000000002,24.774012,8.776238,17.932718,3.5896523,0.00017085088,0.014942418,24.799640467582826,8.787414866409634,15.0
195.70000000000002,24.774036,8.777058,20.082823,3.5896523,0.00017085088,0.014942418,24.799729997067605,8.787059048744544,15.0
195.8,24.775665,8.777647,21.584663,3.589714,0.00017085088,0.012646002,24.79980673088949,8.786698311962962,15.0
195.9,24.77841,8.778236,22.634014,3.589714,0.00017085088,0.012646002,24.799870667820745,8.786332658319491,15.0
196.0,24.781092,8.780762,20.38781,1.9704857,0.0014836005,0.028867533,24.79992180683838,8.785962090099465,15.0
196.10000000000002,24.782763,8.783287,18.543348,1.9704857,0.0014836005,0.028867533,24.79996014712417,8.785586609618935,15.0
196.20000000000002,24.785912,8.787857,12.273813,0.1,0.003,0.04565781,24.799985688064673,8.785206219224653,15.0
196.3,24.7889,8.792427,6.0666566,0.1,0.003,0.04565781,24.799998429251232,8.784820921294056,15.0
196.4,24.776642,8.786465,13.933532,5.0,0.0,-0.05,24.799998370479987,8.784430718235255,15.0
196.5,24.77211,8.78051,18.706057,5.0,0.0,-0.05,24.799985511751885,8.784035612487019,15.0
196.60000000000002,24.775265,8.785516,12.434838,0.1,0.003,0.05,24.79995985327266,8.783635606518757,15.0
196.70000000000002,24.778273,8.790522,6.226012,0.1,0.003,0.05,24.79992139545285,8.783230702830506,15.0
196.8,24.766203,8.784563,14.027572,5.0,0.0,-0.05,24.799870138907774,8.78282090395291,15.0
196.9,24.761808,8.778612,18.76051,5.0,0.0,-0.05,24.79980608445754,8.782406212447215,15.0
197.0,24.765024,8.783248,13.158033,0.1,0.0026834977,0.04628709,24.79972923312702,8.781986630905237,15.0
197.10000000000002,24.76812,8.787884,7.611299,0.1,0.0026834977,0.04628709,24.79963958614583,8.781562161949363,15.0
197.20000000000002,24.757488,8.78193,14.865999,5.0,0.0,-0.05,24.799537144948317,8.78113280823252,15.0
197.3,24.754004,8.775984,19.26745,5.0,0.0,-0.05,24.799421911173546,8.780698572438169,15.0
197.4,24.757393,8.779453,19.028755,0.10143347,0.000145293,0.03460961,24.79929388666525,8.78025945728028,15.0
197.5,24.760807,8.782923,18.792473,0.10143347,0.000145293,0.03460961,24.799153073471818,8.779815465503324,15.0
197.60000000000002,24.763689,8.782135,15.423237,0.46572784,0.0017817032,-0.0072496273,24.79899947384626,8.779366599882247,15.0
197.70000000000002,24.766222,8.781347,12.207431,0.46572784,0.0017817032,-0.0072496273,24.798833090246163,8.778912863222459,15.0
197.8,24.769506,8.781187,12.3826065,0.12719743,0.0,-0.0016398942,24.798653925333667,8.77845425835981,15.0
197.9,24.772837,8.781027,12.5556,0.12719743,0.0,-0.0016398942,24.7984619819754,8.77799078816058,15.0
198.0,24.77617,8.781019,10.129227,0.1275118,0.0012299804,-0.00011598195,24.79825726324246,8.777522455521456,15.0
198.10000000000002,24.77947,8.781012,7.7336273,0.1275118,0.0012299804,-0.00011598195,24.798039772410334,8.777049263369518,15.0
198.20000000000002,24.769285,8.775068,14.945266,5.0,0.0,-0.05,24.797809512958874,8.776571214662212,15.0
198.3,24.766224,8.769133,19.320713,5.0,0.0,-0.05,24.79756648857223,8.776088312387342,15.0
198.4,24.769953,8.772631,14.174765,0.1,0.0024650374,0.03487828,24.79731070313878,8.775600559563047,15.0
198.5,24.773602,8.776129,9.080027,0.1,0.0024650374,0.03487828,24.797042160751094,8.77510795923778,15.0
198.60000000000002,24.764921,8.770191,15.761901,5.0,0.0,-0.05,24.796760865705835,8.77461051449029,15.0
198.70000000000002,24.762848,8.764261,19.816256,5.0,0.0,-0.05,24.796466822503724,8.774108228429604,15.0
198.8,24.766787,8.768572,14.571306,0.1,0.00250952,0.04301069,24.796160035849443,8.773601104195013,15.0
198.9,24.770645,8.772882,9.378549,0.1,0.00250952,0.04301069,24.795840510651573,8.773089144956037,15.0
199.0,24.762455,8.766949,15.943011,5.0,0.0,-0.05,24.79550825202251,8.772572353912423,15.0
199.10000000000002,24.760757,8.761022,19.926249,5.0,0.0,-0.05,24.79516326527839,8.772050734294112,15.0
199.20000000000002,24.764898,8.765605,14.389749,0.10166976,0.0026475652,0.045748282,24.794805555938986,8.771524289361224,15.0
199.3,24.76895,8.770188,8.909256,0.10166976,0.0026475652,0.045748282,24.794435129727642,8.77099302240404,15.0
199.4,24.760496,8.7642565,15.658345,5.0,0.0,-0.05,24.79405199257117,8.770456936742974,15.0
199.5,24.758715,8.758332,19.753561,5.0,0.0,-0.05,24.79365615059976,8.769916035728563,15.0
199.60000000000002,24.763056,8.762745,14.5274105,0.1,0.0025009285,0.044043794,24.793247610146867,8.769370322741434,15.0
199.70000000000002,24.767315,8.767157,9.353267,0.1,0.0025009285,0.044043794,24.792826377749137,8.768819801192294,15.0
199.8,24.759481,8.761228,15.928096,5.0,0.0,-0.05,24.792392460146278,8.768264474521898,15.0
199.9,24.758144,8.755305,19.917727,5.0,0.0,-0.05,24.791945864280958,8.767704346201036,15.0
200.0,24.762665,8.759956,14.25463,0.1,0.0027067726,0.04645052,24.791486597298707,8.76713941973051,15.0
200.10000000000002,24.767086,8.764607,8.647888,0.1,0.0027067726,0.04645052,24.79101466654778,8.766569698641108,15.0
200.20000000000002,24.758722,8.75868,15.500532,5.0,0.0,-0.05,24.790530079579067,8.765995186493585,15.0
200.3,24.75712,8.75276,19.658623,5.0,0.0,-0.05,24.790032844145944,8.76541588687864,15.0
200.4,24.761806,8.755275,15.451865,0.1,0.0020193676,0.02509587,24.78952296820417,8.764831803416895,15.0
200.5,24.766422,8.757789,11.286985,0.1,0.0020193676,0.02509587,24.789000459911747,8.764242939758866,15.0
200.60000000000002,24.771017,8.760583,11.434189,0.1,0.0,0.027901446,24.788465327628796,8.763649299584952,15.0
200.70000000000002,24.775644,8.763377,11.579945,0.1,0.0,0.027901446,24.787917579917426,8.763050886605402,15.0
200.8,24.7803,8.764714,11.724273,0.1,0.0,0.013335293,24.787357225541584,8.762447704560294,15.0
200.9,24.784983,8.76605,11.867191,0.1,0.0,0.013335293,24.78678427346693,8.761839757219514,15.0
201.0,24.789688,8.766737,12.008718,0.1,0.0,0.0068385517,24.78619873286069,8.761227048382732,15.0
201.10000000000002,24.794415,8.767423,12.148867,0.1,0.0,0.0068385517,24.785600613091493,8.760609581879375,15.0
201.20000000000002,24.799158,8.767832,12.287653,0.1,0.0,0.004072652,24.784989923729245,8.759987361568609,15.0
201.3,24.803915,8.768241,12.425092,0.1,0.0,0.004072652,24.784366674544966,8.759360391339305,15.0
201.4,24.808626,8.7684555,12.591282,0.12224041,2.4349522e-33,0.0021708554,24.783730875510628,8.758728675110028,15.0
201.5,24.813347,8.768669,12.755494,0.12224041,2.4349522e-33,0.0021708554,24.783082536798997,8.758092216829,15.0
201.60000000000002,24.818073,8.768802,12.917635,0.1221511,2.4349522e-33,0.0013584787,24.782421668783485,8.757451020474086,15.0
201.70000000000002,24.822803,8.768934,13.077849,0.1221511,2.4349522e-33,0.0013584787,24.781748282037967,8.75680509005276,15.0
201.8,24.827534,8.769009,13.2360525,0.122066446,2.4349522e-33,0.0007759671,24.78106238733661,8.756154429602084,15.0
201.9,24.832262,8.769082,13.392379,0.122066446,2.4349522e-33,0.0007759671,24.780363995653722,8.755499043188685,15.0
202.0,24.836985,8.76921,13.546751,0.12198731,2.4349522e-33,0.0013147466,24.779653118163548,8.754838934908726,15.0
202.10000000000002,24.841698,8.769338,13.699293,0.12198731,2.4349522e-33,0.0013147466,24.77892976624012,8.754174108887879,15.0
202.20000000000002,24.846397,8.769168,13.849934,0.121909685,2.4349522e-33,-0.0016596024,24.778193951457045,8.753504569281308,15.0
202.3,24.851082,8.768998,13.998793,0.121909685,2.4349522e-33,-0.0016596024,24.77744568558735,8.752830320273631,15.0
202.4,24.85575,8.768606,14.145809,0.12184019,2.4349522e-33,-0.0038778316,24.776684980603267,8.752151366078902,15.0
202.5,24.860395,8.768214,14.29109,0.12184019,2.4349522e-33,-0.0038778316,24.77591184867607,8.751467710940585,15.0
202.60000000000002,24.865017,8.7675905,14.434583,0.12177662,2.4349522e-33,-0.0061977627,24.775126302175842,8.75077935913152,15.0
202.70000000000002,24.869612,8.766967,14.5763855,0.12177662,2.4349522e-33,-0.0061977627,24.77432835367132,8.750086314953904,15.0
202.8,24.874178,8.766347,14.71645,0.121717155,2.4349522e-33,-0.006168102,24.773518015929653,8.749388582739263,15.0
202.9,24.878714,8.765727,14.854865,0.121717155,2.4349522e-33,-0.006168102,24.772695301916237,8.748686166848419,15.0
203.0,24.883215,8.765283,14.991589,0.12166086,2.4349522e-33,-0.0044121603,24.771860224794473,8.747979071671468,15.0
203.10000000000002,24.887682,8.764839,15.126702,0.12166086,2.4349522e-33,-0.0044121603,24.77101279792558,8.747267301627755,15.0
203.20000000000002,24.89211,8.764539,15.260168,0.12160813,2.4349522e-33,-0.002975845,24.770153034868365,8.746550861165838,15.0
203.3,24.8965,8.764239,15.392062,0.12160813,2.4349522e-33,-0.002975845,24.769280949379024,8.74582975476347,15.0
203.4,24.90086,8.764076,15.515002,0.11466274,2.4349522e-33,-0.0016279642,24.768396555410906,8.745103986927562,15.0
203.5,24.905178,8.763913,15.636579,0.11466274,2.4349522e-33,-0.0016279642,24.767499867114292,8.744373562194161,15.0
203.60000000000002,24.909452,8.76385,15.756393,0.11426668,2.4349522e-33,-0.0006327076,24.766590898836178,8.74363848512842,15.0
203.70000000000002,24.913681,8.763787,15.874884,0.11426668,2.4349522e-33,-0.0006327076,24.765669665120036,8.742898760324568,15.0
203.8,24.917862,8.763802,15.9920635,0.11426668,2.4349522e-33,0.00013641267,24.764736180705587,8.742154392405881,15.0
203.9,24.921995,8.763817,16.107948,0.11426668,2.4349522e-33,0.00013641267,24.76379046052856,8.741405386024658,15.0
204.0,24.92608,8.763892,16.222551,0.11426668,2.4349522e-33,0.0007313944,24.762832519720458,8.740651745862186,15.0
204.10000000000002,24.930119,8.7639675,16.335886,0.11426668,2.4349522e-33,0.0007313944,24.761862373608317,8.739893476628712,15.0
204.20000000000002,24.934107,8.764088,16.447966,0.11426668,2.4349522e-33,0.0011799647,24.76088003771445,8.73913058306342,15.0
204.3,24.938047,8.764209,16.558805,0.11426668,2.4349522e-33,0.0011799647,24.75988552775621,8.738363069934389,15.0
204.4,24.941938,8.764362,16.668419,0.11426668,2.4349522e-33,0.0015057992,24.75887885964574,8.737590942038572,15.0
204.5,24.945782,8.764517,16.776817,0.11426668,2.4349522e-33,0.0015057992,24.757860049489704,8.736814204201771,15.0
204.60000000000002,24.949577,8.764693,16.884016,0.11426668,2.4349522e-33,0.0017278556,24.756829113589042,8.736032861278591,15.0
204.70000000000002,24.953325,8.764871,16.990028,0.11426668,2.4349522e-33,0.0017278556,24.75578606843871,8.735246918152425,15.0
204.8,24.957027,8.765048,17.094866,0.11426668,2.4349522e-33,0.0017278556,24.75473093072741,8.734456379735413,15.0
204.9,24.960686,8.765226,17.198544,0.11426668,2.4349522e-33,0.0017278556,24.75366371733731,8.733661250968419,15.0
205.0,24.9643,8.765405,17.301073,0.11426668,2.4349522e-33,0.0017278556,24.752584445343818,8.732861536820995,15.0
205.10000000000002,24.96787,8.765583,17.402466,0.11426668,2.4349522e-33,0.0017278556,24.751493132015256,8.73205724229135,15.0
205.20000000000002,24.971401,8.765761,17.502737,0.11426668,2.4349522e-33,0.0017278556,24.75038979481261,8.731248372406325,15.0
205.3,24.974894,8.765941,17.601896,0.11426668,2.4349522e-33,0.0017278556,24.749274451389255,8.730434932221353,15.0
205.4,24.978348,8.76612,17.699959,0.11426668,2.4349522e-33,0.0017278556,24.748147119590666,8.729616926820432,15.0
205.5,24.981768,8.766299,17.796934,0.11426668,2.4349522e-33,0.0017278556,24.747007817454122,8.728794361316092,15.0
205.60000000000002,24.985153,8.766479,17.892836,0.11426668,2.4349522e-33,0.0017278556,24.745856563208434,8.727967240849368,15.0
205.70000000000002,24.988508,8.766659,17.987675,0.11426668,2.4349522e-33,0.0017278556,24.744693375273645,8.727135570589757,15.0
205.8,24.991837,8.766839,18.081465,0.11426668,2.4349522e-33,0.0017278556,24.743518272260744,8.726299355735199,15.0
205.9,24.995138,8.767019,18.174215,0.11426668,2.4349522e-33,0.0017278556,24.74233127297134,8.72545860151203,15.0
206.0,24.998417,8.7671995,18.26594,0.11426668,2.4349522e-33,0.0017278556,24.74113239639741,8.724613313174963,15.0
206.10000000000002,25.001675,8.76738,18.356647,0.11426668,2.4349522e-33,0.0017278556,24.739921661720953,8.723763496007049,15.0
206.20000000000002,25.004915,8.76756,18.446352,0.11426668,2.4349522e-33,0.0017278556,24.738699088313687,8.72290915531964,15.0
206.3,25.008142,8.76774,18.535063,0.11426668,2.4349522e-33,0.0017278556,24.73746469573677,8.722050296452363,15.0
206.4,25.011358,8.7679205,18.622791,0.11426668,2.4349522e-33,0.0017278556,24.736218503740453,8.721186924773084,15.0
206.5,25.014565,8.768101,18.70955,0.11426668,2.4349522e-33,0.0017278556,24.73496053226378,8.720319045677872,15.0
206.60000000000002,25.0177,8.76311,12.44021,0.1,0.003,-0.05,24.73369080143427,8.71944666459097,15.0
206.70000000000002,25.020676,8.75812,6.2333035,0.1,0.003,-0.05,24.73240933156759,8.718569786964757,15.0
206.8,25.008226,8.752204,14.111061,5.0,0.0,-0.05,24.73111614316723,8.717688418279714,15.0
206.9,25.003513,8.746296,18.890123,5.0,0.0,-0.05,24.72981125692418,8.716802564044393,15.0
207.0,25.006653,8.741305,12.619034,0.1,0.003,-0.05,24.728494693716584,8.715912229795379,15.0
207.10000000000002,25.009644,8.736315,6.4103956,0.1,0.003,-0.05,24.72716647460943,8.71501742109726,15.0
207.20000000000002,24.99734,8.730426,14.220428,5.0,0.0,-0.05,24.725826620854196,8.714118143542587,15.0
207.3,24.992718,8.724544,18.958424,5.0,0.0,-0.05,24.724475153888513,8.713214402751841,15.0
207.4,24.995907,8.719553,12.686705,0.1,0.003,-0.05,24.723112095335825,8.7123062043734,15.0
207.5,24.998959,8.714561,6.477443,0.1,0.003,-0.05,24.721737467005035,8.7113935540835,15.0
207.60000000000002,24.98674,8.708698,14.2631035,5.0,0.0,-0.05,24.72035129089017,8.710476457586203,15.0
207.70000000000002,24.982191,8.702842,18.986328,5.0,0.0,-0.05,24.71895358917002,8.709554920613359,15.0
207.8,24.985474,8.69785,12.714382,0.1,0.003,-0.05,24.71754438420778,8.70862894892457,15.0
207.9,24.98863,8.692858,6.5048976,0.1,0.003,-0.05,24.7161236985507,8.707698548307159,15.0
208.0,24.976501,8.68702,14.281848,5.0,0.0,-0.05,24.714691554929722,8.706763724576122,15.0
208.10000000000002,24.972042,8.68119,18.999807,5.0,0.0,-0.05,24.71324797625911,8.705824483574109,15.0
208.20000000000002,24.97546,8.676197,12.727781,0.1,0.003,-0.05,24.711792985636094,8.704880831171371,15.0
208.3,24.978762,8.671204,6.518218,0.1,0.003,-0.05,24.710326606340494,8.703932773265732,15.0
208.4,24.966743,8.665392,14.292144,5.0,0.0,-0.05,24.708848861834348,8.702980315782552,15.0
208.5,24.962402,8.659587,19.008295,5.0,0.0,-0.05,24.70735977576153,8.702023464674687,15.0
208.60000000000002,24.965988,8.663255,12.736217,0.1,0.003,0.036618393,24.70585937194739,8.701062225922453,15.0
208.70000000000002,24.969463,8.666923,6.526551,0.1,0.003,0.036618393,24.704347674398363,8.700096605533588,15.0
208.8,24.957632,8.661115,14.295498,5.0,0.0,-0.05,24.702824707301566,8.699126609543217,15.0
208.9,24.953478,8.6553135,19.008682,5.0,0.0,-0.05,24.70129049502445,8.698152244013814,15.0
209.0,24.957254,8.659036,12.73656,0.1,0.003,0.037176635,24.69974506211437,8.697173515035157,15.0
209.10000000000002,24.960926,8.662758,6.526851,0.1,0.003,0.037176635,24.698188433298228,8.696190428724302,15.0
209.20000000000002,24.949291,8.656954,14.294175,5.0,0.0,-0.05,24.69662063348205,8.695202991225532,15.0
209.3,24.945333,8.651156,19.006433,5.0,0.0,-0.05,24.695041687750592,8.694211208710332,15.0
209.4,24.949314,8.654914,12.734298,0.1,0.003,0.037539694,24.693451621366957,8.693215087377336,15.0
209.5,24.95319,8.658671,6.5245776,0.1,0.003,0.037539694,24.691850459772176,8.6922146334523,15.0
209.60000000000002,24.941753,8.652871,14.29151,5.0,0.0,-0.05,24.6902382285848,8.69120985318806,15.0
209.70000000000002,24.937994,8.6470785,19.003586,5.0,0.0,-0.05,24.68861495360049,8.690200752864486,15.0
209.8,24.942177,8.650854,12.731449,0.1,0.003,0.037720416,24.686980660791612,8.689187338788454,15.0
209.9,24.946255,8.65463,6.521729,0.1,0.003,0.037720416,24.685335376306817,8.688169617293797,15.0
210.0,24.935009,8.648834,14.288719,5.0,0.0,-0.05,24.683679126470626,8.687147594741274,15.0
210.10000000000002,24.931437,8.643046,19.000887,5.0,0.0,-0.05,24.682011937782992,8.686121277518518,15.0
210.20000000000002,24.935812,8.646824,12.728753,0.1,0.003,0.037738115,24.680333836918905,8.685090672040014,15.0
210.3,24.940077,8.650601,6.5190372,0.1,0.003,0.037738115,24.678644850727938,8.684055784747038,15.0
210.4,24.929005,8.644812,14.286242,5.0,0.0,-0.05,24.67694500623384,8.683016622107635,15.0
210.5,24.9256,8.639029,18.998587,5.0,0.0,-0.05,24.675234330634083,8.681973190616567,15.0
210.60000000000002,24.930145,8.642794,12.726457,0.1,0.003,0.037615325,24.673512851299442,8.680925496795277,15.0
210.70000000000002,24.934572,8.646559,6.516746,0.1,0.003,0.037615325,24.671780595773548,8.679873547191848,15.0
210.8,24.923647,8.640775,14.2842045,5.0,0.0,-0.05,24.670037591772452,8.678817348380964,15.0
210.9,24.92038,8.634997,18.996744,5.0,0.0,-0.05,24.66828386718418,8.677756906963861,15.0
211.0,24.92506,8.638741,12.724618,0.1,0.003,0.037382323,24.666519450068293,8.676692229568296,15.0
211.10000000000002,24.929613,8.642484,6.5149126,0.1,0.003,0.037382323,24.664744368655423,8.675623322848498,15.0
211.20000000000002,24.918797,8.636705,14.282608,5.0,0.0,-0.05,24.662958651346834,8.674550193485134,15.0
211.3,24.915628,8.630935,18.995321,5.0,0.0,-0.05,24.66116232671397,8.673472848185254,15.0
211.4,24.920406,8.634647,12.723198,0.1,0.003,0.037063837,24.65935542349798,8.672391293682267,15.0
211.5,24.925045,8.63836,6.513497,0.1,0.003,0.037063837,24.657537970609283,8.671305536735883,15.0
211.60000000000002,24.914293,8.632588,14.281384,5.0,0.0,-0.05,24.655709997127083,8.670215584132078,15.0
211.70000000000002,24.911179,8.626824,18.99423,5.0,0.0,-0.05,24.653871532298915,8.669121442683055,15.0
211.8,24.916008,8.630501,12.72211,0.1,0.003,0.036684975,24.652022605540182,8.668023119227193,15.0
211.9,24.920687,8.634177,6.5124116,0.1,0.003,0.036684975,24.65016324643367,8.66692062062901,15.0
212.0,24.909954,8.628412,14.280429,5.0,0.0,-0.05,24.648293484729084,8.665813953779121,15.0
212.10000000000002,24.906847,8.622655,18.993355,5.0,0.0,-0.05,24.646413350342574,8.664703125594187,15.0
212.20000000000002,24.911678,8.626292,12.721236,0.1,0.003,0.036276177,24.644522873356248,8.66358814301688,15.0
212.3,24.916348,8.62993,6.5115395,0.1,0.003,0.036276177,24.642622084017695,8.662469013015842,15.0
212.4,24.905584,8.624171,14.279616,5.0,0.0,-0.05,24.640711012739512,8.66134574258563,15.0
212.5,24.902435,8.618421,18.992567,5.0,0.0,-0.05,24.638789690098793,8.660218338746677,15.0
212.60000000000002,24.907223,8.622018,12.7204485,0.1,0.003,0.03586202,24.63685814683666,8.659086808545256,15.0
212.70000000000002,24.911835,8.625615,6.5107517,0.1,0.003,0.03586202,24.63491641385776,8.657951159053429,15.0
212.8,24.900995,8.6198635,14.278812,5.0,0.0,-0.05,24.632964522229784,8.656811397368998,15.0
212.9,24.897758,8.61412,18.991728,5.0,0.0,-0.05,24.63100250318296,8.655667530615471,15.0
213.0,24.902454,8.617676,12.719608,0.1,0.003,0.035443846,24.629030388109545,8.654519565942014,15.0
213.10000000000002,24.906965,8.621233,6.50991,0.1,0.003,0.035443846,24.627048208563338,8.653367510523399,15.0
213.20000000000002,24.896006,8.615488,14.27788,5.0,0.0,-0.05,24.62505599625917,8.65221137155997,15.0
213.3,24.892637,8.609751,18.9907,5.0,0.0,-0.05,24.623053783072397,8.651051156277592,15.0
213.4,24.897202,8.613272,12.718577,0.1,0.003,0.03507665,24.62104160103839,8.649886871927608,15.0
213.5,24.901573,8.616793,6.5088763,0.1,0.003,0.03507665,24.61901948235201,8.648718525786789,15.0
213.60000000000002,24.890457,8.611054,14.276684,5.0,0.0,-0.05,24.61698745936712,8.647546125157294,15.0
213.70000000000002,24.886925,8.605323,18.989357,5.0,0.0,-0.05,24.614945564596045,8.646369677366627,15.0
213.8,24.891327,8.608812,12.717232,0.1,0.003,0.034757096,24.61289383070905,8.64518918976758,15.0
213.9,24.895527,8.612302,6.507526,0.1,0.003,0.034757096,24.610832290533846,8.644004669738198,15.0
214.0,24.884226,8.606569,14.27511,5.0,0.0,-0.05,24.60876097705502,8.642816124681724,15.0
214.10000000000002,24.880505,8.600843,18.98759,5.0,0.0,-0.05,24.606679923413548,8.641623562026565,15.0
214.20000000000002,24.88472,8.604307,12.715461,0.1,0.003,0.034491852,24.604589162906244,8.640426989226231,15.0
214.3,24.88873,8.60777,6.5057497,0.1,0.003,0.034491852,24.602488728985232,8.6392264137593,15.0
214.4,24.877226,8.602043,14.273065,5.0,0.0,-0.05,24.600378655257412,8.638021843129364,15.0
214.5,24.873299,8.596323,18.985321,5.0,0.0,-0.05,24.598258975483912,8.636813284864983,15.0
214.60000000000002,24.877314,8.599765,12.713186,0.1,0.003,0.034283504,24.59612972357957,8.635600746519646,15.0
214.70000000000002,24.881123,8.603207,6.503469,0.1,0.003,0.034283504,24.593990933612364,8.634384235671714,15.0
214.8,24.869411,8.597485,14.270479,5.0,0.0,-0.05,24.591842639802895,8.633163759924372,15.0
214.9,24.865276,8.591769,18.982489,5.0,0.0,-0.05,24.589684876523815,8.631939326905593,15.0
215.0,24.869091,8.595196,12.710349,0.1,0.003,0.034131065,24.587517678299292,8.630710944268078,15.0
215.10000000000002,24.872702,8.598621,6.500625,0.1,0.003,0.034131065,24.585341079804447,8.629478619689213,15.0
215.20000000000002,24.860786,8.592904,14.267319,5.0,0.0,-0.05,24.583155115864813,8.628242360871024,15.0
215.3,24.856451,8.5871935,18.979074,5.0,0.0,-0.05,24.580959821455767,8.627002175540126,15.0
215.4,24.860077,8.590609,12.706929,0.1,0.003,0.03403058,24.578755231701972,8.62575807144767,15.0
215.5,24.863503,8.594023,6.497199,0.1,0.003,0.03403058,24.576541381876815,8.624510056369306,15.0
215.60000000000002,24.851398,8.588309,14.263581,5.0,0.0,-0.05,24.574318307401846,8.623258138105122,15.0
215.70000000000002,24.84688,8.5826025,18.975092,5.0,0.0,-0.05,24.572086043846213,8.622002324479604,15.0
215.8,24.850336,8.58601,12.702942,0.1,0.003,0.033967573,24.569844626926084,8.620742623341583,15.0
215.9,24.8536,8.5894165,6.4932055,0.1,0.003,0.033967573,24.567594092504077,8.619479042564185,15.0
216.0,24.841335,8.583708,14.259298,5.0,0.0,-0.05,24.565334476588703,8.61821159004479,15.0
216.10000000000002,24.836662,8.578006,18.970587,5.0,0.0,-0.05,24.56306581533376,8.616940273704968,15.0
216.20000000000002,24.839981,8.581408,12.698432,0.1,0.003,0.033927694,24.560788145037787,8.615665101490444,15.0
216.3,24.843115,8.584809,6.48869,0.1,0.003,0.033927694,24.558501502143457,8.61438608137104,15.0
216.4,24.830723,8.579104,14.254532,5.0,0.0,-0.05,24.556205923237005,8.613103221340628,15.0
216.5,24.825933,8.573406,18.965631,5.0,0.0,-0.05,24.55390144504765,8.611816529417077,15.0
216.60000000000002,24.829151,8.576803,12.693473,0.1,0.003,0.033896234,24.551588104446985,8.61052601364221,15.0
216.70000000000002,24.832195,8.5802,6.4837265,0.1,0.003,0.033896234,24.54926593844842,8.609231682081743,15.0
216.8,24.819717,8.5745,14.249373,5.0,0.0,-0.05,24.54693498420656,8.607933542825249,15.0
216.9,24.814854,8.568807,18.96033,5.0,0.0,-0.05,24.54459527901662,8.60663160398609,15.0
217.0,24.818016,8.572199,12.688169,0.1,0.003,0.0338534,24.542246860313828,8.60532587370138,15.0
217.10000000000002,24.821014,8.57559,6.4784193,0.1,0.003,0.0338534,24.539889765672843,8.604016360131931,15.0
217.20000000000002,24.808496,8.569895,14.243937,5.0,0.0,-0.05,24.537524032807124,8.602703071462196,15.0
217.3,24.803604,8.564206,18.954803,5.0,0.0,-0.05,24.53514969956835,8.601386015900228,15.0
217.4,24.806757,8.56759,12.682641,0.1,0.003,0.033782605,24.532766803945798,8.600065201677618,15.0
217.5,24.80976,8.570973,6.4728904,0.1,0.003,0.033782605,24.530375384065746,8.59874063704945,15.0
217.60000000000002,24.797249,8.565283,14.238352,5.0,0.0,-0.05,24.527975478190864,8.59741233029425,15.0
217.70000000000002,24.792376,8.559599,18.949188,5.0,0.0,-0.05,24.525567124719597,8.59608028971393,15.0
217.8,24.795567,8.562971,12.677026,0.1,0.003,0.033667747,24.523150362185547,8.59474452363374,15.0
217.9,24.798618,8.566343,6.467275,0.1,0.003,0.033667747,24.520725229256858,8.593405040402214,15.0
218.0,24.786161,8.560658,14.232759,5.0,0.0,-0.05,24.518291764735615,8.592061848391115,15.0
218.10000000000002,24.781353,8.55498,18.943624,5.0,0.0,-0.05,24.51585000755719,8.590714955995391,15.0
218.20000000000002,24.784626,8.558335,12.671463,0.1,0.003,0.03349266,24.513399996789648,8.589364371633117,15.0
218.3,24.787771,8.56169,6.4617143,0.1,0.003,0.03349266,24.510941771633114,8.588010103745438,15.0
218.4,24.775412,8.556011,14.227299,5.0,0.0,-0.05,24.50847537141913,8.586652160796525,15.0
218.5,24.77071,8.55034,18.938253,5.0,0.0,-0.05,24.506000835610052,8.585290551273516,15.0
218.60000000000002,24.771759,8.551798,16.182798,1.728551,0.002002928,0.016764265,24.5035182037984,8.583925283686467,15.0
218.70000000000002,24.771751,8.553256,13.864662,1.728551,0.002002928,0.016764265,24.501027515706227,8.582556366568296,15.0
218.8,24.770864,8.554713,11.91431,1.728551,0.002002928,0.016764265,24.498528811184492,8.58118380847473,15.0
218.9,24.769247,8.55617,10.273265,1.728551,0.002002928,0.016764265,24.496022130212417,8.579807617984253,15.0
219.0,24.757471,8.560493,11.520238,5.0,0.003,0.05,24.493507512896837,8.578427803698052,15.0
219.10000000000002,24.746988,8.564812,12.272596,5.0,0.003,0.05,24.49098499947158,8.577044374239959,15.0
219.20000000000002,24.737312,8.569124,12.725136,5.0,0.003,0.049994215,24.4884546302968,8.575657338256406,15.0
219.3,24.728151,8.573432,12.995941,5.0,0.003,0.049994215,24.48591644585836,8.574266704416363,15.0
219.4,24.719313,8.568938,13.157724,5.0,0.003,-0.03801885,24.483370486767157,8.572872481411286,15.0
219.5,24.710676,8.564451,13.254376,5.0,0.003,-0.03801885,24.48081679375847,8.571474677955067,15.0
219.60000000000002,24.702179,8.560489,13.31149,5.0,0.003,-0.032823298,24.478255407691346,8.57007330278397,15.0
219.70000000000002,24.693785,8.556532,13.344591,5.0,0.003,-0.032823298,24.475686369547898,8.568668364656585,15.0
219.8,24.685482,8.56003,13.362192,5.0,0.003,0.04171767,24.47310972043269,8.567259872353773,15.0
219.9,24.677265,8.563524,13.369613,5.0,0.003,0.04171767,24.47052550157204,8.565847834678605,15.0
220.0,24.669125,8.567014,13.370881,5.0,0.003,0.04171767,24.46793375431341,8.564432260456314,15.0
220.10000000000002,24.661053,8.570499,13.368438,5.0,0.003,0.04171767,24.465334520124692,8.563013158534229,15.0
220.20000000000002,24.653048,8.573981,13.363764,5.0,0.003,0.04171767,24.462727840593576,8.56159053778174,15.0
220.3,24.645105,8.577459,13.357756,5.0,0.003,0.04171767,24.460113757426885,8.560164407090216,15.0
220.4,24.637222,8.580527,13.351009,5.0,0.003,0.03765617,24.45749231244989,8.55873477537297,15.0
220.5,24.629398,8.583591,13.343877,5.0,0.003,0.03765617,24.454863547605655,8.557301651565199,15.0
220.60000000000002,24.621628,8.585132,13.336723,5.0,0.003,0.022440644,24.45222750495436,8.555865044623918,15.0
220.70000000000002,24.613909,8.586671,13.329736,5.0,0.003,0.022440644,24.449584226672638,8.554424963527918,15.0
220.8,24.606234,8.584595,13.323327,5.0,0.003,-0.013719668,24.44693375505288,8.552981417277701,15.0
220.9,24.598597,8.582521,13.31767,5.0,0.003,-0.013719668,24.444276132502573,8.551534414895427,15.0
221.0,24.590996,8.580451,13.31248,5.0,0.003,-0.013719668,24.441611401543625,8.550083965424854,15.0
221.10000000000002,24.583431,8.578383,13.307583,5.0,0.003,-0.013719668,24.438939604811672,8.548630077931287,15.0
221.20000000000002,24.575901,8.576769,13.302816,5.0,0.003,-0.009209134,24.43626078505541,8.54717276150152,15.0
221.3,24.568403,8.575157,13.298089,5.0,0.003,-0.009209134,24.43357498513589,8.545712025243775,15.0
221.4,24.56094,8.575213,13.293181,5.0,0.003,0.007463442,24.43088224802586,8.54424787828765,15.0
221.5,24.55351,8.57527,13.287994,5.0,0.003,0.007463442,24.428182616809053,8.542780329784055,15.0
221.60000000000002,24.546112,8.575497,13.282626,5.0,0.003,0.009169234,24.42547613467951,8.541309388905166,15.0
221.70000000000002,24.538742,8.575724,13.277138,5.0,0.003,0.009169234,24.42276284494089,8.539835064844358,15.0
221.8,24.531397,8.5759115,13.271589,5.0,0.003,0.008781794,24.42004279100577,8.538357366816152,15.0
221.9,24.524075,8.576099,13.266016,5.0,0.003,0.008781794,24.417316016394956,8.536876304056157,15.0
222.0,24.516773,8.575998,13.26047,5.0,0.003,0.0058976593,24.41458256473678,8.535391885821008,15.0
222.10000000000002,24.509487,8.575897,13.254978,5.0,0.003,0.0058976593,24.411842479766413,8.533904121388318,15.0
222.20000000000002,24.503078,8.574916,14.524392,5.0,0.0022374403,-0.0029073427,24.40909580532516,8.532413020056605,15.0
222.3,24.49793,8.573936,15.293196,5.0,0.0022374403,-0.0029073427,24.40634258535974,8.53091859114525,15.0
222.4,24.493546,8.572676,15.758565,5.0,0.0022374403,-0.0057254904,24.40358286392163,8.52942084399443,15.0
222.5,24.48962,8.571417,16.040022,5.0,0.0022374403,-0.0057254904,24.40081668516631,8.527919787965057,15.0
222.60000000000002,24.48557,8.570159,15.616675,5.0,0.002592361,-0.005725333,24.39804409335257,8.526415432438727,15.0
222.70000000000002,24.481102,8.568903,15.35883,5.0,0.002592361,-0.005725333,24.395265132841832,8.52490778681766,15.0
222.8,24.476292,8.567648,15.079345,4.999912,0.0026652766,-0.0057253717,24.392479848097402,8.523396860524633,15.0
222.9,24.471199,8.566394,14.908587,4.999912,0.0026652766,-0.0057253717,24.389688283683775,8.52188266300293,15.0
223.0,24.465855,8.565142,14.694425,4.999918,0.002730671,-0.005725374,24.38689048426592,8.520365203716285,15.0
223.10000000000002,24.460287,8.56389,14.563157,4.999918,0.002730671,-0.005725374,24.38408649460857,8.518844492148808,15.0
223.20000000000002,24.45452,8.563108,14.398041,4.999924,0.0027809436,-0.0010469111,24.3812763595755,8.517320537804947,15.0
223.3,24.448572,8.562326,14.296305,4.999924,0.0027809436,-0.0010469111,24.378460124128814,8.515793350209407,15.0
223.4,24.442482,8.561384,14.197868,4.99993,0.0028019655,-0.0026630312,24.375637833328216,8.514262938907107,15.0
223.5,24.436272,8.560442,14.136545,4.99993,0.0028019655,-0.0026630312,24.372809532330297,8.512729313463113,15.0
223.60000000000002,24.429977,8.559501,14.097712,4.99993,0.0028019655,-0.0026630312,24.36997526638781,8.511192483462578,15.0
223.70000000000002,24.423618,8.55856,14.072503,4.99993,0.0028019655,-0.0026630312,24.36713508084896,8.509652458510686,15.0
223.8,24.417206,8.557621,14.055545,4.99993,0.0028019655,-0.0026630312,24.364289021156647,8.50810924823259,15.0
223.9,24.410746,8.556683,14.043577,4.99993,0.0028019655,-0.0026630312,24.361437132847765,8.506562862273343,15.0
224.0,24.40424,8.555745,14.034625,4.99993,0.0028019655,-0.0026630312,24.358579461552466,8.505013310297857,15.0
224.10000000000002,24.39769,8.554808,14.027488,4.99993,0.0028019655,-0.0026630312,24.355716052993436,8.503460601990826,15.0
224.20000000000002,24.391096,8.553871,14.02144,4.99993,0.0028019655,-0.0026630312,24.352846952985146,8.50190474705667,15.0
224.3,24.384459,8.552936,14.016039,4.99993,0.0028019655,-0.0026630312,24.349972207433133,8.50034575521948,15.0
224.4,24.377775,8.552001,14.011018,4.99993,0.0028019655,-0.0026630312,24.347091862333272,8.498783636222948,15.0
224.5,24.371046,8.551067,14.006213,4.99993,0.0028019655,-0.0026630312,24.344205963771014,8.497218399830313,15.0
224.60000000000002,24.36427,8.550135,14.001526,4.99993,0.0028019655,-0.0026630312,24.34131455792068,8.495650055824298,15.0
224.70000000000002,24.357445,8.549203,13.996895,4.99993,0.0028019655,-0.0026630312,24.3384176910447,8.494078614007048,15.0
224.8,24.35057,8.548272,13.992285,4.99993,0.0028019655,-0.002663031,24.335515409492885,8.492504084200068,15.0
224.9,24.343647,8.547341,13.987672,4.99993,0.0028019655,-0.002663031,24.332607759701673,8.490926476244166,15.0
225.0,24.336674,8.5464115,13.983042,4.99993,0.0028019655,-0.002663031,24.329694788193404,8.489345799999386,15.0
225.10000000000002,24.32965,8.545483,13.978387,4.99993,0.0028019655,-0.002663031,24.326776541575555,8.487762065344947,15.0
225.20000000000002,24.322577,8.544555,13.973702,4.99993,0.0028019655,-0.002663031,24.323853066540014,8.486175282179188,15.0
225.3,24.315453,8.543628,13.968985,4.99993,0.0028019655,-0.002663031,24.320924409862318,8.484585460419499,15.0
225.4,24.308279,8.542703,13.9642315,4.99993,0.0028019655,-0.002663031,24.31799061840091,8.482992610002258,15.0
225.5,24.301056,8.541779,13.959442,4.99993,0.0028019655,-0.002663031,24.31505173909639,8.48139674088278,15.0
225.60000000000002,24.293783,8.540855,13.954616,4.99993,0.0028019655,-0.002663031,24.312107818970766,8.479797863035234,15.0
225.70000000000002,24.286463,8.539933,13.949752,4.99993,0.0028019655,-0.002663031,24.309158905126697,8.478195986452608,15.0
225.8,24.279095,8.539012,13.944852,4.99993,0.0028019655,-0.002663031,24.30620504474674,8.476591121146624,15.0
225.9,24.27168,8.538092,13.939916,4.99993,0.0028019655,-0.002663031,24.3032462850926,8.474983277147684,15.0
226.0,24.264221,8.537173,13.934944,4.99993,0.0028019655,-0.002663031,24.30028267350437,8.473372464504807,15.0
226.10000000000002,24.256718,8.536256,13.929936,4.99993,0.0028019655,-0.002663031,24.29731425739977,8.471758693285569,15.0
226.20000000000002,24.249172,8.535339,13.924894,4.99993,0.0028019655,-0.002663031,24.29434108427339,8.470141973576032,15.0
226.3,24.241587,8.534425,13.91982,4.99993,0.0028019655,-0.002663031,24.291363201695944,8.468522315480692,15.0
226.4,24.233963,8.533511,13.914713,4.99993,0.0028019655,-0.002663031,24.288380657313486,8.466899729122407,15.0
226.5,24.226303,8.5325985,13.909575,4.99993,0.0028019655,-0.002663031,24.285393498846663,8.465274224642332,15.0
226.60000000000002,24.218609,8.531688,13.904408,4.99993,0.0028019655,-0.002663031,24.282401774089944,8.463645812199868,15.0
226.70000000000002,24.210884,8.530778,13.899214,4.99993,0.0028019655,-0.002663031,24.279405530910868,8.462014501972588,15.0
226.8,24.203129,8.52987,13.893993,4.99993,0.0028019655,-0.002663031,24.276404817249258,8.460380304156173,15.0
226.9,24.195347,8.528963,13.888748,4.99993,0.0028019655,-0.002663031,24.27339968111647,8.458743228964357,15.0
227.0,24.18754,8.528058,13.883481,4.99993,0.0028019655,-0.002663031,24.270390170594613,8.457103286628852,15.0
227.10000000000002,24.179712,8.527154,13.878192,4.99993,0.0028019655,-0.002663031,24.267376333835795,8.455460487399295,15.0
227.20000000000002,24.171865,8.526252,13.872885,4.99993,0.0028019655,-0.002663031,24.264358219061343,8.453814841543174,15.0
227.3,24.164003,8.525351,13.86756,4.99993,0.0028019655,-0.002663031,24.261335874561023,8.452166359345771,15.0
227.4,24.156128,8.524451,13.862221,4.99993,0.0028019655,-0.002663031,24.258309348692286,8.450515051110093,15.0
227.5,24.148243,8.523553,13.856869,4.99993,0.0028019655,-0.002663031,24.255278689879482,8.448860927156813,15.0
227.60000000000002,24.14035,8.522656,13.851506,4.99993,0.0028019655,-0.002663031,24.25224394661308,8.447203997824198,15.0
227.70000000000002,24.132454,8.521762,13.846136,4.99993,0.0028019655,-0.002663031,24.24920516744892,8.445544273468053,15.0
227.8,24.124556,8.520868,13.840759,4.99993,0.0028019655,-0.002663031,24.246162401007396,8.44388176446165,15.0
227.9,24.11666,8.519977,13.835379,4.99993,0.0028019655,-0.002663031,24.243115695972705,8.442216481195665,15.0
228.0,24.108768,8.519086,13.829995,4.99993,0.0028019655,-0.002663031,24.240065101092068,8.44054843407811,15.0
228.10000000000002,24.100885,8.518197,13.824614,4.99993,0.0028019655,-0.002663031,24.23701066517493,8.438877633534277,15.0
228.20000000000002,24.093014,8.517309,13.819234,4.99993,0.0028019655,-0.002663031,24.23395243709221,8.437204090006661,15.0
228.3,24.085155,8.516423,13.81386,4.99993,0.0028019655,-0.002663031,24.230890465775484,8.43552781395491,15.0
228.4,24.077314,8.515538,13.808494,4.99993,0.0028019655,-0.0026630322,24.227824800216236,8.433848815855736,15.0
228.5,24.069492,8.514655,13.803136,4.99993,0.0028019655,-0.0026630322,24.224755489465043,8.432167106202876,15.0
228.60000000000002,24.061693,8.513773,13.797791,4.99993,0.0028019652,-0.0026630338,24.22168258263081,8.430482695507008,15.0
228.70000000000002,24.053919,8.512893,13.7924595,4.99993,0.0028019652,-0.0026630338,24.218606128879987,8.428795594295696,15.0
228.8,24.046173,8.512013,13.787144,4.99993,0.0028019652,-0.0026630338,24.215526177435766,8.427105813113315,15.0
228.9,24.038458,8.511136,13.781846,4.99993,0.0028019652,-0.0026630338,24.2124427775773,8.425413362520992,15.0
229.0,24.030775,8.51026,13.776568,4.99993,0.0028019652,-0.002663034,24.20935597863893,8.423718253096538,15.0
229.10000000000002,24.023129,8.509385,13.771313,4.99993,0.0028019652,-0.002663034,24.206265830009364,8.422020495434381,15.0
229.20000000000002,24.015518,8.508512,13.766081,4.99993,0.0028019652,-0.002663034,24.203172381130923,8.420320100145503,15.0
229.3,24.007948,8.507639,13.760874,4.99993,0.0028019652,-0.002663034,24.200075681498713,8.418617077857366,15.0
229.4,24.00042,8.506767,13.755694,4.99993,0.0028019652,-0.002663034,24.19697578065987,8.416911439213857,15.0
229.5,23.992933,8.5058975,13.750544,4.99993,0.0028019652,-0.002663034,24.19387272821274,8.415203194875208,15.0
229.60000000000002,23.985493,8.505029,13.745422,4.99993,0.0028019652,-0.002663034,24.19076657380609,8.413492355517942,15.0
229.70000000000002,23.978098,8.504161,13.740333,4.99993,0.0028019652,-0.002663034,24.187657367138332,8.411778931834801,15.0
229.8,23.975296,8.501598,13.780083,2.9806144,0.0016472443,-0.022171123,24.184545157956702,8.410062934534677,15.0
229.9,23.972565,8.499038,13.80945,2.9806144,0.0016472443,-0.022171123,24.181429996056483,8.408344374342548,15.0
230.0,23.976315,8.494055,13.927195,0.1,0.0,-0.05,24.178311931280195,8.406623261999407,15.0
230.10000000000002,23.980116,8.489072,14.043826,0.1,0.0,-0.05,24.175191013516816,8.404899608262202,15.0
230.20000000000002,23.98397,8.484089,14.159355,0.1,0.0,-0.05,24.17206729270095,8.403173423903763,15.0
230.3,23.987879,8.479106,14.273793,0.1,0.0,-0.05,24.16894081881208,8.401444719712739,15.0
230.4,23.991842,8.474123,14.387152,0.1,0.0,-0.05,24.16581164187371,8.399713506493521,15.0
230.5,23.99586,8.469139,14.499442,0.1,0.0,-0.05,24.162679811952604,8.39797979506619,15.0
230.60000000000002,23.99993,8.465594,14.610671,0.1,0.0,-0.03561271,24.15954537915798,8.396243596266435,15.0
230.70000000000002,24.004053,8.4620495,14.720844,0.1,0.0,-0.03561271,24.156408393640692,8.394504920945494,15.0
230.8,24.008228,8.462022,14.829963,0.1,0.0,-0.00043724792,24.153268905592444,8.39276377997008,15.0
230.9,24.012457,8.461994,14.938027,0.1,0.0,-0.00043724792,24.150126965244976,8.39102018422232,15.0
231.0,24.01651,8.458863,11.391519,0.17440397,0.0017714701,-0.031373322,24.146982622869267,8.389274144599684,15.0
231.10000000000002,24.020456,8.455732,7.90641,0.17440397,0.0017714701,-0.031373322,24.143835928774724,8.387525672014908,15.0
231.20000000000002,24.011057,8.450192,14.903082,5.0,0.0,-0.05,24.140686933308395,8.385774777395945,15.0
231.3,24.00857,8.444659,19.148193,5.0,0.0,-0.05,24.137535686854132,8.384021471685879,15.0
231.4,24.010283,8.439133,21.725306,5.0,0.0,-0.05,24.13438223983181,8.382265765842865,15.0
231.5,24.014551,8.433612,23.291273,5.0,0.0,-0.05,24.13122664269652,8.380507670840059,15.0
231.60000000000002,24.020376,8.428098,24.244287,5.0,0.0,-0.05,24.12806894593775,8.378747197665547,15.0
231.70000000000002,24.027153,8.42259,24.825733,5.0,0.0,-0.05,24.124909200078573,8.376984357322284,15.0
231.8,24.034513,8.417089,25.181936,5.0,0.0,-0.05,24.12174745567486,8.375219160828015,15.0
231.9,24.042234,8.411595,25.4016,5.0,0.0,-0.05,24.118583763314454,8.373451619215214,15.0
232.0,24.050182,8.4094305,25.53807,5.0,0.0,-0.016748171,24.115418173616366,8.371681743531004,15.0
232.10000000000002,24.058277,8.407269,25.623756,5.0,0.0,-0.016748171,24.11225073722996,8.36990954483711,15.0
232.20000000000002,24.066463,8.401785,25.679087,5.0,0.0,-0.05,24.109081504834155,8.368135034209764,15.0
232.3,24.074701,8.396308,25.716375,5.0,0.0,-0.05,24.105910527136597,8.366358222739654,15.0
232.4,24.079922,8.399832,21.228037,5.0,0.0027,0.04,24.102737854872867,8.364579121531843,15.0
232.5,24.080755,8.403351,18.50459,5.0,0.0027,0.04,24.09956353880565,8.36279774170571,15.0
232.60000000000002,24.08565,8.398362,18.577,0.1,0.0,-0.05,24.096387629723935,8.361014094394871,15.0
232.70000000000002,24.090557,8.3933735,18.648756,0.1,0.0,-0.05,24.093210178442202,8.35922819074712,15.0
232.8,24.095402,8.388384,13.009818,0.1,0.0027,-0.05,24.0900312357996,8.357440041924344,15.0
232.9,24.100111,8.383394,7.4270544,0.1,0.0027,-0.05,24.08685085265915,8.35564965910247,15.0
233.0,24.090406,8.377938,14.652715,5.0,0.0,-0.05,24.083669079906908,8.353857053471383,15.0
233.10000000000002,24.087793,8.372489,19.036692,5.0,0.0,-0.05,24.08048596845117,8.352062236234866,15.0
233.20000000000002,24.09264,8.367499,12.759548,0.1,0.003,-0.05,24.077301569221657,8.350265218610517,15.0
233.3,24.097324,8.36251,6.544929,0.1,0.003,-0.05,24.074115933168688,8.348466011829693,15.0
233.4,24.08667,8.3570795,14.121405,5.0,0.0,-0.05,24.070929111262366,8.346664627137429,15.0
233.5,24.083443,8.351656,18.71802,5.0,0.0,-0.05,24.067741154491777,8.344861075792373,15.0
233.60000000000002,24.088234,8.356667,12.444109,0.1,0.003,0.05,24.06455211386416,8.343055369066716,15.0
233.70000000000002,24.09285,8.361677,6.2326303,0.1,0.003,0.05,24.061362040404102,8.341247518246119,15.0
233.8,24.081821,8.356248,13.930723,5.0,0.0,-0.05,24.058170985152703,8.339437534629646,15.0
233.9,24.078325,8.350825,18.60104,5.0,0.0,-0.05,24.054978999166785,8.337625429529684,15.0
234.0,24.075989,8.354307,16.419706,5.0,0.003,0.03902712,24.051786133518053,8.335811214271887,15.0
234.10000000000002,24.071491,8.357784,15.094252,5.0,0.003,0.03902712,24.04859243929229,8.333994900195094,15.0
234.20000000000002,24.06566,8.352375,14.288766,5.0,0.003,-0.04985444,24.04539796758853,8.332176498651263,15.0
234.3,24.058994,8.346972,13.799432,5.0,0.003,-0.04985444,24.042202769518262,8.330356021005395,15.0
234.4,24.051802,8.342242,13.50165,5.0,0.003,-0.043198846,24.03900689620458,8.328533478635473,15.0
234.5,24.044271,8.337518,13.3199005,5.0,0.003,-0.043198846,24.035810398781393,8.326708882932378,15.0
234.60000000000002,24.036516,8.333834,13.208343,5.0,0.003,-0.032848164,24.03261332839259,8.324882245299827,15.0
234.70000000000002,24.028605,8.330155,13.139207,5.0,0.003,-0.032848164,24.029415736191222,8.323053577154303,15.0
234.8,24.02058,8.327342,13.095662,5.0,0.003,-0.024235606,24.02621767333871,8.321222889924972,15.0
234.9,24.012466,8.3245325,13.067522,5.0,0.003,-0.024235606,24.02301919100398,8.319390195053623,15.0
235.0,24.004278,8.32244,13.048614,5.0,0.003,-0.017105157,24.019820340362685,8.317555503994598,15.0
235.10000000000002,23.996025,8.320351,13.035209,5.0,0.003,-0.017105157,24.01662117259637,8.315718828214704,15.0
235.20000000000002,23.993465,8.318232,16.682987,3.377209,0.0,-0.018727109,24.013421738891644,8.313880179193163,15.0
235.3,23.993465,8.316114,19.28554,3.377209,0.0,-0.018727109,24.010222090439385,8.312039568421524,15.0
235.4,23.995275,8.316645,21.142618,3.377211,0.0,0.0077417134,24.007022278433897,8.310197007403596,15.0
235.5,23.998363,8.317175,22.467962,3.377211,0.0,0.0077417134,24.003822354072103,8.308352507655384,15.0
235.60000000000002,24.002453,8.312551,16.156336,0.1,0.003,-0.046404283,24.000622368552722,8.306506080705,15.0
235.70000000000002,24.006332,8.307927,9.907569,0.1,0.003,-0.046404283,23.997422373075462,8.304657738092612,15.0
235.8,23.997988,8.30257,16.148205,5.0,0.0,-0.05,23.994222418840177,8.302807491370352,15.0
235.9,23.995716,8.297221,19.9347,5.0,0.0,-0.05,23.99102255704607,8.300955352102255,15.0
236.0,23.9971,8.291879,22.233463,5.0,0.0,-0.05,23.987822838890853,8.299101331864188,15.0
236.10000000000002,24.000677,8.286544,23.630335,5.0,0.0,-0.05,23.98462331556996,8.29724544224377,15.0
236.20000000000002,24.004488,8.291563,17.307314,0.1,0.003,0.05,23.981424038275684,8.295387694840308,15.0
236.3,24.008095,8.296582,11.047205,0.1,0.003,0.05,23.9782250581964,8.293528101264712,15.0
236.4,24.007427,8.296945,6.764818,1.2370788,0.003,0.004269005,23.975026426515722,8.29166667313944,15.0
236.5,24.005468,8.297307,2.9805956,1.2370788,0.003,0.004269005,23.97182819441169,8.28980342209841,15.0
236.60000000000002,23.989902,8.291966,11.946119,5.0,0.0,-0.05,23.968630413055944,8.287938359786937,15.0
236.70000000000002,23.983105,8.286633,17.38433,5.0,0.0,-0.05,23.965433133612915,8.28607149786165,15.0
236.8,23.978203,8.285452,15.668677,5.0,0.003,-0.008516648,23.96223640723902,8.284202847990434,15.0
236.9,23.97158,8.284273,14.626203,5.0,0.003,-0.008516648,23.959040285081798,8.282332421852342,15.0
237.0,23.963902,8.2831335,13.9917965,5.0,0.003,-0.008137159,23.95584481827914,8.280460231137534,15.0
237.10000000000002,23.95557,8.281996,13.604748,5.0,0.003,-0.008137159,23.952650057958447,8.278586287547192,15.0
237.20000000000002,23.946833,8.280884,13.367636,5.0,0.003,-0.0078880675,23.94945605523582,8.276710602793463,15.0
237.3,23.93784,8.279774,13.221404,5.0,0.003,-0.0078880675,23.94626286121523,8.274833188599365,15.0
237.4,23.930265,8.278172,13.12336,4.369037,0.0026309034,-0.013271242,23.943070526987714,8.272954056698733,15.0
237.5,23.922583,8.27657,13.058322,4.369037,0.0026309034,-0.013271242,23.939879103630552,8.271073218836136,15.0
237.60000000000002,23.914814,8.276145,12.990365,4.369036,0.0026448958,-0.0015303498,23.936688642206448,8.269190686766803,15.0
237.70000000000002,23.906973,8.27572,12.944472,4.369036,0.0026448958,-0.0015303498,23.93349919376272,8.267306472256553,15.0
237.8,23.899075,8.275303,12.898584,4.3690352,0.0026531643,-0.0014470477,23.93031080933047,8.265420587081724,15.0
237.9,23.89113,8.274887,12.866919,4.3690352,0.0026531643,-0.0014470477,23.927123539923787,8.263533043029089,15.0
238.0,23.88315,8.274475,12.832973,4.3690343,0.002659821,-0.0014129304,23.92393743653891,8.261643851895792,15.0
238.10000000000002,23.875141,8.274063,12.809004,4.3690343,0.002659821,-0.0014129304,23.920752550153427,8.259753025489273,15.0
238.20000000000002,23.867111,8.27365,12.785487,4.369033,0.002663299,-0.0014223636,23.917568931725448,8.25786057562719,15.0
238.3,23.859068,8.273238,12.768246,4.369033,0.002663299,-0.0014223636,23.914386632192805,8.255966514137349,15.0
238.4,23.851015,8.272822,12.748348,4.369032,0.002667196,-0.0014547283,23.91120570247222,8.254070852857627,15.0
238.5,23.842958,8.272408,12.733441,4.369032,0.002667196,-0.0014547283,23.9080261934585,8.252173603635903,15.0
238.60000000000002,23.834904,8.271987,12.717197,4.3690314,0.0026698466,-0.0015077598,23.90484815602372,8.250274778329976,15.0
238.70000000000002,23.826853,8.271566,12.704654,4.3690314,0.0026698466,-0.0015077598,23.90167164101642,8.2483743888075,15.0
238.8,23.818813,8.27114,12.693514,4.3690305,0.0026704206,-0.0015740712,23.89849669926076,8.246472446945901,15.0
238.9,23.81079,8.270714,12.684276,4.3690305,0.0026704206,-0.0015740712,23.89532338155575,8.244568964632313,15.0
239.0,23.802786,8.27028,12.678145,4.3690295,0.002669331,-0.001652073,23.892151738674404,8.242663953763492,15.0
239.10000000000002,23.79481,8.269846,12.672156,4.3690295,0.002669331,-0.001652073,23.888981821362936,8.240757426245748,15.0
239.20000000000002,23.786863,8.269403,12.668726,4.369029,0.0026679023,-0.0017344176,23.885813680339957,8.238849393994874,15.0
239.3,23.77895,8.268961,12.664499,4.369029,0.0026679023,-0.0017344176,23.882647366295657,8.236939868936066,15.0
239.4,23.771072,8.268511,12.66262,4.369028,0.002666245,-0.0018170977,23.879482929890994,8.23502886300385,15.0
239.5,23.763235,8.268061,12.659415,4.369028,0.002666245,-0.0018170977,23.87632042175688,8.233116388142003,15.0
239.60000000000002,23.759703,8.265875,12.702433,2.7387505,0.0016470338,-0.02027018,23.87315989249338,8.231202456303489,15.0
239.70000000000002,23.756235,8.26369,12.734831,2.7387505,0.0016470338,-0.02027018,23.870001392668893,8.229287079450376,15.0
239.8,23.756628,8.258623,14.396454,1.380563,0.0,-0.05,23.866844972819354,8.227370269553763,15.0
239.9,23.757593,8.253558,15.84427,1.380563,0.0,-0.05,23.863690683447405,8.225452038593705,15.0
240.0,23.761177,8.248574,15.941628,0.1,0.0,-0.05,23.860538575021618,8.22353239855914,15.0
240.10000000000002,23.764809,8.24359,16.038074,0.1,0.0,-0.05,23.85738869797565,8.221611361447811,15.0
240.20000000000002,23.767967,8.243089,13.597283,0.33482543,0.0013189552,-0.0050341035,23.854241102707473,8.219688939266195,15.0
240.3,23.770973,8.242586,11.236949,0.33482543,0.0013189552,-0.0050341035,23.851095839578544,8.217765144029425,15.0
240.4,23.774632,8.237601,11.380317,0.1,0.0,-0.05,23.847952958913005,8.215839987761212,15.0
240.5,23.778343,8.232616,11.522315,0.1,0.0,-0.05,23.84481251099688,8.21391348249378,15.0
240.60000000000002,23.782108,8.22983,11.662951,0.1,0.0,-0.028015995,23.841674546077268,8.211985640267777,15.0
240.70000000000002,23.785929,8.227043,11.802234,0.1,0.0,-0.028015995,23.838539114361545,8.210056473132212,15.0
240.8,23.789803,8.223981,11.940176,0.1,0.0,-0.030763945,23.83540626601654,8.208125993144375,15.0
240.9,23.793732,8.220919,12.076794,0.1,0.0,-0.030763945,23.832276051167774,8.206194212369757,15.0
241.0,23.797705,8.218676,11.322774,0.1,0.00042051726,-0.02257417,23.82914851989861,8.204261142881984,15.0
241.10000000000002,23.801708,8.216433,10.5763,0.1,0.00042051726,-0.02257417,23.82602372224948,8.202326796762732,15.0
241.20000000000002,23.802868,8.215045,10.046302,0.98897165,0.00096478564,-0.013540425,23.822901708217085,8.20039118610166,15.0
241.3,23.803951,8.213657,9.566368,0.98897165,0.00096478564,-0.013540425,23.819782527753578,8.198454322996326,15.0
241.4,23.795582,8.208413,15.903708,5.0,0.0,-0.05,23.816666230765787,8.196516219552121,15.0
241.5,23.79348,8.203176,19.748878,5.0,0.0,-0.05,23.81355286711439,8.194576887882182,15.0
241.60000000000002,23.797867,8.206024,13.463438,0.1,0.003,0.028344717,23.810442486613137,8.192636340107327,15.0
241.70000000000002,23.802143,8.208873,7.2405543,0.1,0.003,0.028344717,23.807335139028062,8.190694588355974,15.0
241.8,23.79166,8.203634,14.492697,5.0,0.0,-0.05,23.804230874076648,8.188751644764064,15.0
241.9,23.78834,8.198402,18.892475,5.0,0.0,-0.05,23.801129741427072,8.18680752147499,15.0
242.0,23.792875,8.203417,12.6155405,0.1,0.003,0.05,23.798031790697394,8.184862230639514,15.0
242.10000000000002,23.797295,8.208431,6.401066,0.1,0.003,0.05,23.794937071454754,8.182915784415696,15.0
242.20000000000002,23.786146,8.203195,13.981876,5.0,0.0,-0.05,23.791845633214596,8.180968194968825,15.0
242.3,23.782475,8.197965,18.580938,5.0,0.0,-0.05,23.788757525439866,8.179019474471321,15.0
242.4,23.779951,8.20137,16.356304,5.0,0.003,0.03634294,23.785672797540222,8.177069635102686,15.0
242.5,23.775284,8.204772,15.00454,5.0,0.003,0.03634294,23.782591498871245,8.175118689049409,15.0
242.60000000000002,23.770834,8.19954,16.41985,5.0,0.0016619356,-0.05,23.77951367873365,8.173166648504894,15.0
242.70000000000002,23.767786,8.194316,17.278782,5.0,0.0016619356,-0.05,23.776439386372488,8.17121352566939,15.0
242.8,23.764227,8.189605,15.787237,5.0,0.0028661937,-0.044927973,23.773368670976378,8.169259332749908,15.0
242.9,23.759209,8.1849,14.882018,5.0,0.0028661937,-0.044927973,23.770301581676694,8.167304081960147,15.0
243.0,23.75331,8.1812315,14.332102,5.0,0.0028661937,-0.03462292,23.767238167546807,8.165347785520419,15.0
243.10000000000002,23.746876,8.1775675,13.99746,5.0,0.0028661937,-0.03462292,23.76417847760127,8.163390455657568,15.0
243.20000000000002,23.74012,8.174818,13.793203,5.0,0.0028661937,-0.02552985,23.761122560795066,8.161432104604902,15.0
243.3,23.73317,8.172072,13.667889,5.0,0.0028661937,-0.02552985,23.75807046602279,8.159472744602109,15.0
243.4,23.726133,8.170069,13.590782,4.9859304,0.0028579638,-0.018145429,23.755022242117896,8.15751238789518,15.0
243.5,23.719023,8.168068,13.542318,4.9859304,0.0028579638,-0.018145429,23.7519779378519,8.15555104673634,15.0
243.60000000000002,23.71213,8.166625,13.513885,4.877119,0.0027943158,-0.01263967,23.74893760193361,8.153588733383963,15.0
243.70000000000002,23.705206,8.165184,13.494754,4.877119,0.0027943158,-0.01263967,23.745901283008333,8.151625460102503,15.0
243.8,23.701674,8.163601,17.640343,4.514021,0.00015445023,-0.014227682,23.742869029657108,8.149661239162413,15.0
243.9,23.701889,8.162021,20.28056,4.514021,0.00015445023,-0.014227682,23.73984089039592,8.147696082840064,15.0
244.0,23.70671,8.162863,13.990783,0.1,0.0029993455,0.00819719,23.73681691367494,8.145730003417675,15.0
244.10000000000002,23.711359,8.163705,7.7636204,0.1,0.0029993455,0.00819719,23.73379714787772,8.143763013183243,15.0
244.20000000000002,23.701645,8.15853,14.794084,5.0,0.0,-0.05,23.730781641320462,8.141795124430445,15.0
244.3,23.69881,8.153362,19.059515,5.0,0.0,-0.05,23.727770442251195,8.13982634945858,15.0
244.4,23.700563,8.153359,17.669315,2.5177433,0.001519749,0.00065829966,23.724763598849044,8.137856700572488,15.0
244.5,23.701513,8.153357,16.588757,2.5177433,0.001519749,0.00065829966,23.721761159223444,8.135886190082465,15.0
244.60000000000002,23.69743,8.148305,14.856746,4.6486998,0.003,-0.049049743,23.718763171413357,8.133914830304196,15.0
244.70000000000002,23.691694,8.143259,13.768097,4.6486998,0.003,-0.049049743,23.71576968338653,8.131942633558674,15.0
244.8,23.691277,8.142401,16.422615,2.5302565,0.0,-0.007963471,23.712780743038703,8.129969612172122,15.0
244.9,23.692303,8.141543,18.48391,2.5302565,0.0,-0.007963471,23.70979639819286,8.127995778475919,15.0
245.0,23.696783,8.136569,12.210692,0.1,0.003,-0.05,23.70681669659846,8.126021144806515,15.0
245.10000000000002,23.701065,8.131595,5.9999576,0.1,0.003,-0.05,23.703841685930655,8.124045723505365,15.0
245.20000000000002,23.689194,8.126463,13.728109,5.0,0.0,-0.05,23.700871413789557,8.122069526918848,15.0
245.3,23.684868,8.121337,18.416348,5.0,0.0,-0.05,23.697905927699455,8.120092567398187,15.0
245.4,23.681702,8.125872,16.24548,5.0,0.003,0.04660151,23.69494527510807,8.118114857299368,15.0
245.5,23.676373,8.130401,14.92588,5.0,0.003,0.04660151,23.691989503385773,8.116136408983076,15.0
245.60000000000002,23.673107,8.12527,19.138597,5.0,0.0,-0.05,23.689038659824853,8.114157234814606,15.0
245.70000000000002,23.67392,8.120146,21.695707,5.0,0.0,-0.05,23.68609279163874,8.11217734716379,15.0
245.8,23.677128,8.115193,23.147917,4.920103,4.8916587e-05,-0.04836945,23.683151945961264,8.11019675840492,15.0
245.9,23.681677,8.110247,24.038433,4.920103,4.8916587e-05,-0.04836945,23.680216169845895,8.108215480916668,15.0
246.0,23.685825,8.107551,17.710047,0.1,0.003,-0.027220808,23.677285510264984,8.106233527082013,15.0
246.10000000000002,23.689766,8.104855,11.444675,0.1,0.003,-0.027220808,23.674360014109023,8.10425090928816,15.0
246.20000000000002,23.693016,8.105101,5.4642916,0.22986542,0.003,0.0022408576,23.671439728185895,8.102267639926461,15.0
246.3,23.695877,8.105347,-0.38014337,0.22986542,0.003,0.0022408576,23.668524699220104,8.100283731392349,15.0
246.4,23.67708,8.100246,9.860314,5.0,0.0,-0.05,23.66561497385205,8.09829919608524,15.0
246.5,23.6683,8.095152,16.071327,5.0,0.0,-0.05,23.662710598637286,8.096314046408475,15.0
246.60000000000002,23.662167,8.090063,14.824608,5.0,0.003,-0.05,23.659811620045744,8.094328294769234,15.0
246.70000000000002,23.65475,8.084981,14.067304,5.0,0.003,-0.05,23.65691808446103,8.092341953578458,15.0
246.8,23.646538,8.079905,13.606667,5.0,0.003,-0.05,23.65403003817964,8.090355035250774,15.0
246.9,23.637821,8.074834,13.325853,5.0,0.003,-0.05,23.65114752741026,8.088367552204412,15.0
247.0,23.62878,8.070184,13.15398,5.0,0.003,-0.04585359,23.648270598273,8.086379516861136,15.0
247.10000000000002,23.619524,8.065539,13.048086,5.0,0.003,-0.04585359,23.645399296798665,8.084390941646163,15.0
247.20000000000002,23.614065,8.065028,14.6338215,3.8112884,0.0013593067,-0.004743746,23.642533668928014,8.082401838988078,15.0
247.3,23.609827,8.064517,15.716086,3.8112884,0.0013593067,-0.004743746,23.639673760511034,8.080412221318767,15.0
247.4,23.605688,8.064766,15.024048,3.8113155,0.002168881,0.0028599282,23.6368196173062,8.078422101073336,15.0
247.5,23.600971,8.065014,14.550173,3.8113155,0.002168881,0.0028599282,23.633971284979744,8.076431490690029,15.0
247.60000000000002,23.595592,8.065578,13.712053,3.8113616,0.0024593028,0.0060322885,23.631128809104915,8.07444040261015,15.0
247.70000000000002,23.589527,8.066142,13.138016,3.8113616,0.0024593028,0.0060322885,23.628292235161275,8.072448849278,15.0
247.8,23.583279,8.066692,12.295531,3.6175904,0.0025952468,0.0058787256,23.62546160853394,8.070456843140779,15.0
247.9,23.576374,8.067242,11.707136,3.6175904,0.0025952468,0.0058787256,23.62263697451288,8.068464396648515,15.0
248.0,23.579493,8.0625305,11.845417,0.1,0.0,-0.047314502,23.619818378292177,8.066471522253996,15.0
248.10000000000002,23.582596,8.057819,11.982374,0.1,0.0,-0.047314502,23.617005864969308,8.06447823241268,15.0
248.20000000000002,23.58567,8.056481,10.842757,0.1,0.00060300395,-0.013584029,23.614199479544432,8.06248453958262,15.0
248.3,23.588703,8.055142,9.71451,0.1,0.00060300395,-0.013584029,23.61139926691965,8.060490456224393,15.0
248.4,23.579128,8.050097,15.967299,5.0,0.0,-0.05,23.608605271898313,8.05849599480101,15.0
248.5,23.575686,8.045058,19.760742,5.0,0.0,-0.05,23.605817539184272,8.056501167777851,15.0
248.60000000000002,23.575953,8.040026,22.06331,5.0,0.0,-0.05,23.603036113381194,8.054505987622575,15.0
248.70000000000002,23.578466,8.034999,23.462097,5.0,0.0,-0.05,23.600261038991835,8.052510466805055,15.0
248.8,23.58174,8.039642,18.106655,0.10146849,0.0025428252,0.04623935,23.597492360417323,8.05051461779729,15.0
248.9,23.58488,8.044285,12.805276,0.10146849,0.0025428252,0.04623935,23.59473012195646,8.048518453073326,15.0
249.0,23.581263,8.045314,10.100574,2.3102963,0.0028182236,0.010353081,23.591974367804998,8.04652198510919,15.0
249.10000000000002,23.576263,8.046342,7.952992,2.3102963,0.0028182236,0.010353081,23.589225142054946,8.044525226382797,15.0
249.20000000000002,23.56497,8.0413065,14.896569,5.0,0.0,-0.05,23.586482488693857,8.042528189373884,15.0
249.3,23.560513,8.036278,19.108774,5.0,0.0,-0.05,23.583746451604128,8.040530886563927,15.0
249.4,23.563738,8.041169,12.828951,0.1,0.003,0.048731133,23.581017074562297,8.038533330436062,15.0
249.5,23.56683,8.046061,6.611607,0.1,0.003,0.048731133,23.57829440123833,8.036535533475003,15.0
249.60000000000002,23.55431,8.041026,14.079725,5.0,0.0,-0.05,23.57557847519495,8.034537508166983,15.0
249.70000000000002,23.549152,8.035997,18.609936,5.0,0.0,-0.05,23.57286933988691,8.032539266999647,15.0
249.8,23.546309,8.037418,18.107405,4.969231,0.0019341754,0.0144725125,23.570167038660323,8.030540822462,15.0
249.9,23.543013,8.038838,17.8003,4.969231,0.0019341754,0.0144725125,23.567471614751945,8.02854218704431,15.0
250.0,23.539724,8.04024,17.443235,4.7096376,0.0019373259,0.014281937,23.564783111288506,8.026543373238045,15.0
250.10000000000002,23.536144,8.04164,17.21893,4.7096376,0.0019373259,0.014281937,23.562101571285996,8.024544393535782,15.0
250.20000000000002,23.531057,8.038407,15.383504,4.8505445,0.003,-0.032050345,23.55942703764901,8.022545260431142,15.0
250.3,23.524244,8.035178,14.252107,4.8505445,0.003,-0.032050345,23.55675955317002,8.020545986418696,15.0
250.4,23.520706,8.031079,11.369247,2.7212927,0.003,-0.040977836,23.554099160528725,8.018546583993903,15.0
250.5,23.51549,8.026983,9.172968,2.7212927,0.003,-0.040977836,23.55144590229135,8.01654706565302,15.0
250.60000000000002,23.505848,8.021975,15.623736,5.0,0.0,-0.05,23.548799820909963,8.01454744389303,15.0
250.70000000000002,23.502586,8.016973,19.537321,5.0,0.0,-0.05,23.54616095872182,8.012547731211562,15.0
250.8,23.503204,8.011977,21.91286,5.0,0.0,-0.05,23.543529357948657,8.010547940106816,15.0
250.9,23.50619,8.006989,23.356041,5.0,0.0,-0.05,23.540905060696026,8.008548083077478,15.0
251.0,23.51012,8.012012,17.033728,0.1,0.003,0.05,23.53828810895263,8.00654817262265,15.0
251.10000000000002,23.513945,8.017035,10.774322,0.1,0.003,0.05,23.535678544589643,8.004548221241764,15.0
251.20000000000002,23.517672,8.020901,5.311168,0.1,0.0026529422,0.038431402,23.533076409360035,8.002548241434509,15.0
251.3,23.521313,8.024768,-0.09762129,0.1,0.0026529422,0.038431402,23.53048174489792,8.000548245700756,15.0
251.4,23.50294,8.019765,9.99933,5.0,0.0,-0.05,23.527894592717868,7.998548246540467,15.0
251.5,23.49454,8.014769,16.12336,5.0,0.0,-0.05,23.52531499421426,7.996548256453632,15.0
251.60000000000002,23.4909,8.009779,17.92254,5.0,0.0011464237,-0.05,23.522742990660618,7.994548287940183,15.0
251.70000000000002,23.489065,8.004796,19.014647,5.0,0.0011464237,-0.05,23.520178623208942,7.9925483534999175,15.0
251.8,23.48645,8.002545,16.889051,5.0,0.0028146424,-0.022719856,23.51762193288906,7.9905484656324175,15.0
251.9,23.48179,8.0002985,15.598705,5.0,0.0028146424,-0.022719856,23.515072960607963,7.988548636836978,15.0
252.0,23.479061,7.995436,19.466082,5.0,3.238895e-05,-0.04892037,23.51253174714915,7.98654887961252,15.0
252.10000000000002,23.480164,7.99058,21.8137,5.0,3.238895e-05,-0.04892037,23.509998333171986,7.98454920645752,15.0
252.20000000000002,23.484644,7.9942746,16.251812,0.1,0.002647646,0.0366708,23.507472759211034,7.98254962986993,15.0
252.3,23.489029,7.9979696,10.745277,0.1,0.002647646,0.0366708,23.50495506567543,7.980550162347097,15.0
252.4,23.493387,7.9929976,10.892897,0.1,0.0,-0.05,23.50244529284821,7.9785508163856855,15.0
252.5,23.497787,7.988026,11.039109,0.1,0.0,-0.05,23.499943480885694,7.976551604481602,15.0
252.60000000000002,23.50223,7.983055,11.183929,0.1,0.0,-0.05,23.497449669816813,7.974552539129913,15.0
252.70000000000002,23.50671,7.978084,11.327372,0.1,0.0,-0.05,23.494963899542498,7.972553632824773,15.0
252.8,23.511227,7.9731135,11.46945,0.1,0.0,-0.05,23.492486209835015,7.970554898059339,15.0
252.9,23.515776,7.9681435,11.610178,0.1,0.0,-0.05,23.490016640337345,7.968556347325695,15.0
253.0,23.520357,7.9631734,11.74957,0.1,0.0,-0.05,23.48755523056255,7.966557993114778,15.0
253.10000000000002,23.524967,7.9582033,11.887639,0.1,0.0,-0.05,23.485102019893137,7.964559847916295,15.0
253.20000000000002,23.522274,7.9598436,9.02152,2.3050451,0.003,0.015875394,23.482657047580417,7.962561924218647,15.0
253.3,23.51813,7.961483,6.744686,2.3050451,0.003,0.015875394,23.480220352743903,7.960564234508852,15.0
253.4,23.507048,7.9565635,14.166283,5.0,0.0,-0.05,23.477791974370657,7.958566791272462,15.0
253.5,23.50327,7.95165,18.668653,5.0,0.0,-0.05,23.475371951314678,7.956569606993492,15.0
253.60000000000002,23.500528,7.956594,16.385069,5.0,0.003,0.048572585,23.472960322296284,7.954572694154336,15.0
253.70000000000002,23.495571,7.961531,14.997096,5.0,0.003,0.048572585,23.470557125901493,7.952576065235695,15.0
253.8,23.489262,7.956611,14.1533165,5.0,0.003,-0.05,23.46816240058139,7.950579732716492,15.0
253.9,23.482117,7.9516973,13.64049,5.0,0.003,-0.05,23.46577618465154,7.948583709073798,15.0
254.0,23.474463,7.9469223,13.328267,5.0,0.003,-0.048671093,23.46339851629133,7.946588006782755,15.0
254.10000000000002,23.466492,7.942153,13.137633,5.0,0.003,-0.048671093,23.461029433543413,7.944592638316495,15.0
254.20000000000002,23.462309,7.9410295,11.066356,3.1778517,0.003,-0.0119785685,23.458668974313063,7.942597616146067,15.0
254.3,23.456709,7.9399066,9.558081,3.1778517,0.003,-0.0119785685,23.456317176367577,7.940602952740349,15.0
254.4,23.44841,7.9350123,15.8608265,5.0,0.0,-0.05,23.45397407733567,7.9386086605659845,15.0
254.5,23.446283,7.930124,19.684929,5.0,0.0,-0.05,23.451639714706875,7.936614752087292,15.0
254.60000000000002,23.447884,7.925241,22.006456,5.0,0.0,-0.05,23.44931412583095,7.934621239766191,15.0
254.70000000000002,23.451729,7.920364,23.417105,5.0,0.0,-0.05,23.44699734791726,7.93262813606213,15.0
254.8,23.456554,7.9246445,17.094301,0.1,0.003,0.042523015,23.44468941803421,7.930635453431998,15.0
254.9,23.461197,7.9289246,10.834419,0.1,0.003,0.042523015,23.44239037310862,7.928643204330058,15.0
255.0,23.465656,7.928718,4.6368465,0.1,0.003,-0.0023353219,23.440100249925166,7.926651401207858,15.0
255.10000000000002,23.46993,7.928511,-1.4990256,0.1,0.003,-0.0023353219,23.437819085125767,7.92466005651416,15.0
255.20000000000002,23.45053,7.9236283,9.156356,5.0,0.0,-0.05,23.435546915209017,7.922669182694865,15.0
255.3,23.441568,7.9187512,15.618976,5.0,0.0,-0.05,23.433283776529578,7.920678792192927,15.0
255.4,23.435526,7.922719,14.523733,5.0,0.003,0.038449094,23.43102970529763,7.918688897448279,15.0
255.5,23.428387,7.9266815,13.856264,5.0,0.003,0.038449094,23.428784737578255,7.916699510897757,15.0
255.60000000000002,23.420568,7.929653,13.448233,5.0,0.003,0.02858664,23.426548909290894,7.914710644975021,15.0
255.70000000000002,23.412323,7.9326205,13.197571,5.0,0.003,0.02858664,23.42432225620875,7.912722312110476,15.0
255.8,23.403805,7.9347563,13.042404,5.0,0.003,0.020306995,23.422104813958224,7.910734524731197,15.0
255.9,23.395103,7.936889,12.945207,5.0,0.003,0.020306995,23.41989661801835,7.908747295260847,15.0
256.0,23.386274,7.9383264,12.883228,5.0,0.003,0.013374228,23.41769770372021,7.906760636119605,15.0
256.1,23.37735,7.939761,12.842663,5.0,0.003,0.013374228,23.41550810624639,7.904774559724084,15.0
256.2,23.36835,7.9406157,12.81514,5.0,0.003,0.0075863176,23.4133278606304,7.902789078487254,15.0
256.3,23.359285,7.9414687,12.795573,5.0,0.003,0.0075863176,23.411157001756123,7.9008042048183675,15.0
256.40000000000003,23.351503,7.9411674,12.955727,4.538813,0.0026216942,-0.0038834282,23.408995564357255,7.898819951122877,15.0
256.5,23.343824,7.940866,13.055428,4.538813,0.0026216942,-0.0038834282,23.40684358301675,7.896836329802364,15.0
256.6,23.33995,7.9359455,17.04917,3.8700151,0.0,-0.05,23.404701092166263,7.894853353254453,15.0
256.7,23.33922,7.93103,19.761995,3.8700151,0.0,-0.05,23.402568126085605,7.892871033872742,15.0
256.8,23.340553,7.9261208,21.647005,3.9771433,0.0,-0.05,23.40044471890218,7.890889384046721,15.0
256.90000000000003,23.343369,7.9212165,22.915106,3.9771433,0.0,-0.05,23.398330904590463,7.888908416161694,15.0
257.0,23.346212,7.916285,20.561691,2.421009,0.0015431815,-0.05,23.39622671697144,7.8869281425987054,15.0
257.1,23.347734,7.911357,18.715279,2.421009,0.0015431815,-0.05,23.39413218971206,7.884948575734456,15.0
257.2,23.347525,7.9102864,15.082702,2.421009,0.0027,-0.011439384,23.392047356324724,7.882969727941236,15.0
257.3,23.345314,7.9092164,12.231118,2.421009,0.0027,-0.011439384,23.389972250166714,7.880991611586833,15.0
257.40000000000003,23.347538,7.904249,12.964469,0.5674097,0.0,-0.05,23.38790690443969,7.879014239034471,15.0
257.5,23.349817,7.899283,13.657624,0.5674097,0.0,-0.05,23.385851352189135,7.877037622642722,15.0
257.6,23.351843,7.8945622,10.224675,0.5710254,0.0019808412,-0.047552448,23.383805626303843,7.87506177476543,15.0
257.7,23.35335,7.889842,6.982495,0.5710254,0.0019808412,-0.047552448,23.381769759515386,7.87308670775164,15.0
257.8,23.34111,7.8850026,14.278693,5.0,0.0,-0.05,23.379743784397586,7.871112433945513,15.0
257.90000000000003,23.336,7.8801694,18.704584,5.0,0.0,-0.05,23.377727733366005,7.869138965686253,15.0
258.0,23.333649,7.885293,15.356441,3.5208056,0.003,0.05,23.375721638677415,7.867166315308034,15.0
258.1,23.328794,7.8904123,13.000057,3.5208056,0.003,0.05,23.373725532429287,7.86519449513991,15.0
258.2,23.33201,7.885436,13.124683,0.1,0.0,-0.05,23.371739446559282,7.863223517505754,15.0
258.3,23.335201,7.8804603,13.248123,0.1,0.0,-0.05,23.369763412844726,7.861253394724168,15.0
258.40000000000003,23.334517,7.879721,9.407468,1.3321012,0.0027,-0.008003642,23.36779746290212,7.8592841391084125,15.0
258.5,23.332611,7.878983,6.045745,1.3321012,0.0027,-0.008003642,23.365841628186622,7.85731576296633,15.0
258.6,23.319212,7.8741593,13.706546,5.0,0.0,-0.05,23.363895939991544,7.855348278600264,15.0
258.7,23.313322,7.8693423,18.353388,5.0,0.0,-0.05,23.36196042944786,7.853381698306987,15.0
258.8,23.308586,7.8730597,16.15701,5.0,0.003,0.035334356,23.360035127523687,7.851416034377617,15.0
258.90000000000003,23.301697,7.876773,14.821663,5.0,0.003,0.035334356,23.358120065023822,7.849451299097549,15.0
259.0,23.293507,7.8803163,14.008309,4.9999366,0.0029999614,0.033679713,23.356215272589225,7.847487504746372,15.0
259.1,23.28453,7.883856,13.5114,4.9999366,0.0029999614,0.033679713,23.354320780696533,7.845524663597793,15.0
259.2,23.275232,7.8871202,13.21023,4.9429936,0.0029650982,0.03098288,23.352436619657574,7.843562787919565,15.0
259.3,23.265661,7.890381,13.02292,4.9429936,0.0029650982,0.03098288,23.350562819618887,7.8416018899734015,15.0
259.40000000000003,23.25603,7.8934007,12.906564,4.9063954,0.0029426604,0.028620984,23.34869941056123,7.839641982014911,15.0
259.5,23.24631,7.896417,12.831784,4.9063954,0.0029426604,0.028620984,23.34684642229911,7.837683076293511,15.0
259.6,23.236547,7.8992558,12.782474,4.9063954,0.0029426604,0.026874743,23.3450038844803,7.835725185052356,15.0
259.7,23.226768,7.9020915,12.748774,4.9063954,0.0029426604,0.026874743,23.343171826585365,7.83376832052826,15.0
259.8,23.226309,7.8971577,14.593473,1.5706539,0.0,-0.05,23.34135027792719,7.831812494951618,15.0
259.90000000000003,23.226534,7.892226,16.170464,1.5706539,0.0,-0.05,23.33953926765052,7.829857720546336,15.0
260.0,23.227348,7.8872967,17.51895,1.5709367,0.0,-0.05,23.337738824731478,7.827904009529748,15.0
260.1,23.228672,7.8823695,18.671947,1.5709367,0.0,-0.05,23.33594897797711,7.825951374112537,15.0
260.2,23.230436,7.8774447,19.658075,1.5711921,0.0,-0.05,23.334169756024927,7.8239998264986745,15.0
260.3,23.232584,7.872522,20.501467,1.5711921,0.0,-0.05,23.332401187342445,7.822049378885322,15.0
260.40000000000003,23.234198,7.867658,21.90254,3.3186712,2.9406624e-18,-0.05,23.330643300226726,7.820100043462771,15.0
260.5,23.236824,7.8627987,22.909256,3.3186712,2.9406624e-18,-0.05,23.32889612280392,7.818151832414366,15.0
260.6,23.240267,7.858002,23.917324,5.0,0.0,-0.05,23.32715968302883,7.816204757916414,15.0
260.7,23.24472,7.8532114,24.531311,5.0,0.0,-0.05,23.325434008684464,7.814258832138128,15.0
260.8,23.2498,7.848427,24.906292,4.997918,0.0,-0.05,23.323719127381565,7.812314067241536,15.0
260.90000000000003,23.25527,7.8436484,25.136559,4.997918,0.0,-0.05,23.3220150665582,7.810370475381411,15.0
261.0,23.260292,7.842012,25.236645,3.2450886,0.0,-0.017931825,23.32032185347931,7.8084280687052,15.0
261.1,23.26542,7.840377,25.310326,3.2450886,0.0,-0.017931825,23.31863951523626,7.806486859352935,15.0
261.2,23.270634,7.838594,25.364695,3.227177,0.0,-0.019414276,23.316968078746434,7.80454685945717,15.0
261.3,23.275925,7.8368125,25.40545,3.227177,0.0,-0.019414276,23.315307570752775,7.802608081142896,15.0
261.40000000000003,23.282059,7.8320484,25.450064,5.0,0.0,-0.05,23.313658017823375,7.800670536527472,15.0
261.5,23.288265,7.8272905,25.480078,5.0,0.0,-0.05,23.31201944635105,7.798734237720548,15.0
261.6,23.293709,7.822535,24.316818,4.92555,0.0007059389,-0.05,23.310391882552906,7.796799196823981,15.0
261.7,23.298054,7.8177853,23.60824,4.92555,0.0007059389,-0.05,23.308775352469933,7.794865425931773,15.0
261.8,23.302189,7.8203955,21.419682,0.1,0.0010439674,0.025770832,23.30716988196657,7.792932937129986,15.0
261.90000000000003,23.30632,7.823005,19.252914,0.1,0.0010439674,0.025770832,23.305575496730317,7.791001742496666,15.0
262.0,23.310398,7.818038,12.9710655,0.1,0.003,-0.05,23.3039922222713,7.789071854101777,15.0
262.1,23.31437,7.8130703,6.751782,0.1,0.003,-0.05,23.30242008392188,7.7871432840071115,15.0
262.2,23.302471,7.8083344,14.145358,5.0,0.0,-0.05,23.30085910683624,7.78521604426623,15.0
262.3,23.297886,7.803604,18.630444,5.0,0.0,-0.05,23.29930931598997,7.783290146924371,15.0
262.40000000000003,23.294357,7.807473,16.336252,5.0,0.003,0.035991445,23.297770736179697,7.781365604018388,15.0
262.5,23.288637,7.811337,14.94187,5.0,0.003,0.035991445,23.296243392022664,7.7794424275766705,15.0
262.6,23.285002,7.806602,19.109118,5.0,0.0,-0.05,23.294727307956347,7.777520629619061,15.0
262.7,23.285496,7.8018727,21.638445,5.0,0.0,-0.05,23.293222508238056,7.775600222156793,15.0
262.8,23.288464,7.797145,23.078924,4.924101,4.646881e-05,-0.05,23.291729016944554,7.773681217192405,15.0
262.90000000000003,23.292854,7.792423,23.961807,4.924101,4.646881e-05,-0.05,23.29024685797167,7.7717636267196735,15.0
263.0,23.297514,7.7914677,17.633177,0.1,0.003,-0.009850416,23.28877605503392,7.769847462723533,15.0
263.1,23.302053,7.790512,11.367557,0.1,0.003,-0.009850416,23.287316631664115,7.76793273718,15.0
263.2,23.306353,7.7862926,5.2175093,0.13092183,0.003,-0.04250319,23.285868611213,7.7660194620561045,15.0
263.3,23.310486,7.782073,-0.8524711,0.13092183,0.003,-0.04250319,23.28443201684887,7.764107649309809,15.0
263.40000000000003,23.291533,7.7773714,9.53625,5.0,0.0,-0.05,23.28300687155721,7.762197310889937,15.0
263.5,23.282822,7.7726755,15.837123,5.0,0.0,-0.05,23.281593198140303,7.7602884587361,15.0
263.6,23.276932,7.7758603,14.643873,5.0,0.003,0.028803114,23.280191019216904,7.758381104778613,15.0
263.7,23.269909,7.779041,13.917159,5.0,0.003,0.028803114,23.27880035722184,7.756475260938437,15.0
263.8,23.262207,7.7813745,13.473379,5.0,0.003,0.020371815,23.277421234405672,7.754570939127086,15.0
263.90000000000003,23.254103,7.7837048,13.201214,5.0,0.003,0.020371815,23.27605367283434,7.752668151246566,15.0
264.0,23.24576,7.7853203,13.033182,5.0,0.003,0.013251369,23.274697694388802,7.750766909189297,15.0
264.1,23.237278,7.7869334,12.928359,5.0,0.003,0.013251369,23.273353320764677,7.748867224838033,15.0
264.2,23.228714,7.787945,12.861937,5.0,0.003,0.0072515467,23.27202057347192,7.746969110065798,15.0
264.3,23.220102,7.7889547,12.818861,5.0,0.003,0.0072515467,23.270699473834455,7.7450725767358,15.0
264.40000000000003,23.213076,7.788672,12.974583,4.4500904,0.002564076,-0.0053775976,23.26939004298985,7.743177636701367,15.0
264.5,23.206194,7.7883897,13.072584,4.4500904,0.002564076,-0.0053775976,23.268092301888977,7.74128430180587,15.0
264.6,23.20337,7.7836037,16.850029,3.6270874,0.0,-0.05,23.266806271295653,7.739392583882644,15.0
264.7,23.203402,7.778822,19.479115,3.6270874,0.0,-0.05,23.26553197178635,7.737502494754922,15.0
264.8,23.205416,7.778623,21.309412,3.6275334,0.0,-0.004192662,23.264269423749827,7.73561404623575,15.0
264.90000000000003,23.208807,7.7784243,22.583618,3.6275334,0.0,-0.004192662,23.263018647386833,7.733727250127931,15.0
265.0,23.213146,7.778057,23.471249,3.6279314,0.0,-0.0058800303,23.261779662709756,7.731842118223931,15.0
265.1,23.218138,7.77769,24.089985,3.6279314,0.0,-0.0058800303,23.260552489542324,7.729958662305819,15.0
265.2,23.223772,7.7729707,24.618427,4.653874,0.0,-0.05,23.25933714751929,7.72807689414519,15.0
265.3,23.229853,7.768257,24.953018,4.653874,0.0,-0.05,23.25813365608609,7.726196825503086,15.0
265.40000000000003,23.235653,7.763452,25.101187,2.9970012,0.0,-0.05,23.256942034498568,7.724318468129931,15.0
265.5,23.241507,7.758651,25.212868,2.9970012,0.0,-0.05,23.255762301822642,7.722441833765454,15.0
265.6,23.247995,7.753968,25.218729,4.87219,7.1526694e-05,-0.05,23.25459447693401,7.720566934138612,15.0
265.7,23.254435,7.7492905,25.225283,4.87219,7.1526694e-05,-0.05,23.253438578517848,7.718693780967522,15.0
265.8,23.259531,7.750298,23.26203,4.82111,0.0012391676,0.006855641,23.252294625068497,7.716822385959384,15.0
265.90000000000003,23.26271,7.7513046,22.050278,4.82111,0.0012391676,0.006855641,23.251162634889198,7.714952760810413,15.0
266.0,23.267263,7.7463317,15.740699,0.1,0.003,-0.05,23.250042626091766,7.71308491720576,15.0
266.1,23.271616,7.741359,9.493964,0.1,0.003,-0.05,23.248934616596316,7.711218866819439,15.0
266.2,23.262466,7.7367067,15.814011,5.0,0.0,-0.05,23.247838624130978,7.709354621314262,15.0
266.3,23.259476,7.7320604,19.6483,5.0,0.0,-0.05,23.246754666231606,7.707492192341753,15.0
266.40000000000003,23.260195,7.7274203,21.975695,5.0,0.0,-0.05,23.245682760241507,7.705631591542092,15.0
266.5,23.263138,7.7227864,23.389584,5.0,0.0,-0.05,23.24462292331115,7.7037728305440245,15.0
266.6,23.267445,7.717835,17.06685,0.1,0.003,-0.049810223,23.24357517239791,7.701915920964803,15.0
266.7,23.271542,7.712884,10.807092,0.1,0.003,-0.049810223,23.242539524265773,7.700060874410104,15.0
266.8,23.275433,7.717171,4.6096497,0.1,0.003,0.04256873,23.241515995485084,7.6982077024739635,15.0
266.90000000000003,23.279118,7.721459,-1.5261241,0.1,0.003,0.04256873,23.240504602432292,7.6963564167387,15.0
267.0,23.258678,7.716834,9.13229,5.0,0.0,-0.05,23.239505361289655,7.694507028774845,15.0
267.1,23.248667,7.7122154,15.596381,5.0,0.0,-0.05,23.238518288045015,7.692659550141064,15.0
267.2,23.241552,7.709824,14.502505,5.0,0.003,-0.027776247,23.23754339849152,7.690813992384096,15.0
267.3,23.23331,7.707436,13.837045,5.0,0.003,-0.027776247,23.236580708227386,7.688970367038667,15.0
267.40000000000003,23.224367,7.704949,13.431286,5.0,0.003,-0.028804405,23.23563023265563,7.6871286856274335,15.0
267.5,23.214975,7.702465,13.182956,5.0,0.003,-0.028804405,23.23469198698385,7.685288959660896,15.0
267.6,23.205294,7.699931,13.030048,5.0,0.003,-0.029337613,23.233765986223947,7.683451200637335,15.0
267.7,23.195415,7.697401,12.934978,5.0,0.003,-0.029337613,23.23285224519192,7.681615420042741,15.0
267.8,23.191404,7.693886,16.601936,3.439132,0.0,-0.038039807,23.231950778507606,7.679781629350734,15.0
267.90000000000003,23.190008,7.690374,19.201971,3.439132,0.0,-0.038039807,23.231061600594447,7.677949840022501,15.0
268.0,23.193514,7.6857667,12.920549,0.1,0.003,-0.046427403,23.23018472567928,7.676120063506722,15.0
268.1,23.196821,7.68116,6.701682,0.1,0.003,-0.046427403,23.229320167792075,7.674292311239489,15.0
268.2,23.183859,7.6765895,14.111222,5.0,0.0,-0.05,23.228467940765746,7.672466594644252,15.0
268.3,23.178139,7.672025,18.605629,5.0,0.0,-0.05,23.227628058235904,7.670642925131731,15.0
268.40000000000003,23.176016,7.674378,16.950874,3.6187842,0.0021085206,0.020284016,23.226800533640652,7.668821314099857,15.0
268.5,23.172611,7.6767287,15.797401,3.6187842,0.0021085206,0.020284016,23.22598538022037,7.667001772933692,15.0
268.6,23.166285,7.6791778,15.995588,4.8618784,0.0021085206,0.020284016,23.22518261101749,7.665184313005361,15.0
268.7,23.160133,7.681624,16.115147,4.8618784,0.0021085206,0.020284016,23.224392238876305,7.663368945673985,15.0
268.8,23.163364,7.676799,16.208765,0.1,0.0,-0.048622366,23.223614276442753,7.661555682285602,15.0
268.90000000000003,23.166573,7.671974,16.301504,0.1,0.0,-0.048622366,23.222848736164213,7.659744534173103,15.0
269.0,23.160517,7.6684413,15.033208,4.51,0.0027,-0.039340302,23.222095630289314,7.657935512656159,15.0
269.1,23.15329,7.664912,14.224068,4.51,0.0027,-0.039340302,23.221354970867736,7.656128629041145,15.0
269.2,23.145313,7.6623497,13.707107,4.51,0.0027,-0.029708955,23.220626769750016,7.654323894621082,15.0
269.3,23.136856,7.65979,13.376043,4.51,0.0027,-0.029708955,23.21991103858735,7.652521320675552,15.0
269.40000000000003,23.132797,7.657125,16.844099,3.3646798,0.0,-0.029811995,23.219207788831426,7.650720918470636,15.0
269.5,23.131207,7.6544623,19.321293,3.3646798,0.0,-0.029811995,23.218517031734226,7.6489226992588435,15.0
269.6,23.130331,7.6499257,21.757483,5.0,0.0,-0.05,23.217838778347843,7.647126674279037,15.0
269.7,23.131836,7.645395,23.236917,5.0,0.0,-0.05,23.217173039524322,7.6453328547563695,15.0
269.8,23.134636,7.6404757,17.795332,0.59,0.0027,-0.05,23.21651982591547,7.643541251902203,15.0
269.90000000000003,23.136662,7.635557,12.665784,0.59,0.0027,-0.05,23.215879147972686,7.641751876914052,15.0
270.0,23.138113,7.631389,8.196006,0.5530733,0.0024965263,-0.04246394,23.215251015946805,7.639964740975506,15.0
270.1,23.138975,7.6272216,3.9669077,0.5530733,0.0024965263,-0.04246394,23.21463543988793,7.638179855256155,15.0
270.2,23.122972,7.6227174,12.446975,5.0,0.0,-0.05,23.214032429645265,7.636397230911532,15.0
270.3,23.115324,7.6182184,17.590227,5.0,0.0,-0.05,23.213441994866955,7.6346168790830315,15.0
270.40000000000003,23.115467,7.6224604,19.234863,2.3230386,0.0,0.039949995,23.212864144999948,7.632838810897846,15.0
270.5,23.116493,7.6266994,20.53815,2.3230386,0.0,0.039949995,23.21229888928983,7.6310630374689,15.0
270.6,23.116682,7.631105,16.450134,2.3229806,0.0027,0.041642964,23.211746236780677,7.629289569894768,15.0
270.7,23.114788,7.6355076,13.208807,2.3229806,0.0027,0.041642964,23.211206196314922,7.627518419259617,15.0
270.8,23.106285,7.6400275,13.063948,4.4183617,0.0026415188,0.040949628,23.210678776533197,7.625749596633133,15.0
270.90000000000003,23.097708,7.644542,12.967549,4.4183617,0.0026415188,0.040949628,23.210163985874207,7.623983113070452,15.0
271.0,23.101025,7.6395755,13.092242,0.1,0.0,-0.05,23.209661832574596,7.622218979612089,15.0
271.1,23.104383,7.6346083,13.215749,0.1,0.0,-0.05,23.209172324668803,7.620457207283875,15.0
271.2,23.107786,7.629641,13.338081,0.1,0.0,-0.05,23.208695469988943,7.61869780709688,15.0
271.3,23.111233,7.6246734,13.459252,0.1,0.0,-0.05,23.208231276164682,7.61694079004735,15.0
271.40000000000003,23.114727,7.6253104,13.579256,0.1,0.0,0.006052038,23.20777975062311,7.615186167116634,15.0
271.5,23.118269,7.6259475,13.698089,0.1,0.0,0.006052038,23.20734090058863,7.613433949271121,15.0
271.6,23.121862,7.620979,13.815778,0.1,0.0,-0.05,23.20691473308283,7.611684147462167,15.0
271.7,23.125505,7.61601,13.932353,0.1,0.0,-0.05,23.20650125492438,7.609936772626028,15.0
271.8,23.1292,7.611041,14.047825,0.1,0.0,-0.05,23.206100472728924,7.608191835683789,15.0
271.90000000000003,23.132948,7.606072,14.162206,0.1,0.0,-0.05,23.205712392908968,7.606449347541302,15.0
272.0,23.136747,7.601103,14.275506,0.1,0.0,-0.05,23.20533702167378,7.604709319089113,15.0
272.1,23.1406,7.596133,14.387737,0.1,0.0,-0.05,23.204974365029294,7.602971761202392,15.0
272.2,23.144506,7.5912294,14.457192,0.1,1.9726353e-05,-0.049342457,23.204624428778008,7.601236684740872,15.0
272.3,23.148466,7.5863256,14.526015,0.1,1.9726353e-05,-0.049342457,23.20428721851889,7.5995041005487725,15.0
272.40000000000003,23.15248,7.5833516,14.635924,0.1,0.0,-0.030043723,23.203962739647302,7.597774019454741,15.0
272.5,23.156546,7.5803776,14.744787,0.1,0.0,-0.030043723,23.2036509973549,7.59604645227178,15.0
272.6,23.160583,7.578057,9.146926,0.10321013,0.0027,-0.023511775,23.203351996629547,7.5943214097971765,15.0
272.7,23.164526,7.575736,3.6065876,0.10321013,0.0027,-0.023511775,23.203065742255255,7.592598902812442,15.0
272.8,23.149076,7.5712886,12.248101,5.0,0.0,-0.05,23.202792238812087,7.590878942083238,15.0
272.90000000000003,23.142168,7.566847,17.489496,5.0,0.0,-0.05,23.202531490676087,7.589161538359313,15.0
273.0,23.141829,7.5678487,15.600873,2.5322952,0.0019693442,0.007084515,23.202283502019228,7.5874467023744385,15.0
273.1,23.14048,7.56885,14.134455,2.5322952,0.0019693442,0.007084515,23.202048276809318,7.58573444484633,15.0
273.2,23.132772,7.570102,13.560593,4.7532296,0.0028969345,0.0072086863,23.201825818809954,7.584024776476593,15.0
273.3,23.124575,7.571353,13.201173,4.7532296,0.0028969345,0.0072086863,23.20161613158046,7.582317707950648,15.0
273.40000000000003,23.123323,7.5697174,15.928653,2.4934506,0.0,-0.019232022,23.201419218475834,7.580613249937669,15.0
273.5,23.123613,7.568083,18.054377,2.4934506,0.0,-0.019232022,23.201235082646672,7.5789114130905135,15.0
273.6,23.12511,7.5665245,19.711365,2.493459,0.0,-0.018484285,23.20106372703915,7.577212208045655,15.0
273.7,23.127552,7.564967,21.003223,2.493459,0.0,-0.018484285,23.20090515439495,7.57551564542312,15.0
273.8,23.130733,7.563474,22.010668,2.4934669,0.0,-0.017851492,23.20075936725123,7.573821735826419,15.0
273.90000000000003,23.134495,7.5619826,22.796562,2.4934669,0.0,-0.017851492,23.200626367940586,7.572130489842482,15.0
274.0,23.138712,7.560547,23.409883,2.4934742,0.0,-0.01730597,23.200506158591,7.570441918041591,15.0
274.1,23.143288,7.559112,23.888775,2.4934742,0.0,-0.01730597,23.200398741125824,7.568756030977313,15.0
274.2,23.148144,7.5577264,24.262953,2.4934812,0.0,-0.01682646,23.200304117263727,7.567072839186438,15.0
274.3,23.15322,7.556342,24.555563,2.4934812,0.0,-0.01682646,23.200222288518695,7.565392353188909,15.0
274.40000000000003,23.158466,7.555002,24.784634,2.4934876,0.0,-0.016395796,23.20015325619999,7.563714583487758,15.0
274.5,23.163847,7.5536633,24.96421,2.4934876,0.0,-0.016395796,23.200097021412116,7.56203954056904,15.0
274.6,23.16931,7.552365,25.042496,2.4934936,3.335053e-05,-0.01600125,23.20005358505484,7.560367234901768,15.0
274.7,23.174818,7.551068,25.104584,2.4934936,3.335053e-05,-0.01600125,23.200022947823133,7.558697676937847,15.0
274.8,23.180265,7.549809,24.868212,2.4934993,0.00018530403,-0.015632749,23.200005110207197,7.557030877112007,15.0
274.90000000000003,23.185577,7.548551,24.685059,2.4934993,0.00018530403,-0.015632749,23.20000007249243,7.555366845841744,15.0
275.0,23.190693,7.5473294,24.271473,2.4935045,0.00032983793,-0.015283536,23.200007834759436,7.553705593527248,15.0
275.1,23.19557,7.5461087,23.950148,2.4935045,0.00032983793,-0.015283536,23.200028396884022,7.552047130551338,15.0
275.2,23.200172,7.544923,23.442278,2.4935093,0.00046720536,-0.014948439,23.20006175853719,7.550391467279406,15.0
275.3,23.204477,7.543738,23.04738,2.4935093,0.00046720536,-0.014948439,23.200107919185157,7.548738614059338,15.0
275.40000000000003,23.208466,7.542587,22.495047,2.4935136,0.00059767574,-0.01462364,23.20016687808935,7.547088581221463,15.0
275.5,23.212128,7.5414367,22.06539,2.4935136,0.00059767574,-0.01462364,23.200238634306434,7.545441379078483,15.0
275.6,23.216932,7.546475,15.756507,0.1,0.003,0.05,23.200323186688305,7.543797017925403,15.0
275.7,23.221558,7.5515137,9.510404,0.1,0.003,0.05,23.20042053388213,7.5421555080394755,15.0
275.8,23.212215,7.547105,15.853951,5.0,0.0,-0.05,23.200530674330356,7.540516859680133,15.0
275.90000000000003,23.209074,7.5427017,19.702394,5.0,0.0,-0.05,23.200653606270738,7.5388810830889215,15.0
276.0,23.209673,7.5383043,22.03828,5.0,0.0,-0.05,23.200789327736366,7.53724818848944,15.0
276.1,23.21252,7.5339127,23.457232,5.0,0.0,-0.05,23.2009378365557,7.535618186087273,15.0
276.2,23.216562,7.529969,24.05117,4.769743,0.00014097359,-0.045300882,23.201099130352603,7.533991086069933,15.0
276.3,23.221113,7.5260305,24.422049,4.769743,0.00014097359,-0.045300882,23.201273206546375,7.532366898606787,15.0
276.40000000000003,23.225847,7.5223947,24.479376,4.614826,0.0002358206,-0.042139314,23.201460062351806,7.530745633849002,15.0
276.5,23.230577,7.518763,24.51764,4.614826,0.0002358206,-0.042139314,23.201659694779202,7.5291273019294795,15.0
276.6,23.23521,7.51534,24.422483,4.508272,0.00030105788,-0.03996474,23.20187210063445,7.527511912962786,15.0
276.7,23.239698,7.511921,24.363829,4.508272,0.00030105788,-0.03996474,23.202097276519062,7.525899477045099,15.0
276.8,23.242994,7.513617,18.671824,1.6129247,0.003,0.014704102,23.20233521883023,7.524290004254136,15.0
276.90000000000003,23.244125,7.5153127,13.827765,1.6129247,0.003,0.014704102,23.202585923760875,7.522683504649099,15.0
277.0,23.235031,7.520081,13.473218,5.0,0.003,0.04136257,23.202849387299732,7.521079988270604,15.0
277.1,23.225563,7.524843,13.254218,5.0,0.003,0.04136257,23.203125605231385,7.519479465140623,15.0
277.2,23.216825,7.5259366,14.556172,5.0,0.0021395944,0.0047111306,23.203414573136353,7.517881945262422,15.0
277.3,23.20933,7.5270286,15.343542,5.0,0.0021395944,0.0047111306,23.20371628639116,7.516287438620492,15.0
277.40000000000003,23.204603,7.527238,15.749989,4.053824,0.001732859,-0.002987856,23.204030740168395,7.514695955180496,15.0
277.5,23.200169,7.5274467,16.019829,4.053824,0.001732859,-0.002987856,23.20435792943681,7.513107504889202,15.0
277.6,23.196806,7.527238,17.849546,4.05384,0.00078790437,-0.007161784,23.204697848961377,7.511522097674416,15.0
277.7,23.19492,7.527029,19.069025,4.05384,0.00078790437,-0.007161784,23.205050493303396,7.509939743444931,15.0
277.8,23.198727,7.522192,12.78994,0.1,0.003,-0.048766963,23.20541585682056,7.508360452090453,15.0
277.90000000000003,23.20233,7.517355,6.5733895,0.1,0.003,-0.048766963,23.205793933667067,7.506784233481548,15.0
278.0,23.18905,7.512988,14.07357,5.0,0.0,-0.05,23.20618471779369,7.505211097469581,15.0
278.1,23.183094,7.5086265,18.622849,5.0,0.0,-0.05,23.206588202947895,7.503641053886643,15.0
278.2,23.178167,7.5142636,16.366934,5.0,0.003,0.05,23.207004382673926,7.502074112545502,15.0
278.3,23.171001,7.5198936,14.99494,5.0,0.003,0.05,23.20743325031292,7.500510283239536,15.0
278.40000000000003,23.162466,7.5244055,14.158917,5.0,0.003,0.038887337,23.207874799002997,7.4989495757426745,15.0
278.5,23.15309,7.5289116,13.647917,5.0,0.003,0.038887337,23.208329021679393,7.497391999809334,15.0
278.6,23.15648,7.5239487,13.766944,0.1,0.0,-0.05,23.208795911074553,7.495837565174359,15.0
278.7,23.159838,7.5189853,13.884842,0.1,0.0,-0.05,23.209275459718256,7.494286281552959,15.0
278.8,23.163078,7.5145636,8.296038,0.10308588,0.0027,-0.044586632,23.209767659937736,7.4927381586406545,15.0
278.90000000000003,23.166142,7.5101414,2.7646012,0.10308588,0.0027,-0.044586632,23.210272503857798,7.4911932061132065,15.0
279.0,23.148733,7.50578,11.752825,5.0,0.0,-0.05,23.21078998340095,7.489651433626564,15.0
279.1,23.140131,7.501424,17.204042,5.0,0.0,-0.05,23.211320090287533,7.4881128508168,15.0
279.2,23.139383,7.5010247,19.224295,2.7474506,0.0,-0.0076453467,23.211862816035847,7.486577467300053,15.0
279.3,23.139824,7.5006256,20.759277,2.7474506,0.0,-0.0076453467,23.21241815196229,7.4850452926724635,15.0
279.40000000000003,23.137152,7.5006323,18.040674,4.774745,0.0027,-0.0061179698,23.2129860891815,7.483516336510118,15.0
279.5,23.131886,7.5006385,16.35248,4.774745,0.0027,-0.0061179698,23.21356661860649,7.481990608368989,15.0
279.6,23.125008,7.5007567,15.303106,4.774745,0.0027,-0.0049922755,23.214159730948808,7.48046811778487,15.0
279.7,23.117128,7.5008745,14.649777,4.774745,0.0027,-0.0049922755,23.214765416718663,7.478948874273326,15.0
279.8,23.108627,7.5010743,14.241979,4.774745,0.0027,-0.0041662357,23.215383666225105,7.47743288732962,15.0
279.90000000000003,23.099741,7.5012736,13.986394,4.774745,0.0027,-0.0041662357,23.216014469576145,7.475920166428667,15.0
280.0,23.090618,7.5015306,13.825172,4.774745,0.0027,-0.0035858713,23.216657816678946,7.474410721024968,15.0
280.1,23.08135,7.501787,13.722449,4.774745,0.0027,-0.0035858713,23.21731369723997,7.472904560552552,15.0
280.2,23.071997,7.5020814,13.655991,4.774745,0.0027,-0.003204819,23.21798210076514,7.471401694424918,15.0
280.3,23.062593,7.502375,13.612014,4.774745,0.0027,-0.003204819,23.21866301656002,7.469902132034971,15.0
280.40000000000003,23.053167,7.5026903,13.581974,4.774745,0.0027,-0.0029830474,23.21935643372996,7.468405882754974,15.0
280.5,23.043732,7.503005,13.560577,4.774745,0.0027,-0.0029830474,23.22006234118031,7.466912955936479,15.0
280.6,23.035067,7.5030518,13.858012,4.5601454,0.002395328,-0.0053959624,23.22078072761656,7.4654233609102745,15.0
280.7,23.0267,7.503098,14.044231,4.5601454,0.002395328,-0.0053959624,23.221511581544547,7.463937106986324,15.0
280.8,23.018532,7.5031466,14.165669,4.56015,0.0023920133,-0.005375313,23.22225489127062,7.46245420345371,15.0
280.90000000000003,23.010506,7.503195,14.240425,4.56015,0.0023920133,-0.005375313,23.22301064490184,7.460974659580574,15.0
281.0,23.002583,7.5032377,14.290132,4.5601463,0.0023893665,-0.0054277712,23.223778830346166,7.459498484614063,15.0
281.1,22.994738,7.503281,14.319471,4.5601463,0.0023893665,-0.0054277712,23.22455943531265,7.458025687780261,15.0
281.2,22.98696,7.5033135,14.339429,4.5601463,0.00238731,-0.005535371,23.225352447311625,7.456556278284149,15.0
281.3,22.979239,7.503346,14.349947,4.5601463,0.00238731,-0.005535371,23.226157853654918,7.455090265309526,15.0
281.40000000000003,22.971563,7.503364,14.346182,4.5601463,0.002392184,-0.0056825965,23.226975641456043,7.453627658018972,15.0
281.5,22.963928,7.503382,14.341689,4.5601463,0.002392184,-0.0056825965,23.22780579763041,7.452168465553777,15.0
281.6,22.958897,7.5032477,13.156574,3.3111377,0.002390116,-0.0056600617,23.228648308895547,7.450712697033889,15.0
281.7,22.953074,7.5031137,12.304344,3.3111377,0.002390116,-0.0056600617,23.229503161771284,7.449260361557856,15.0
281.8,22.94669,7.5029516,11.677305,3.311131,0.0023977028,-0.005945055,23.230370342579995,7.447811468202771,15.0
281.90000000000003,22.93991,7.50279,11.225625,3.311131,0.0023977028,-0.005945055,23.231249837446807,7.4463660260242115,15.0
282.0,22.943407,7.497824,11.36732,0.1,0.0,-0.05,23.232141632299818,7.444924044056188,15.0
282.1,22.94695,7.492859,11.507661,0.1,0.0,-0.05,23.233045712870332,7.443485531311082,15.0
282.2,22.950544,7.487894,11.646662,0.1,0.0,-0.05,23.233962064693078,7.442050496779595,15.0
282.3,22.95419,7.4829297,11.784336,0.1,0.0,-0.05,23.23489067310645,7.440618949430685,15.0
282.40000000000003,22.957886,7.477966,11.920697,0.1,0.0,-0.05,23.235831523252727,7.43919089821152,15.0
282.5,22.961634,7.4730024,12.055759,0.1,0.0,-0.05,23.23678460007833,7.437766352047418,15.0
282.6,22.965435,7.4680395,12.189535,0.1,0.0,-0.05,23.237749888334047,7.436345319841783,15.0
282.7,22.969288,7.463077,12.322038,0.1,0.0,-0.05,23.238727372575294,7.434927810476066,15.0
282.8,22.973194,7.4614816,12.453271,0.1,0.0,-0.0163364,23.239717037162336,7.433513832809693,15.0
282.90000000000003,22.977154,7.4598866,12.583237,0.1,0.0,-0.0163364,23.24071886626057,7.43210339568002,15.0
283.0,22.981165,7.4549255,12.711959,0.1,0.0,-0.05,23.24173284384074,7.430696507902278,15.0
283.1,22.985228,7.449965,12.83946,0.1,0.0,-0.05,23.242758953679232,7.429293178269506,15.0
283.2,22.989342,7.4451733,12.965753,0.1,0.0,-0.04831674,23.243797179358314,7.427893415552513,15.0
283.3,22.993507,7.440382,13.090848,0.1,0.0,-0.04831674,23.244847504266392,7.4264972284998105,15.0
283.40000000000003,22.997723,7.4369445,13.214754,0.1,0.0,-0.034783963,23.245909911598293,7.425104625837563,15.0
283.5,23.001986,7.4335074,13.33748,0.1,0.0,-0.034783963,23.246984384355518,7.423715616269533,15.0
283.6,23.006296,7.4319663,13.459031,0.1,0.0,-0.015826564,23.24807090534653,7.422330208477025,15.0
283.7,23.01065,7.4304256,13.579414,0.1,0.0,-0.015826564,23.24916945718702,7.420948411118833,15.0
283.8,23.01505,7.4301157,13.698638,0.1,0.0,-0.003519825,23.250280022300174,7.419570232831187,15.0
283.90000000000003,23.019493,7.429806,13.81671,0.1,0.0,-0.003519825,23.251402582916977,7.418195682227696,15.0
284.0,23.023975,7.424849,13.933657,0.1,0.0,-0.05,23.252537121076482,7.416824767899299,15.0
284.1,23.028496,7.4198923,14.049502,0.1,0.0,-0.05,23.253683618626106,7.415457498414202,15.0
284.2,23.03305,7.4178104,14.16425,0.1,0.0,-0.021252343,23.254842057221907,7.414093882317839,15.0
284.3,23.03764,7.4157286,14.277904,0.1,0.0,-0.021252343,23.2560124183289,7.412733928132803,15.0
284.40000000000003,23.042261,7.4111443,14.39048,0.1,0.0,-0.04627858,23.25719468322133,7.411377644358804,15.0
284.5,23.046911,7.4065604,14.501998,0.1,0.0,-0.04627858,23.258388832982977,7.410025039472614,15.0
284.6,23.051586,7.4099326,14.612445,0.1,0.0,0.03328107,23.259594848507476,7.408676121928004,15.0
284.7,23.056286,7.413305,14.7218075,0.1,0.0,0.03328107,23.260812710498605,7.40733090015571,15.0
284.8,23.061007,7.4106503,14.830115,0.1,0.0,-0.02698495,23.262042399470594,7.405989382563358,15.0
284.90000000000003,23.065744,7.4079957,14.937396,0.1,0.0,-0.02698495,23.26328389574845,7.404651577535432,15.0
285.0,23.070498,7.4122353,15.04364,0.1,0.0,0.04195646,23.26453717946826,7.40331749343321,15.0
285.1,23.075264,7.4164743,15.148837,0.1,0.0,0.04195646,23.265802230577506,7.40198713859471,15.0
285.2,23.08004,7.417372,15.253008,0.1,0.0,0.008545314,23.2670790288354,7.400660521334649,15.0
285.3,23.084822,7.41827,15.356173,0.1,0.0,0.008545314,23.2683675538132,7.399337649944377,15.0
285.40000000000003,23.089607,7.418812,15.458342,0.1,0.0,0.004984056,23.269667784894526,7.398018532691837,15.0
285.5,23.094393,7.419353,15.559527,0.1,0.0,0.004984056,23.270979701275714,7.39670317782151,15.0
285.6,23.09909,7.420358,15.69811,0.13855952,0.0,0.009571451,23.27230328196613,7.395391593554357,15.0
285.7,23.103785,7.4213634,15.8348255,0.13855952,0.0,0.009571451,23.27363850578851,7.394083788087776,15.0
285.8,23.10324,7.4211874,18.372604,2.997257,0.0,-0.0063726725,23.274985351379307,7.392779769595546,15.0
285.90000000000003,23.104322,7.421011,20.253298,2.997257,0.0,-0.0063726725,23.27634379718901,7.391479546227781,15.0
286.0,23.105452,7.4190564,18.719679,2.9972572,0.0015943227,-0.024161901,23.27771382148252,7.3901831261108715,15.0
286.1,23.105564,7.417103,17.58362,2.9972572,0.0015943227,-0.024161901,23.27909540233948,7.388890517347438,15.0
286.2,23.104916,7.41515,16.741999,2.9972572,0.0015943227,-0.024161885,23.28048851765462,7.387601728016281,15.0
286.3,23.103695,7.413199,16.118439,2.9972572,0.0015943227,-0.024161885,23.281893145138127,7.386316766172331,15.0
286.40000000000003,23.102161,7.415218,15.6648035,2.9447348,0.0015654203,0.015621021,23.283309262315996,7.385035639846595,15.0
286.5,23.100313,7.417235,15.326237,2.9447348,0.0015654203,0.015621021,23.28473684653038,7.3837583570461085,15.0
286.6,23.098375,7.4187365,15.080361,2.8805413,0.0015300962,0.010579725,23.286175874939957,7.382484925753883,15.0
286.7,23.096252,7.4202366,14.8954115,2.8805413,0.0015300962,0.010579725,23.287626324520307,7.381215353928863,15.0
286.8,23.097433,7.4181943,14.873043,1.4685326,0.0007530859,-0.022791736,23.289088172064268,7.379949649505866,15.0
286.90000000000003,23.098564,7.4161525,14.854015,1.4685326,0.0007530859,-0.022791736,23.29056139418231,7.378687820395541,15.0
287.0,23.102972,7.41119,14.961311,0.1,0.0,-0.05,23.292045967302908,7.377429874484316,15.0
287.1,23.10734,7.4062276,15.067602,0.1,0.0,-0.05,23.29354186767293,7.37617581963435,15.0
287.2,23.111666,7.4015355,15.172896,0.1,0.0,-0.04729267,23.295049071357994,7.37492566368348,15.0
287.3,23.11595,7.3968434,15.277204,0.1,0.0,-0.04729267,23.29656755424288,7.373679414445176,15.0
287.40000000000003,23.12019,7.3981485,15.380515,0.1,0.0,0.012685503,23.298097292031894,7.372437079708494,15.0
287.5,23.124384,7.3994536,15.482821,0.1,0.0,0.012685503,23.299638260249257,7.371198667238022,15.0
287.6,23.128532,7.39449,15.584152,0.1,0.0,-0.05,23.30119043423952,7.36996418477383,15.0
287.7,23.132633,7.389526,15.684535,0.1,0.0,-0.05,23.30275378916792,7.368733640031436,15.0
287.8,23.136686,7.386724,15.783973,0.1,0.0,-0.028377306,23.304328300020824,7.367507040701734,15.0
287.90000000000003,23.140692,7.383922,15.882468,0.1,0.0,-0.028377306,23.305913941606086,7.366284394450969,15.0
288.0,23.14465,7.383517,15.980022,0.1,0.0,-0.004407012,23.307510688553474,7.365065708920677,15.0
288.1,23.14856,7.3831115,16.076637,0.1,0.0,-0.004407012,23.309118515315074,7.363850991727637,15.0
288.2,23.15234,7.384085,11.796342,0.10996616,0.0020747,0.00936838,23.31073739616569,7.362640250463828,15.0
288.3,23.155952,7.3850584,7.562882,0.10996616,0.0020747,0.00936838,23.31236730520326,7.361433492696379,15.0
288.40000000000003,23.143358,7.3808494,14.691604,5.0,0.0,-0.05,23.31400821634928,7.360230725967521,15.0
288.5,23.13772,7.3766456,19.015593,5.0,0.0,-0.05,23.315660103349202,7.359031957794544,15.0
288.6,23.141459,7.3798456,19.08249,0.100770794,0.0,0.031651072,23.317322939772872,7.3578371956697435,15.0
288.7,23.145151,7.3830457,19.148727,0.100770794,0.0,0.031651072,23.318996699014942,7.356646447060381,15.0
288.8,23.1488,7.385119,19.214275,0.10071589,0.0,0.020382464,23.3206813542953,7.355459719408629,15.0
288.90000000000003,23.152407,7.3871922,19.279182,0.10071589,0.0,0.020382464,23.322376878659497,7.354277020131533,15.0
289.0,23.155972,7.388272,19.34342,0.10066117,0.0,0.010446691,23.324083244979178,7.35309835662096,15.0
289.1,23.159498,7.389352,19.407036,0.10066117,0.0,0.010446691,23.325800425952522,7.351923736243551,15.0
289.2,23.162987,7.3895574,19.470003,0.10060734,0.0,0.0017019181,23.327528394104668,7.350753166340681,15.0
289.3,23.16644,7.389763,19.532364,0.10060734,0.0,0.0017019181,23.32926712178816,7.349586654228408,15.0
289.40000000000003,23.168623,7.388435,20.19182,1.1303886,0.0,-0.015210623,23.3310165811834,7.348424207197429,15.0
289.5,23.17095,7.3871074,20.781057,1.1303886,0.0,-0.015210623,23.33277674429906,7.347265832513035,15.0
289.6,23.17304,7.3843513,21.495502,1.5667834,0.0,-0.030175949,23.334547582972583,7.346111537415061,15.0
289.7,23.175358,7.3815966,22.10682,1.5667834,0.0,-0.030175949,23.336329068870583,7.344961329117852,15.0
289.8,23.177332,7.3786135,22.954912,2.6802106,0.0,-0.0342006,23.33812117348932,7.343815214810202,15.0
289.90000000000003,23.179775,7.375633,23.604435,2.6802106,0.0,-0.0342006,23.339923868155164,7.342673201655323,15.0
290.0,23.182314,7.3804326,24.435884,5.0,0.0,0.04000357,23.341737124025034,7.341535296790796,15.0
290.1,23.185663,7.3852267,24.940142,5.0,0.0,0.04000357,23.343560912086875,7.340401507328519,15.0
290.2,23.189507,7.3909373,25.245935,5.0,0.0,0.04922779,23.345395203160123,7.339271840354675,15.0
290.3,23.193651,7.3966413,25.43132,5.0,0.0,0.04922779,23.34723996789615,7.338146302929677,15.0
290.40000000000003,23.197971,7.395843,25.544548,5.0,0.0,-0.015764207,23.34909517677877,7.337024902088131,15.0
290.5,23.20239,7.395046,25.61473,5.0,0.0,-0.015764207,23.350960800124675,7.33590764483879,15.0
290.6,23.206867,7.392064,25.659098,5.0,0.0,-0.03764592,23.35283680808393,7.334794538164506,15.0
290.7,23.211374,7.3890862,25.688047,5.0,0.0,-0.03764592,23.354723170640447,7.333685589022194,15.0
290.8,23.2159,7.386112,25.707647,5.0,0.0,-0.03764592,23.356619857612472,7.332580804342781,15.0
290.90000000000003,23.220438,7.3831425,25.721579,5.0,0.0,-0.03764592,23.35852683865305,7.331480191031169,15.0
291.0,23.224995,7.38669,25.731237,5.0,0.0,0.027528148,23.360444083250524,7.330383755966186,15.0
291.1,23.22958,7.3902335,25.73761,5.0,0.0,0.027528148,23.36237156072902,7.329291506000549,15.0
291.2,23.234194,7.393755,25.742,5.0,0.0,0.027348328,23.364309240248943,7.328203447960816,15.0
291.3,23.238836,7.3972726,25.7452,5.0,0.0,0.027348328,23.366257090807462,7.327119588647347,15.0
291.40000000000003,23.243507,7.400786,25.747684,5.0,0.0,0.027348328,23.368215081239008,7.326039934834257,15.0
291.5,23.24821,7.404295,25.749748,5.0,0.0,0.027348328,23.370183180215776,7.324964493269382,15.0
291.6,23.25293,7.403059,25.75215,4.949668,0.0,-0.020017913,23.372161356248224,7.323893270674226,15.0
291.7,23.257671,7.401825,25.75529,4.949668,0.0,-0.020017913,23.374149577685575,7.322826273743927,15.0
291.8,23.262457,7.404351,25.75843,4.995301,0.0,0.017525492,23.376147812716336,7.321763509147214,15.0
291.90000000000003,23.26728,7.4068747,25.761158,4.995301,0.0,0.017525492,23.378156029368782,7.32070498352636,15.0
292.0,23.272137,7.4026475,25.764513,5.0,0.0,-0.05,23.380174195511493,7.319650703497148,15.0
292.1,23.277018,7.3984256,25.768982,5.0,0.0,-0.05,23.382202278853853,7.318600675648824,15.0
292.2,23.281925,7.3942094,25.774134,5.0,0.0,-0.05,23.38424024694657,7.317554906544061,15.0
292.3,23.286863,7.3899984,25.779705,5.0,0.0,-0.05,23.386288067182203,7.3165134027189085,15.0
292.40000000000003,23.291834,7.3857927,25.78554,5.0,0.0,-0.05,23.38834570679567,7.315476170682764,15.0
292.5,23.296837,7.3815923,25.791544,5.0,0.0,-0.05,23.390413132864776,7.314443216918326,15.0
292.6,23.301876,7.377397,25.797659,5.0,0.0,-0.05,23.392490312310752,7.31341454788155,15.0
292.7,23.306952,7.373207,25.80385,5.0,0.0,-0.05,23.39457721189877,7.312390170001615,15.0
292.8,23.312077,7.378017,25.808947,5.0,0.0,0.04,23.39667379823848,7.311370089680879,15.0
292.90000000000003,23.317266,7.3828206,25.812426,5.0,0.0,0.04,23.398780037784555,7.31035431329484,15.0
293.0,23.322506,7.3795233,25.81598,5.0,0.0,-0.041,23.40089589683719,7.309342847192099,15.0
293.1,23.327785,7.37623,25.820467,5.0,0.0,-0.041,23.4030213415427,7.308335697694314,15.0
293.2,23.333105,7.37294,25.82553,5.0,0.0,-0.041,23.40515633789401,7.307332871096168,15.0
293.3,23.338465,7.369654,25.830952,5.0,0.0,-0.041,23.407300851731225,7.306334373665322,15.0
293.40000000000003,23.343866,7.366372,25.836605,5.0,0.0,-0.041,23.409454848742165,7.305340211642383,15.0
293.5,23.349308,7.3630943,25.842407,5.0,0.0,-0.041,23.411618294462926,7.30435039124086,15.0
293.6,23.354792,7.3598204,25.848312,5.0,0.0,-0.041,23.413791154278428,7.303364918647127,15.0
293.7,23.360315,7.35655,25.854292,5.0,0.0,-0.041,23.415973393422952,7.302383800020385,15.0
293.8,23.36588,7.3532834,25.860327,5.0,0.0,-0.041,23.418164976980723,7.301407041492621,15.0
293.90000000000003,23.37148,7.3500204,25.866405,5.0,0.0,-0.041,23.42036586988645,7.300434649168575,15.0
294.0,23.37712,7.346761,25.87252,5.0,0.0,-0.041,23.422576036925893,7.2994666291256936,15.0
294.1,23.382793,7.343506,25.878668,5.0,0.0,-0.041,23.424795442736425,7.2985029874141,15.0
294.2,23.3885,7.3393545,25.88496,5.0,0.0,-0.05,23.427024051807603,7.297543730056552,15.0
294.3,23.394238,7.335208,25.891445,5.0,0.0,-0.05,23.42926182848173,7.296588863048404,15.0
294.40000000000003,23.400007,7.333387,25.897757,5.0,0.0,-0.026780106,23.431508736954427,7.2956383923575725,15.0
294.5,23.40581,7.331568,25.903723,5.0,0.0,-0.026780106,23.433764741275205,7.294692323924496,15.0
294.6,23.411644,7.3306518,25.909372,5.0,0.0,-0.017760994,23.43602980534804,7.293750663662098,15.0
294.7,23.41751,7.3297367,25.914743,5.0,0.0,-0.017760994,23.43830389293196,7.292813417455754,15.0
294.8,23.423405,7.3295617,25.919857,5.0,0.0,-0.01036143,23.440586967641607,7.291880591163249,15.0
294.90000000000003,23.429327,7.3293867,25.924744,5.0,0.0,-0.01036143,23.442878992947843,7.290952190614743,15.0
295.0,23.435274,7.329014,25.929527,5.0,0.0,-0.012341133,23.445179932178302,7.29002822161274,15.0
295.1,23.441242,7.328641,25.934275,5.0,0.0,-0.012341133,23.447489748518013,7.289108689932038,15.0
295.2,23.447226,7.3255954,25.939348,5.0,0.0,-0.039085627,23.449808405009957,7.288193601319712,15.0
295.3,23.453217,7.322553,25.94491,5.0,0.0,-0.039085627,23.452135864555686,7.28728296149506,15.0
295.40000000000003,23.459213,7.3194165,25.950783,5.0,0.0,-0.040068597,23.454472089915896,7.286376776149578,15.0
295.5,23.465212,7.316283,25.956856,5.0,0.0,-0.040068597,23.456817043711027,7.285475050946923,15.0
295.6,23.47056,7.311828,25.95927,1.6678647,0.0,-0.047618162,23.45917068842187,7.284577791522873,15.0
295.7,23.475908,7.3073745,25.962341,1.6678647,0.0,-0.047618162,23.46153298639016,7.283685003485298,15.0
295.8,23.481255,7.3043003,25.965902,1.6679083,0.0,-0.033839382,23.463903899819186,7.282796692414118,15.0
295.90000000000003,23.486597,7.301227,25.969814,1.6679083,0.0,-0.033839382,23.466283390774375,7.281912863861276,15.0
296.0,23.491934,7.298304,25.974016,1.6679523,0.0,-0.032347877,23.468671421183924,7.281033523350699,15.0
296.1,23.497261,7.295382,25.978456,1.6679523,0.0,-0.032347877,23.4710679528394,7.280158676378258,15.0
296.2,23.502575,7.292577,25.983091,1.667996,0.0,-0.031193629,23.473472947396345,7.279288328411749,15.0
296.3,23.507874,7.2897725,25.987885,1.667996,0.0,-0.031193629,23.475886366374905,7.27842248489084,15.0
296.40000000000003,23.513153,7.2870555,25.992805,1.6680393,0.0,-0.030333802,23.478308171160418,7.277561151227052,15.0
296.5,23.518412,7.2843394,25.997828,1.6680393,0.0,-0.030333802,23.48073832300406,7.276704332803717,15.0
296.6,23.523926,7.281965,26.007168,3.2907953,0.0,-0.02983823,23.48317678302346,7.275852034975947,15.0
296.7,23.529415,7.279592,26.015446,3.2907953,0.0,-0.02983823,23.485623512203308,7.275004263070603,15.0
296.8,23.534927,7.2767916,26.023592,3.6010268,0.0,-0.034699075,23.488078471395983,7.274161022386252,15.0
296.90000000000003,23.540405,7.273994,26.031029,3.6010268,0.0,-0.034699075,23.490541621322198,7.27332231819315,15.0
297.0,23.545847,7.2713833,26.037945,3.6010268,0.0,-0.032854654,23.4930129225716,7.2724881557331935,15.0
297.1,23.55125,7.268775,26.044472,3.6010268,0.0,-0.032854654,23.495492335603426,7.271658540219896,15.0
297.2,23.556612,7.2663293,26.050703,3.6010268,0.0,-0.0312518,23.497979820747123,7.270833476838351,15.0
297.3,23.56193,7.263886,26.056705,3.6010268,0.0,-0.0312518,23.500475338202975,7.270012970745201,15.0
297.40000000000003,23.567202,7.261584,26.062523,3.6010268,0.0,-0.029867847,23.502978848042762,7.269197027068609,15.0
297.5,23.572426,7.259284,26.068188,3.6010268,0.0,-0.029867847,23.505490310210373,7.268385650908218,15.0
297.6,23.577602,7.2571015,26.073725,3.6010268,0.0,-0.028715456,23.508009684522474,7.267578847335128,15.0
297.7,23.582727,7.2549214,26.079151,3.6010268,0.0,-0.028715456,23.510536930669126,7.266776621391858,15.0
297.8,23.587801,7.252825,26.08448,3.6010268,0.0,-0.027902767,23.513072008214447,7.265978978092317,15.0
297.90000000000003,23.592821,7.2507305,26.089724,3.6010268,0.0,-0.027902767,23.515614876597247,7.265185922421773,15.0
298.0,23.597788,7.248714,26.094885,3.6010268,0.0,-0.027146416,23.518165495131687,7.2643974593368235,15.0
298.1,23.6027,7.2467,26.099972,3.6010268,0.0,-0.027146416,23.520723823007927,7.263613593765357,15.0
298.2,23.607557,7.2463684,26.104832,3.6010268,0.0,-0.010330519,23.523289819292774,7.262834330606534,15.0
298.3,23.612364,7.246038,26.109377,3.6010268,0.0,-0.010330519,23.525863442930344,7.262059674730744,15.0
298.40000000000003,23.617117,7.245708,26.113691,3.6010268,0.0,-0.010330519,23.528444652742714,7.261289630979585,15.0
298.5,23.621817,7.2453785,26.117832,3.6010268,0.0,-0.010330519,23.531033407430574,7.2605242041658276,15.0
298.6,23.626465,7.24505,26.12184,3.6010268,0.0,-0.010330519,23.533629665573915,7.259763399073387,15.0
298.7,23.63106,7.244722,26.125744,3.6010268,0.0,-0.010330519,23.536233385632656,7.259007220457293,15.0
298.8,23.635601,7.244395,26.129562,3.6010268,0.0,-0.010330519,23.538844525947333,7.258255673043658,15.0
298.90000000000003,23.64009,7.244068,26.133308,3.6010268,0.0,-0.010330519,23.541463044739757,7.257508761529652,15.0
299.0,23.644531,7.243742,26.136993,3.6010268,0.0,-0.010330519,23.544088900113685,7.256766490583471,15.0
299.1,23.648922,7.243417,26.140625,3.6010268,0.0,-0.010330519,23.546722050055482,7.256028864844303,15.0
299.2,23.653263,7.243092,26.144207,3.6010268,0.0,-0.010330519,23.54936245243481,7.255295888922309,15.0
299.3,23.657557,7.242768,26.147743,3.6010268,0.0,-0.010330519,23.552010065005287,7.254567567398585,15.0
299.40000000000003,23.661804,7.2424445,26.151237,3.6010268,0.0,-0.010330519,23.554664845405163,7.253843904825137,15.0
299.5,23.666008,7.2421217,26.154692,3.6010268,0.0,-0.010330519,23.557326751158016,7.253124905724857,15.0
299.6,23.67017,7.2417994,26.158108,3.6010268,0.0,-0.010330519,23.559995739673404,7.252410574591483,15.0
299.7,23.674292,7.2414775,26.16149,3.6010268,0.0,-0.010330519,23.562671768247572,7.251700915889585,15.0
299.8,23.677744,7.2399874,24.75486,2.717288,0.00075726816,-0.020343998,23.565354794064117,7.250995934054527,15.0
299.90000000000003,23.68032,7.2384987,23.68365,2.717288,0.00075726816,-0.020343998,23.568044774194686,7.250295633492442,15.0
300.0,23.68368,7.2435465,17.363962,0.1,0.003,0.05,23.5,7.6,15.0
300.1,23.686853,7.2485943,11.107151,0.1,0.003,0.05,23.5,7.6,15.0
300.2,23.689844,7.253642,4.912589,0.1,0.003,0.05,23.5,7.6,15.0
300.3,23.692657,7.25869,-1.2203445,0.1,0.003,0.05,23.5,7.6,15.0
300.40000000000003,23.669905,7.254648,9.548525,5.0,0.0,-0.05,23.5,7.6,15.0
300.5,23.657724,7.250612,16.078842,5.0,0.0,-0.05,23.5,7.6,15.0
300.6,23.648558,7.256574,15.023397,5.0,0.003,0.05,23.5,7.6,15.0
300.7,23.638369,7.262529,14.378697,5.0,0.003,0.05,23.5,7.6,15.0
300.8,23.627565,7.268476,13.982996,5.0,0.003,0.05,23.5,7.6,15.0
300.90000000000003,23.616396,7.2744155,13.738244,5.0,0.003,0.05,23.5,7.6,15.0
301.0,23.605013,7.2803473,13.585004,5.0,0.003,0.05,23.5,7.6,15.0
301.1,23.593508,7.2862716,13.487246,5.0,0.003,0.05,23.5,7.6,15.0
301.2,23.58194,7.292188,13.423127,5.0,0.003,0.05,23.5,7.6,15.0
301.3,23.570345,7.298097,13.379411,5.0,0.003,0.05,23.5,7.6,15.0
301.40000000000003,23.558746,7.3039985,13.34807,5.0,0.003,0.05,23.5,7.6,15.0
301.5,23.547157,7.309892,13.324244,5.0,0.003,0.05,23.5,7.6,15.0
301.6,23.535591,7.3157783,13.304982,5.0,0.003,0.05,23.5,7.6,15.0
301.7,23.524054,7.3216567,13.288501,5.0,0.003,0.05,23.5,7.6,15.0
301.8,23.519045,7.327108,10.477571,2.5138588,0.003,0.05,23.5,7.6,15.0
301.90000000000003,23.512508,7.3325553,8.289725,2.5138588,0.003,0.05,23.5,7.6,15.0
302.0,23.499577,7.328418,15.250116,5.0,0.0,-0.05,23.5,7.6,15.0
302.1,23.493513,7.3242855,19.471834,5.0,0.0,-0.05,23.5,7.6,15.0
302.2,23.496807,7.3293276,13.192148,0.1,0.003,0.05,23.5,7.6,15.0
302.3,23.499979,7.334369,6.9749403,0.1,0.003,0.05,23.5,7.6,15.0
302.40000000000003,23.485905,7.330228,14.44802,5.0,0.0,-0.05,23.5,7.6,15.0
302.5,23.479214,7.326092,18.980576,5.0,0.0,-0.05,23.5,7.6,15.0
302.6,23.482645,7.331132,12.705661,0.1,0.003,0.05,23.5,7.6,15.0
302.7,23.485962,7.3361716,6.493178,0.1,0.003,0.05,23.5,7.6,15.0
302.8,23.4716,7.332027,14.15109,5.0,0.0,-0.05,23.5,7.6,15.0
302.90000000000003,23.46481,7.327887,18.795744,5.0,0.0,-0.05,23.5,7.6,15.0
303.0,23.468414,7.332926,12.522551,0.1,0.003,0.05,23.5,7.6,15.0
303.1,23.471912,7.337964,6.3117733,0.1,0.003,0.05,23.5,7.6,15.0
303.2,23.45758,7.3338156,14.036455,5.0,0.0,-0.05,23.5,7.6,15.0
303.3,23.450891,7.329672,18.721647,5.0,0.0,-0.05,23.5,7.6,15.0
303.40000000000003,23.454693,7.334709,12.449078,0.1,0.003,0.05,23.5,7.6,15.0
303.5,23.45839,7.3397465,6.2389193,0.1,0.003,0.05,23.5,7.6,15.0
303.6,23.444208,7.3355947,13.9878645,5.0,0.0,-0.05,23.5,7.6,15.0
303.7,23.437695,7.331448,18.687828,5.0,0.0,-0.05,23.5,7.6,15.0
303.8,23.4417,7.336485,12.415486,0.1,0.003,0.05,23.5,7.6,15.0
303.90000000000003,23.4456,7.3415213,6.2055554,0.1,0.003,0.05,23.5,7.6,15.0
304.0,23.431608,7.3373666,13.963461,5.0,0.0,-0.05,23.5,7.6,15.0
304.1,23.425291,7.333217,18.668919,5.0,0.0,-0.05,23.5,7.6,15.0
304.2,23.429497,7.3382535,12.396663,0.1,0.003,0.05,23.5,7.6,15.0
304.3,23.433596,7.3432894,6.186818,0.1,0.003,0.05,23.5,7.6,15.0
304.40000000000003,23.419798,7.3391323,13.948165,5.0,0.0,-0.05,23.5,7.6,15.0
304.5,23.413671,7.3349805,18.655767,5.0,0.0,-0.05,23.5,7.6,15.0
304.6,23.418062,7.340017,12.383546,0.1,0.003,0.05,23.5,7.6,15.0
304.7,23.422338,7.345053,6.1737366,0.1,0.003,0.05,23.5,7.6,15.0
304.8,23.408716,7.340894,13.93652,5.0,0.0,-0.05,23.5,7.6,15.0
304.90000000000003,23.402761,7.3367405,18.645046,5.0,0.0,-0.05,23.5,7.6,15.0
305.0,23.40731,7.3417773,12.37284,0.1,0.003,0.05,23.5,7.6,15.0
305.1,23.411737,7.346814,6.163047,0.1,0.003,0.05,23.5,7.6,15.0
305.2,23.398262,7.3426538,13.926515,5.0,0.0,-0.05,23.5,7.6,15.0
305.3,23.392447,7.338499,18.635498,5.0,0.0,-0.05,23.5,7.6,15.0
305.40000000000003,23.397118,7.343537,12.3633,0.1,0.003,0.05,23.5,7.6,15.0
305.5,23.401657,7.3485746,6.1535163,0.1,0.003,0.05,23.5,7.6,15.0
305.6,23.38829,7.3444133,13.917361,5.0,0.0,-0.05,23.5,7.6,15.0
305.7,23.382572,7.3402576,18.626604,5.0,0.0,-0.05,23.5,7.6,15.0
305.8,23.387323,7.3452964,12.354411,0.1,0.003,0.05,23.5,7.6,15.0
305.90000000000003,23.391932,7.3503356,6.144632,0.1,0.003,0.05,23.5,7.6,15.0
306.0,23.378628,7.3461733,13.908697,5.0,0.0,-0.05,23.5,7.6,15.0
306.1,23.372961,7.3420167,18.618092,5.0,0.0,-0.05,23.5,7.6,15.0
306.2,23.377747,7.347057,12.345901,0.1,0.003,0.05,23.5,7.6,15.0
306.3,23.382376,7.3520975,6.136124,0.1,0.003,0.05,23.5,7.6,15.0
306.40000000000003,23.36909,7.3479347,13.900304,5.0,0.0,-0.05,23.5,7.6,15.0
306.5,23.363426,7.3437777,18.60977,5.0,0.0,-0.05,23.5,7.6,15.0
306.6,23.368196,7.3488197,12.33758,0.1,0.003,0.05,23.5,7.6,15.0
306.7,23.372799,7.353862,6.1278043,0.1,0.003,0.05,23.5,7.6,15.0
306.8,23.35948,7.3496985,13.89201,5.0,0.0,-0.05,23.5,7.6,15.0
306.90000000000003,23.353773,7.3455405,18.60148,5.0,0.0,-0.05,23.5,7.6,15.0
307.0,23.35848,7.3505836,12.32929,0.1,0.003,0.05,23.5,7.6,15.0
307.1,23.363008,7.355627,6.119514,0.1,0.003,0.05,23.5,7.6,15.0
307.20000000000005,23.349611,7.351463,13.883663,5.0,0.0,-0.05,23.5,7.6,15.0
307.3,23.343815,7.347304,18.593075,5.0,0.0,-0.05,23.5,7.6,15.0
307.40000000000003,23.348415,7.3523483,12.320883,0.1,0.003,0.05,23.5,7.6,15.0
307.5,23.352827,7.357393,6.111104,0.1,0.003,0.05,23.5,7.6,15.0
307.6,23.339312,7.353227,13.875122,5.0,0.0,-0.05,23.5,7.6,15.0
307.70000000000005,23.333387,7.3490667,18.58442,5.0,0.0,-0.05,23.5,7.6,15.0
307.8,23.337843,7.3541117,12.312225,0.1,0.003,0.05,23.5,7.6,15.0
307.90000000000003,23.342102,7.3591566,6.1024427,0.1,0.003,0.05,23.5,7.6,15.0
308.0,23.328434,7.3549895,13.866263,5.0,0.0,-0.05,23.5,7.6,15.0
308.1,23.322351,7.3508277,18.575394,5.0,0.0,-0.05,23.5,7.6,15.0
308.20000000000005,23.326633,7.355873,12.303196,0.1,0.003,0.05,23.5,7.6,15.0
308.3,23.330713,7.3609185,6.0934086,0.1,0.003,0.05,23.5,7.6,15.0
308.40000000000003,23.31687,7.356749,13.856979,5.0,0.0,-0.05,23.5,7.6,15.0
308.5,23.310606,7.352585,18.565907,5.0,0.0,-0.05,23.5,7.6,15.0
308.6,23.314775,7.3576303,18.6382,0.1,0.0,0.05,23.5,7.6,15.0
308.70000000000005,23.318897,7.362675,18.709776,0.1,0.0,0.05,23.5,7.6,15.0
308.8,23.322899,7.3677197,13.070593,0.1,0.0027,0.05,23.5,7.6,15.0
308.90000000000003,23.326712,7.372764,7.4875197,0.1,0.0027,0.05,23.5,7.6,15.0
309.0,23.313978,7.3685794,14.699109,5.0,0.0,-0.05,23.5,7.6,15.0
309.1,23.30828,7.3643994,19.073347,5.0,0.0,-0.05,23.5,7.6,15.0
309.20000000000005,23.306278,7.3702183,20.897776,5.0,0.00049560616,0.05,23.5,7.6,15.0
309.3,23.306038,7.3760295,22.00313,5.0,0.00049560616,0.05,23.5,7.6,15.0
309.40000000000003,23.304296,7.381833,18.904675,5.0,0.0027495606,0.05,23.5,7.6,15.0
309.5,23.299482,7.387629,17.022207,5.0,0.0027495606,0.05,23.5,7.6,15.0
309.6,23.292793,7.393418,15.876869,5.0,0.0027495606,0.05,23.5,7.6,15.0
309.70000000000005,23.284958,7.399199,15.178375,5.0,0.0027495606,0.05,23.5,7.6,15.0
309.8,23.288465,7.40424,15.283903,0.1,0.0,0.05,23.5,7.6,15.0
309.90000000000003,23.291935,7.409281,15.388377,0.1,0.0,0.05,23.5,7.6,15.0
310.0,23.295366,7.414321,15.491807,0.1,0.0,0.05,23.5,7.6,15.0
310.1,23.298761,7.4193606,15.594203,0.1,0.0,0.05,23.5,7.6,15.0
310.20000000000005,23.302122,7.4243994,15.695576,0.1,0.0,0.05,23.5,7.6,15.0
310.3,23.30545,7.4294376,15.795935,0.1,0.0,0.05,23.5,7.6,15.0
310.40000000000003,23.30875,7.4344754,15.895289,0.1,0.0,0.05,23.5,7.6,15.0
310.5,23.312023,7.4395127,15.9936495,0.1,0.0,0.05,23.5,7.6,15.0
310.6,23.315212,7.4445496,11.465888,0.1,0.0021870001,0.05,23.5,7.6,15.0
310.70000000000005,23.318264,7.449586,6.9831715,0.1,0.0021870001,0.05,23.5,7.6,15.0
310.8,23.304562,7.4452987,14.37232,5.0,0.0,-0.05,23.5,7.6,15.0
310.90000000000003,23.2981,7.4410167,18.854069,5.0,0.0,-0.05,23.5,7.6,15.0
311.0,23.30111,7.446074,19.03012,0.2579105,0.0,0.05,23.5,7.6,15.0
311.1,23.304117,7.451131,19.201672,0.2579105,0.0,0.05,23.5,7.6,15.0
311.20000000000005,23.307158,7.4561834,19.352829,0.23292778,0.0,0.05,23.5,7.6,15.0
311.3,23.3102,7.4612355,19.50049,0.23292778,0.0,0.05,23.5,7.6,15.0
311.40000000000003,23.313284,7.4662833,19.62637,0.20296808,0.0,0.05,23.5,7.6,15.0
311.5,23.316372,7.4713306,19.749704,0.20296808,0.0,0.05,23.5,7.6,15.0
311.6,23.31941,7.4763727,15.241344,0.16911452,0.0021870001,0.05,23.5,7.6,15.0
311.70000000000005,23.322264,7.481415,10.808572,0.16911452,0.0021870001,0.05,23.5,7.6,15.0
311.8,23.325272,7.4864473,10.957366,0.1,0.0,0.05,23.5,7.6,15.0
311.90000000000003,23.328293,7.49148,11.1046715,0.1,0.0,0.05,23.5,7.6,15.0
312.0,23.33133,7.496512,11.250504,0.1,0.0,0.05,23.5,7.6,15.0
312.1,23.334387,7.501544,11.394877,0.1,0.0,0.05,23.5,7.6,15.0
312.20000000000005,23.337465,7.506576,11.537807,0.1,0.0,0.05,23.5,7.6,15.0
312.3,23.340569,7.5116076,11.679309,0.1,0.0,0.05,23.5,7.6,15.0
312.40000000000003,23.343699,7.516639,11.819395,0.1,0.0,0.05,23.5,7.6,15.0
312.5,23.346859,7.521671,11.958081,0.1,0.0,0.05,23.5,7.6,15.0
312.6,23.350052,7.5267024,12.095381,0.1,0.0,0.05,23.5,7.6,15.0
312.70000000000005,23.35328,7.531734,12.231308,0.1,0.0,0.05,23.5,7.6,15.0
312.8,23.356544,7.5367656,12.365877,0.1,0.0,0.05,23.5,7.6,15.0
312.90000000000003,23.359848,7.541797,12.499102,0.1,0.0,0.05,23.5,7.6,15.0
313.0,23.363194,7.544915,12.631001,0.1,0.0,0.030862674,23.5,7.6,15.0
313.1,23.366581,7.5480337,12.761595,0.1,0.0,0.030862674,23.5,7.6,15.0
313.20000000000005,23.370012,7.553066,12.89089,0.1,0.0,0.05,23.5,7.6,15.0
313.3,23.373491,7.5580983,13.018895,0.1,0.0,0.05,23.5,7.6,15.0
313.40000000000003,23.377016,7.56247,13.145624,0.1,0.0,0.04339288,23.5,7.6,15.0
313.5,23.38059,7.566842,13.271092,0.1,0.0,0.04339288,23.5,7.6,15.0
313.6,23.384214,7.5698776,13.395317,0.1,0.0,0.030022616,23.5,7.6,15.0
313.70000000000005,23.38789,7.572913,13.518315,0.1,0.0,0.030022616,23.5,7.6,15.0
313.8,23.391617,7.5779467,13.640093,0.1,0.0,0.05,23.5,7.6,15.0
313.90000000000003,23.395395,7.5829806,13.760656,0.1,0.0,0.05,23.5,7.6,15.0
314.0,23.399227,7.582794,13.880034,0.1,0.0,-0.0022069432,23.5,7.6,15.0
314.1,23.40311,7.582608,13.998255,0.1,0.0,-0.0022069432,23.5,7.6,15.0
314.20000000000005,23.407047,7.587643,14.115314,0.1,0.0,0.05,23.5,7.6,15.0
314.3,23.411037,7.592678,14.231207,0.1,0.0,0.05,23.5,7.6,15.0
314.40000000000003,23.41508,7.5887628,14.345974,0.1,0.0,-0.039506275,23.5,7.6,15.0
314.5,23.419172,7.584848,14.459653,0.1,0.0,-0.039506275,23.5,7.6,15.0
314.6,23.423317,7.589152,14.57223,0.1,0.0,0.042675834,23.5,7.6,15.0
314.70000000000005,23.427513,7.5934563,14.683693,0.1,0.0,0.042675834,23.5,7.6,15.0
314.8,23.430092,7.5977273,15.557275,0.82043624,0.0,0.041614883,23.5,7.6,15.0
314.90000000000003,23.43289,7.601998,16.362003,0.82043624,0.0,0.041614883,23.5,7.6,15.0
315.0,23.435884,7.6061945,17.106686,0.8243237,0.0,0.040875986,23.5,7.6,15.0
315.1,23.439072,7.6103907,17.792429,0.8243237,0.0,0.040875986,23.5,7.6,15.0
315.20000000000005,23.441963,7.614524,13.965454,0.82791346,0.0021870001,0.04025177,23.5,7.6,15.0
315.3,23.444136,7.6186566,10.442512,0.82791346,0.0021870001,0.04025177,23.5,7.6,15.0
315.40000000000003,23.440199,7.620156,13.931268,2.8634434,0.0001771695,0.011983261,23.5,7.6,15.0
315.5,23.438473,7.621654,16.55066,2.8634434,0.0001771695,0.011983261,23.5,7.6,15.0
315.6,23.443089,7.61978,16.642374,0.1,0.0,-0.019123018,23.5,7.6,15.0
315.70000000000005,23.447737,7.617906,16.733223,0.1,0.0,-0.019123018,23.5,7.6,15.0
315.8,23.443148,7.616529,15.396525,4.51,0.0027,-0.018375335,23.5,7.6,15.0
315.90000000000003,23.437374,7.615154,14.543732,4.51,0.0027,-0.018375335,23.5,7.6,15.0
316.0,23.435352,7.612684,16.571758,3.1591861,0.00055555225,-0.028042173,23.5,7.6,15.0
316.1,23.434723,7.6102157,18.050629,3.1591861,0.00055555225,-0.028042173,23.5,7.6,15.0
316.20000000000005,23.434696,7.6104836,18.1313,3.1592216,0.0011031067,-0.0006920609,23.5,7.6,15.0
316.3,23.43474,7.610751,18.190079,3.1592216,0.0011031067,-0.0006920609,23.5,7.6,15.0
316.40000000000003,23.434454,7.610997,17.30859,3.1592534,0.0016103433,-0.00090444356,23.5,7.6,15.0
316.5,23.43358,7.611243,16.665699,3.1592534,0.0016103433,-0.00090444356,23.5,7.6,15.0
316.6,23.431612,7.6114607,14.589485,3.1592813,0.0024923137,-0.0011792437,23.5,7.6,15.0
316.70000000000005,23.428246,7.611678,13.075048,3.1592813,0.0024923137,-0.0011792437,23.5,7.6,15.0
316.8,23.432978,7.6067166,13.20134,0.1,0.0,-0.05,23.5,7.6,15.0
316.90000000000003,23.43771,7.6017547,13.32644,0.1,0.0,-0.05,23.5,7.6,15.0
317.0,23.44244,7.6028814,13.450341,0.1,0.0,0.01088725,23.5,7.6,15.0
317.1,23.447166,7.6040077,13.573039,0.1,0.0,0.01088725,23.5,7.6,15.0
317.20000000000005,23.445168,7.605089,16.778542,3.0459893,0.0,0.007526378,23.5,7.6,15.0
317.3,23.445261,7.606169,19.14207,3.0459893,0.0,0.007526378,23.5,7.6,15.0
317.40000000000003,23.446892,7.606972,20.885092,3.0460343,0.0,0.0047655916,23.5,7.6,15.0
317.5,23.449648,7.6077743,22.170776,3.0460343,0.0,0.0047655916,23.5,7.6,15.0
317.6,23.452623,7.603434,23.48338,5.0,6.499879e-05,-0.04859258,23.5,7.6,15.0
317.70000000000005,23.456848,7.599099,24.281946,5.0,6.499879e-05,-0.04859258,23.5,7.6,15.0
317.8,23.461714,7.599655,24.620909,2.5366774,0.0,0.0027630047,23.5,7.6,15.0
317.90000000000003,23.466738,7.60021,24.884687,2.5366774,0.0,0.0027630047,23.5,7.6,15.0
318.0,23.472004,7.602055,25.144028,3.3258283,0.0,0.014884489,23.5,7.6,15.0
318.1,23.477419,7.603898,25.330824,3.3258283,0.0,0.014884489,23.5,7.6,15.0
318.20000000000005,23.482128,7.5996523,23.719093,5.0,0.0010767379,-0.047674105,23.5,7.6,15.0
318.3,23.485199,7.5954113,22.743248,5.0,0.0010767379,-0.047674105,23.5,7.6,15.0
318.40000000000003,23.485296,7.593483,19.257515,4.9963317,0.0028076738,-0.024582107,23.5,7.6,15.0
318.5,23.481924,7.5915565,17.141582,4.9963317,0.0028076738,-0.024582107,23.5,7.6,15.0
318.6,23.47649,7.594124,15.829006,4.960328,0.0028076738,0.020397706,23.5,7.6,15.0
318.70000000000005,23.469742,7.5966873,15.027,4.960328,0.0028076738,0.020397706,23.5,7.6,15.0
318.8,23.47009,7.6000943,10.901516,1.4291959,0.0028076738,0.032415777,23.5,7.6,15.0
318.90000000000003,23.469023,7.6034994,7.3251343,1.4291959,0.0028076738,0.032415777,23.5,7.6,15.0
319.0,23.456919,7.599019,14.588246,5.0,0.0,-0.05,23.5,7.6,15.0
319.1,23.451902,7.594544,18.99401,5.0,0.0,-0.05,23.5,7.6,15.0
319.20000000000005,23.45599,7.5991197,14.065232,0.1,0.0023625628,0.045450445,23.5,7.6,15.0
319.3,23.459904,7.603695,9.185498,0.1,0.0023625628,0.045450445,23.5,7.6,15.0
319.40000000000003,23.44944,7.599213,15.714614,5.0,0.0,-0.05,23.5,7.6,15.0
319.5,23.445337,7.594737,19.67537,5.0,0.0,-0.05,23.5,7.6,15.0
319.6,23.448141,7.5991044,17.813929,0.8946787,0.0011728205,0.04257572,23.5,7.6,15.0
319.70000000000005,23.450499,7.603471,16.111736,0.8946787,0.0011728205,0.04257572,23.5,7.6,15.0
319.8,23.45398,7.6065664,10.349307,0.17946787,0.002817282,0.030584767,23.5,7.6,15.0
319.90000000000003,23.457155,7.609662,4.689384,0.17946787,0.002817282,0.030584767,23.5,7.6,15.0
320.0,23.441998,7.605172,12.983473,5.0,0.0,-0.05,23.5,7.6,15.0
320.1,23.434944,7.600688,18.014082,5.0,0.0,-0.05,23.5,7.6,15.0
320.20000000000005,23.434076,7.599944,18.987171,3.1579127,0.0006192268,-0.010789783,23.5,7.6,15.0
320.3,23.43382,7.5992007,19.696796,3.1579127,0.0006192268,-0.010789783,23.5,7.6,15.0
320.40000000000003,23.430302,7.598677,17.3622,4.815791,0.0027619228,-0.01025974,23.5,7.6,15.0
320.5,23.424517,7.5981545,15.918136,4.815791,0.0027619228,-0.01025974,23.5,7.6,15.0
320.6,23.418673,7.5983386,15.12161,4.2402797,0.0024248597,-0.0026186774,23.5,7.6,15.0
320.70000000000005,23.41211,7.5985227,14.598615,4.2402797,0.0024248597,-0.0026186774,23.5,7.6,15.0
320.8,23.412094,7.596432,16.239443,1.5899904,0.0,-0.022709047,23.5,7.6,15.0
320.90000000000003,23.412647,7.5943427,17.639282,1.5899904,0.0,-0.022709047,23.5,7.6,15.0
321.0,23.413443,7.597063,18.953611,1.7650365,0.0,0.02521044,23.5,7.6,15.0
321.1,23.414743,7.5997825,20.055143,1.7650365,0.0,0.02521044,23.5,7.6,15.0
321.20000000000005,23.416464,7.6017666,20.978662,1.7655795,0.0,0.017865567,23.5,7.6,15.0
321.3,23.418537,7.60375,21.75275,1.7655795,0.0,0.017865567,23.5,7.6,15.0
321.40000000000003,23.419674,7.6018248,23.329542,5.0,0.0,-0.024439799,23.5,7.6,15.0
321.5,23.422337,7.599902,24.287348,5.0,0.0,-0.024439799,23.5,7.6,15.0
321.6,23.425922,7.602187,24.869377,5.0,0.0,0.017635575,23.5,7.6,15.0
321.70000000000005,23.43007,7.60447,25.223152,5.0,0.0,0.017635575,23.5,7.6,15.0
321.8,23.434551,7.5999904,25.439423,5.0,0.0,-0.05,23.5,7.6,15.0
321.90000000000003,23.43922,7.595517,25.57306,5.0,0.0,-0.05,23.5,7.6,15.0
322.0,23.444012,7.5987563,25.655611,5.0,0.0,0.027114715,23.5,7.6,15.0
322.1,23.448889,7.601992,25.706366,5.0,0.0,0.027114715,23.5,7.6,15.0
322.20000000000005,23.453827,7.607511,25.737555,5.0,0.0,0.05,23.5,7.6,15.0
322.3,23.458813,7.6130238,25.756641,5.0,0.0,0.05,23.5,7.6,15.0
322.40000000000003,23.463835,7.616407,25.768673,5.0,0.0,0.028755298,23.5,7.6,15.0
322.5,23.468885,7.6197863,25.77666,5.0,0.0,0.028755298,23.5,7.6,15.0
322.6,23.473959,7.620277,25.782574,5.0,0.0,-0.00010716222,23.5,7.6,15.0
322.70000000000005,23.479052,7.6207676,25.787546,5.0,0.0,-0.00010716222,23.5,7.6,15.0
322.8,23.48416,7.6200924,25.79209,4.984779,0.0,-0.011755615,23.5,7.6,15.0
322.90000000000003,23.489288,7.619418,25.796516,4.984779,0.0,-0.011755615,23.5,7.6,15.0
323.0,23.493206,7.6184626,23.97769,4.972696,0.0010892679,-0.014572647,23.5,7.6,15.0
323.1,23.495367,7.6175084,22.872145,4.972696,0.0010892679,-0.014572647,23.5,7.6,15.0
323.20000000000005,23.498774,7.6125464,16.55692,0.1,0.003,-0.05,23.5,7.6,15.0
323.3,23.502056,7.607585,10.304585,0.1,0.003,-0.05,23.5,7.6,15.0
323.40000000000003,23.505299,7.612623,10.458983,0.1,0.0,0.05,23.5,7.6,15.0
323.5,23.508583,7.617662,10.611839,0.1,0.0,0.05,23.5,7.6,15.0
323.6,23.511887,7.6163588,8.777472,0.1,0.0009389475,-0.013420251,23.5,7.6,15.0
323.70000000000005,23.515186,7.6150556,6.9613886,0.1,0.0009389475,-0.013420251,23.5,7.6,15.0
323.8,23.502087,7.6105685,14.378261,5.0,0.0,-0.05,23.5,7.6,15.0
323.90000000000003,23.49632,7.606087,18.877071,5.0,0.0,-0.05,23.5,7.6,15.0
324.0,23.491627,7.6114774,16.590641,5.0,0.003,0.048719056,23.5,7.6,15.0
324.1,23.484755,7.616861,15.200268,5.0,0.003,0.048719056,23.5,7.6,15.0
324.20000000000005,23.476587,7.6213765,14.353218,5.0,0.003,0.04010223,23.5,7.6,15.0
324.3,23.467659,7.6258864,13.835647,5.0,0.003,0.04010223,23.5,7.6,15.0
324.40000000000003,23.458294,7.6296225,13.517924,5.0,0.003,0.032419823,23.5,7.6,15.0
324.5,23.448689,7.6333537,13.321454,5.0,0.003,0.032419823,23.5,7.6,15.0
324.6,23.443184,7.636283,11.254645,3.184895,0.003,0.026096893,23.5,7.6,15.0
324.70000000000005,23.43633,7.6392093,9.749754,3.184895,0.003,0.026096893,23.5,7.6,15.0
324.8,23.426619,7.634691,16.04179,5.0,0.0,-0.05,23.5,7.6,15.0
324.90000000000003,23.423136,7.6301785,19.858896,5.0,0.0,-0.05,23.5,7.6,15.0
325.0,23.423445,7.6256714,22.175701,5.0,0.0,-0.05,23.5,7.6,15.0
325.1,23.426065,7.6211696,23.583027,5.0,0.0,-0.05,23.5,7.6,15.0
325.20000000000005,23.43011,7.622255,24.438316,5.0,0.0,0.0058552576,23.5,7.6,15.0
325.3,23.435043,7.6233387,24.958372,5.0,0.0,0.0058552576,23.5,7.6,15.0
325.40000000000003,23.440525,7.6194854,25.275854,5.0,0.0,-0.04353128,23.5,7.6,15.0
325.5,23.446346,7.6156363,25.471075,5.0,0.0,-0.04353128,23.5,7.6,15.0
325.6,23.452387,7.612328,25.592123,5.0,0.0,-0.038162548,23.5,7.6,15.0
325.70000000000005,23.458572,7.6090236,25.668158,5.0,0.0,-0.038162548,23.5,7.6,15.0
325.8,23.464859,7.6093736,25.716322,4.983198,0.0,-0.001615503,23.5,7.6,15.0
325.90000000000003,23.471226,7.609723,25.747375,4.983198,0.0,-0.001615503,23.5,7.6,15.0
326.0,23.477657,7.6083574,25.768324,5.0,0.0,-0.018782854,23.5,7.6,15.0
326.1,23.484133,7.606993,25.78326,5.0,0.0,-0.018782854,23.5,7.6,15.0
326.20000000000005,23.490454,7.608721,25.793114,4.4110947,0.0,0.012719885,23.5,7.6,15.0
326.3,23.49681,7.6104465,25.80078,4.4110947,0.0,0.012719885,23.5,7.6,15.0
326.40000000000003,23.502232,7.61108,24.176159,4.4108567,0.00094931474,0.0018167853,23.5,7.6,15.0
326.5,23.506227,7.6117125,23.131863,4.4108567,0.00094931474,0.0018167853,23.5,7.6,15.0
326.6,23.511082,7.6067443,16.814175,0.1,0.003,-0.05,23.5,7.6,15.0
326.70000000000005,23.515797,7.6017756,10.559413,0.1,0.003,-0.05,23.5,7.6,15.0
326.8,23.504522,7.607194,12.241539,4.9979486,0.002584492,0.04902662,23.5,7.6,15.0
326.90000000000003,23.494942,7.612605,13.258104,4.9979486,0.002584492,0.04902662,23.5,7.6,15.0
327.0,23.499687,7.6076355,13.383064,0.10000002,9.822987e-10,-0.05,23.5,7.6,15.0
327.1,23.504442,7.602666,13.506846,0.10000002,9.822987e-10,-0.05,23.5,7.6,15.0
327.20000000000005,23.498615,7.6014104,11.963297,3.6784575,0.003,-0.01641783,23.5,7.6,15.0
327.3,23.491604,7.600156,10.893467,3.6784575,0.003,-0.01641783,23.5,7.6,15.0
327.40000000000003,23.483772,7.600143,10.15118,3.6784165,0.003,-0.004003056,23.5,7.6,15.0
327.5,23.47537,7.60013,9.635431,3.6784165,0.003,-0.004003056,23.5,7.6,15.0
327.6,23.466154,7.5956526,15.993228,5.0,0.0,-0.05,23.5,7.6,15.0
327.70000000000005,23.463167,7.5911803,19.850374,5.0,0.0,-0.05,23.5,7.6,15.0
327.8,23.467978,7.5895295,14.804458,0.1,0.0024139818,-0.01680631,23.5,7.6,15.0
327.90000000000003,23.472645,7.5878787,9.808794,0.1,0.0024139818,-0.01680631,23.5,7.6,15.0
328.0,23.4635,7.583416,16.100517,5.0,0.0,-0.05,23.5,7.6,15.0
328.1,23.460508,7.578959,19.917578,5.0,0.0,-0.05,23.5,7.6,15.0
328.20000000000005,23.461231,7.5745077,22.234472,5.0,0.0,-0.05,23.5,7.6,15.0
328.3,23.464188,7.570062,23.641949,5.0,0.0,-0.05,23.5,7.6,15.0
328.40000000000003,23.46848,7.5656223,24.498117,5.0,0.0,-0.05,23.5,7.6,15.0
328.5,23.47356,7.561188,25.020065,5.0,0.0,-0.05,23.5,7.6,15.0
328.6,23.475712,7.5667534,20.323036,4.9998837,0.003,0.05,23.5,7.6,15.0
328.70000000000005,23.473225,7.572312,17.471498,4.9998837,0.003,0.05,23.5,7.6,15.0
328.8,23.471216,7.5740166,14.164798,3.0431142,0.003,0.013592694,23.5,7.6,15.0
328.90000000000003,23.467003,7.5757203,11.724701,3.0431142,0.003,0.013592694,23.5,7.6,15.0
329.0,23.47129,7.580752,11.864901,0.1,0.0,0.05,23.5,7.6,15.0
329.1,23.475536,7.585784,12.003707,0.1,0.0,0.05,23.5,7.6,15.0
329.20000000000005,23.479738,7.5882993,12.141142,0.1,0.0,0.02483216,23.5,7.6,15.0
329.3,23.483896,7.590815,12.2772255,0.1,0.0,0.02483216,23.5,7.6,15.0
329.40000000000003,23.485008,7.5903273,12.455072,1.0883867,0.0006051347,-0.006219093,23.5,7.6,15.0
329.5,23.486115,7.58984,12.614696,1.0883867,0.0006051347,-0.006219093,23.5,7.6,15.0
329.6,23.487461,7.5911684,9.807766,0.89112645,0.0019340559,0.012137375,23.5,7.6,15.0
329.70000000000005,23.48816,7.592497,7.2401447,0.89112645,0.0019340559,0.012137375,23.5,7.6,15.0
329.8,23.475748,7.588033,14.544865,5.0,0.0,-0.05,23.5,7.6,15.0
329.90000000000003,23.47046,7.5835752,18.975786,5.0,0.0,-0.05,23.5,7.6,15.0
330.0,23.474352,7.5883307,12.69932,0.1,0.003,0.047202434,23.5,7.6,15.0
330.1,23.478035,7.5930867,6.485305,0.1,0.003,0.047202434,23.5,7.6,15.0
330.20000000000005,23.464687,7.588624,14.083565,5.0,0.0,-0.05,23.5,7.6,15.0
330.3,23.458755,7.584167,18.692373,5.0,0.0,-0.05,23.5,7.6,15.0
330.40000000000003,23.462437,7.589204,12.418634,0.1,0.003,0.05,23.5,7.6,15.0
330.5,23.465914,7.5942407,6.2073164,0.1,0.003,0.05,23.5,7.6,15.0
330.6,23.452114,7.589778,13.910966,5.0,0.0,-0.05,23.5,7.6,15.0
330.70000000000005,23.445839,7.585321,18.583607,5.0,0.0,-0.05,23.5,7.6,15.0
330.8,23.449326,7.590359,12.313249,0.1023318,0.003,0.05,23.5,7.6,15.0
330.90000000000003,23.45261,7.5953975,6.106724,0.1023318,0.003,0.05,23.5,7.6,15.0
331.0,23.438555,7.5909343,13.845691,5.0,0.0,-0.05,23.5,7.6,15.0
331.1,23.432064,7.586477,18.539694,5.0,0.0,-0.05,23.5,7.6,15.0
331.20000000000005,23.435446,7.591232,16.274654,0.1,0.0011051007,0.047161207,23.5,7.6,15.0
331.3,23.438736,7.595987,14.032148,0.1,0.0011051007,0.047161207,23.5,7.6,15.0
331.40000000000003,23.434992,7.600626,11.279318,2.4437454,0.00281051,0.043648537,23.5,7.6,15.0
331.5,23.429735,7.6052623,9.121952,2.4437454,0.00281051,0.043648537,23.5,7.6,15.0
331.6,23.418495,7.6007876,15.666662,5.0,0.0,-0.05,23.5,7.6,15.0
331.70000000000005,23.413658,7.5963187,19.636656,5.0,0.0,-0.05,23.5,7.6,15.0
331.8,23.412693,7.5920725,22.045805,5.0,0.0,-0.047827657,23.5,7.6,15.0
331.90000000000003,23.414064,7.5878315,23.50873,5.0,0.0,-0.047827657,23.5,7.6,15.0
332.0,23.416779,7.5835857,24.2864,4.9041996,5.865324e-05,-0.047827657,23.5,7.6,15.0
332.1,23.420218,7.579345,24.76469,4.9041996,5.865324e-05,-0.047827657,23.5,7.6,15.0
332.20000000000005,23.42418,7.58489,25.159037,4.937239,0.0,0.05,23.5,7.6,15.0
332.3,23.42853,7.590428,25.399744,4.937239,0.0,0.05,23.5,7.6,15.0
332.40000000000003,23.433125,7.5859714,25.54945,5.0,0.0,-0.05,23.5,7.6,15.0
332.5,23.437847,7.58152,25.642715,5.0,0.0,-0.05,23.5,7.6,15.0
332.6,23.442657,7.584516,25.70081,5.0,0.0,0.024465134,23.5,7.6,15.0
332.70000000000005,23.447535,7.587508,25.736782,5.0,0.0,0.024465134,23.5,7.6,15.0
332.8,23.451635,7.58997,24.547583,5.0,0.00072492054,0.019201102,23.5,7.6,15.0
332.90000000000003,23.454584,7.5924287,23.826439,5.0,0.00072492054,0.019201102,23.5,7.6,15.0
333.0,23.457207,7.59441,23.593447,3.8404572,0.00048790846,0.015634442,23.5,7.6,15.0
333.1,23.459663,7.596389,23.434967,3.8404572,0.00048790846,0.015634442,23.5,7.6,15.0
333.20000000000005,23.462355,7.598077,23.98698,3.8404615,0.00011403402,0.012748452,23.5,7.6,15.0
333.3,23.46551,7.599763,24.363377,3.8404615,0.00011403402,0.012748452,23.5,7.6,15.0
333.40000000000003,23.468992,7.6012125,24.620266,3.840476,0.00011403402,0.010399709,23.5,7.6,15.0
333.5,23.472708,7.60266,24.795837,3.840476,0.00011403402,0.010399709,23.5,7.6,15.0
333.6,23.476597,7.6038704,24.91847,3.8499563,0.0001131037,0.00803223,23.5,7.6,15.0
333.70000000000005,23.480618,7.605079,25.002642,3.8499563,0.0001131037,0.00803223,23.5,7.6,15.0
333.8,23.484747,7.6055827,25.050951,3.9321692,0.00012166739,0.00091078185,23.5,7.6,15.0
333.90000000000003,23.48895,7.6060853,25.084476,3.9321692,0.00012166739,0.00091078185,23.5,7.6,15.0
334.0,23.492622,7.6063266,23.960968,3.1850054,0.00072669977,-0.0009582059,23.5,7.6,15.0
334.1,23.495567,7.6065674,23.144508,3.1850054,0.00072669977,-0.0009582059,23.5,7.6,15.0
334.20000000000005,23.496437,7.606715,18.82746,3.1851172,0.00277267,-0.0018803604,23.5,7.6,15.0
334.3,23.494408,7.6068625,15.687682,3.1851172,0.00277267,-0.0018803604,23.5,7.6,15.0
334.40000000000003,23.486555,7.603988,14.655177,5.0,0.003,-0.033895634,23.5,7.6,15.0
334.5,23.477736,7.601117,14.026876,5.0,0.003,-0.033895634,23.5,7.6,15.0
334.6,23.468353,7.601304,13.643228,5.0,0.003,-0.0033290354,23.5,7.6,15.0
334.70000000000005,23.458654,7.6014905,13.407574,5.0,0.003,-0.0033290354,23.5,7.6,15.0
334.8,23.448946,7.602469,13.264032,4.9429154,0.0029650503,0.004655544,23.5,7.6,15.0
334.90000000000003,23.439161,7.6034455,13.173359,4.9429154,0.0029650503,0.004655544,23.5,7.6,15.0
335.0,23.42959,7.607101,13.117093,4.861041,0.002914923,0.031554513,23.5,7.6,15.0
335.1,23.420036,7.6107516,13.078874,4.861041,0.002914923,0.031554513,23.5,7.6,15.0
335.20000000000005,23.410517,7.614398,13.051765,4.861041,0.002914923,0.031554513,23.5,7.6,15.0
335.3,23.401043,7.6180396,13.031507,4.861041,0.002914923,0.031554513,23.5,7.6,15.0
335.40000000000003,23.4051,7.623069,13.157958,0.1,0.0,0.05,23.5,7.6,15.0
335.5,23.40921,7.6280975,13.283152,0.1,0.0,0.05,23.5,7.6,15.0
335.6,23.413372,7.6239424,13.407127,0.1,0.0,-0.041839004,23.5,7.6,15.0
335.70000000000005,23.417585,7.619787,13.529926,0.1,0.0,-0.041839004,23.5,7.6,15.0
335.8,23.421848,7.614816,13.651562,0.1,0.0,-0.05,23.5,7.6,15.0
335.90000000000003,23.426159,7.6098456,13.772049,0.1,0.0,-0.05,23.5,7.6,15.0
336.0,23.430517,7.6137357,13.891373,0.1,0.0,0.03860875,23.5,7.6,15.0
336.1,23.434921,7.6176257,14.009519,0.1,0.0,0.03860875,23.5,7.6,15.0
336.20000000000005,23.43937,7.6126766,14.126525,0.1,0.0,-0.049786966,23.5,7.6,15.0
336.3,23.44386,7.6077275,14.24243,0.1,0.0,-0.049786966,23.5,7.6,15.0
336.40000000000003,23.439718,7.6044765,18.419079,4.4977913,0.0,-0.03713978,23.5,7.6,15.0
336.5,23.439386,7.601229,21.083591,4.4977913,0.0,-0.03713978,23.5,7.6,15.0
336.6,23.440748,7.5993023,21.567184,4.5065885,0.0007130312,-0.02397607,23.5,7.6,15.0
336.70000000000005,23.442572,7.5973783,21.876266,4.5065885,0.0007130312,-0.02397607,23.5,7.6,15.0
336.8,23.443096,7.5980644,19.43082,4.506605,0.002258303,0.002117588,23.5,7.6,15.0
336.90000000000003,23.44143,7.59875,17.87186,4.506605,0.002258303,0.002117588,23.5,7.6,15.0
337.0,23.438591,7.6016445,17.227592,4.506618,0.0020534387,0.02422112,23.5,7.6,15.0
337.1,23.4352,7.604536,16.81548,4.506618,0.0020534387,0.02422112,23.5,7.6,15.0
337.20000000000005,23.439999,7.607887,16.904623,0.1,0.0,0.033185218,23.5,7.6,15.0
337.3,23.444813,7.611238,16.992895,0.1,0.0,0.033185218,23.5,7.6,15.0
337.40000000000003,23.443396,7.6149335,20.179558,4.51,0.0,0.032362457,23.5,7.6,15.0
337.5,23.444885,7.618625,22.209162,4.51,0.0,0.032362457,23.5,7.6,15.0
337.6,23.445705,7.622236,19.346476,4.51,0.00243,0.031589307,23.5,7.6,15.0
337.70000000000005,23.443941,7.625843,17.521587,4.51,0.00243,0.031589307,23.5,7.6,15.0
337.8,23.44053,7.6293783,16.357368,4.51,0.00243,0.030907061,23.5,7.6,15.0
337.90000000000003,23.436073,7.63291,15.613742,4.51,0.00243,0.030907061,23.5,7.6,15.0
338.0,23.43102,7.6353025,15.141355,4.47793,0.002412329,0.019577112,23.5,7.6,15.0
338.1,23.42554,7.637693,14.837464,4.47793,0.002412329,0.019577112,23.5,7.6,15.0
338.20000000000005,23.419851,7.6385355,14.644997,4.4504156,0.0023959496,0.004139382,23.5,7.6,15.0
338.3,23.41398,7.6393776,14.519896,4.4504156,0.0023959496,0.004139382,23.5,7.6,15.0
338.40000000000003,23.407997,7.6388173,14.46312,4.4509673,0.0023816489,-0.009889764,23.5,7.6,15.0
338.5,23.401945,7.638258,14.425232,4.4509673,0.0023816489,-0.009889764,23.5,7.6,15.0
338.6,23.4066,7.6332946,14.537734,0.1,0.0,-0.05,23.5,7.6,15.0
338.70000000000005,23.41123,7.6283317,14.64918,0.1,0.0,-0.05,23.5,7.6,15.0
338.8,23.415833,7.62635,14.759573,0.1,0.0,-0.020193279,23.5,7.6,15.0
338.90000000000003,23.420404,7.624368,14.868914,0.1,0.0,-0.020193279,23.5,7.6,15.0
339.0,23.42487,7.622703,9.842584,0.10331008,0.00243,-0.017032431,23.5,7.6,15.0
339.1,23.429169,7.6210384,4.867958,0.10331008,0.00243,-0.017032431,23.5,7.6,15.0
339.20000000000005,23.415062,7.616544,13.08106,5.0,0.0,-0.05,23.5,7.6,15.0
339.3,23.408985,7.612055,18.062828,5.0,0.0,-0.05,23.5,7.6,15.0
339.40000000000003,23.409348,7.6104226,20.214096,3.283374,0.0,-0.019802187,23.5,7.6,15.0
339.5,23.411167,7.608792,21.763853,3.283374,0.0,-0.019802187,23.5,7.6,15.0
339.6,23.411524,7.6086,18.196947,3.6905565,0.0027,-0.005820467,23.5,7.6,15.0
339.70000000000005,23.409082,7.6084085,15.730397,3.6905565,0.0027,-0.005820467,23.5,7.6,15.0
339.8,23.402802,7.609211,14.921251,4.714559,0.0027,0.0031199828,23.5,7.6,15.0
339.90000000000003,23.395721,7.610012,14.4140415,4.714559,0.0027,0.0031199828,23.5,7.6,15.0
340.0,23.388126,7.611314,14.095088,4.7144947,0.0026999624,0.008137536,23.5,7.6,15.0
340.1,23.380192,7.6126137,13.893484,4.7144947,0.0026999624,0.008137536,23.5,7.6,15.0
340.20000000000005,23.376743,7.6113615,17.462431,3.5904753,0.0,-0.016294312,23.5,7.6,15.0
340.3,23.375933,7.6101103,19.954723,3.5904753,0.0,-0.016294312,23.5,7.6,15.0
340.40000000000003,23.37695,7.6091266,21.695614,3.5906076,0.0,-0.013625274,23.5,7.6,15.0
340.5,23.379225,7.608144,22.911982,3.5906076,0.0,-0.013625274,23.5,7.6,15.0
340.6,23.382196,7.604029,24.020891,5.0,0.0,-0.046349373,23.5,7.6,15.0
340.70000000000005,23.386192,7.5999193,24.69577,5.0,0.0,-0.046349373,23.5,7.6,15.0
340.8,23.390785,7.5954494,25.107565,5.0,0.0,-0.05,23.5,7.6,15.0
340.90000000000003,23.395718,7.590985,25.3599,5.0,0.0,-0.05,23.5,7.6,15.0
341.0,23.40084,7.5920143,25.514847,5.0,0.0,0.004922947,23.5,7.6,15.0
341.1,23.406069,7.5930424,25.610151,5.0,0.0,0.004922947,23.5,7.6,15.0
341.20000000000005,23.41135,7.5983515,25.66874,5.0,0.0,0.04777855,23.5,7.6,15.0
341.3,23.416656,7.603654,25.7046,5.0,0.0,0.04777855,23.5,7.6,15.0
341.40000000000003,23.421965,7.6061964,25.727026,5.0,0.0,0.020235002,23.5,7.6,15.0
341.5,23.427258,7.6087356,25.741598,5.0,0.0,0.020235002,23.5,7.6,15.0
341.6,23.432531,7.612669,25.75122,5.0,0.0,0.03422181,23.5,7.6,15.0
341.70000000000005,23.437786,7.616597,25.757683,5.0,0.0,0.03422181,23.5,7.6,15.0
341.8,23.443016,7.6171412,25.762657,5.0,0.0,0.00041243594,23.5,7.6,15.0
341.90000000000003,23.448215,7.617684,25.767086,5.0,0.0,0.00041243594,23.5,7.6,15.0
342.0,23.45339,7.6200705,25.770937,5.0,0.0,0.018870778,23.5,7.6,15.0
342.1,23.458546,7.6224537,25.774235,5.0,0.0,0.018870778,23.5,7.6,15.0
342.20000000000005,23.46368,7.623893,25.77731,4.9972296,0.0,0.00945828,23.5,7.6,15.0
342.3,23.468798,7.6253295,25.780348,4.9972296,0.0,0.00945828,23.5,7.6,15.0
342.40000000000003,23.47381,7.6252117,25.783417,4.746383,0.0,-0.005838988,23.5,7.6,15.0
342.5,23.478806,7.625094,25.78677,4.746383,0.0,-0.005838988,23.5,7.6,15.0
342.6,23.483786,7.623008,25.790539,4.7478995,0.0,-0.025535218,23.5,7.6,15.0
342.70000000000005,23.488749,7.6209235,25.794765,4.7478995,0.0,-0.025535218,23.5,7.6,15.0
342.8,23.493671,7.618861,25.767046,4.7257476,1.9020985e-05,-0.025317576,23.5,7.6,15.0
342.90000000000003,23.498556,7.6168013,25.75161,4.7257476,1.9020985e-05,-0.025317576,23.5,7.6,15.0
343.0,23.503399,7.6175117,25.724598,4.7032866,3.0092147e-05,0.0024044018,23.5,7.6,15.0
343.1,23.508217,7.6182213,25.708916,4.7032866,3.0092147e-05,0.0024044018,23.5,7.6,15.0
343.20000000000005,23.512995,7.619488,25.66572,4.6731863,5.0263345e-05,0.008016663,23.5,7.6,15.0
343.3,23.51774,7.620753,25.63969,4.6731863,5.0263345e-05,0.008016663,23.5,7.6,15.0
343.40000000000003,23.5225,7.621593,25.609308,4.800902,6.0434155e-05,0.003661182,23.5,7.6,15.0
343.5,23.52724,7.622432,25.59167,4.800902,6.0434155e-05,0.003661182,23.5,7.6,15.0
343.6,23.53193,7.6228595,25.526552,4.75027,9.260869e-05,-0.00040291084,23.5,7.6,15.0
343.70000000000005,23.536577,7.6232862,25.487272,4.75027,9.260869e-05,-0.00040291084,23.5,7.6,15.0
343.8,23.541204,7.623432,25.463701,4.7502704,9.2838236e-05,-0.003207996,23.5,7.6,15.0
343.90000000000003,23.545832,7.623578,25.450315,4.7502704,9.2838236e-05,-0.003207996,23.5,7.6,15.0
344.0,23.550468,7.623516,25.442984,4.7502704,9.302232e-05,-0.005288793,23.5,7.6,15.0
344.1,23.555124,7.623454,25.439754,4.7502704,9.302232e-05,-0.005288793,23.5,7.6,15.0
344.20000000000005,23.559807,7.624304,25.4388,4.7502704,9.312371e-05,0.003828355,23.5,7.6,15.0
344.3,23.564522,7.6251526,25.439346,4.7502704,9.312371e-05,0.003828355,23.5,7.6,15.0
344.40000000000003,23.56927,7.624405,25.440823,4.7502704,9.324715e-05,-0.012137375,23.5,7.6,15.0
344.5,23.57405,7.623658,25.44326,4.7502704,9.324715e-05,-0.012137375,23.5,7.6,15.0
344.6,23.578869,7.6229143,25.446138,4.7502704,9.334688e-05,-0.012120964,23.5,7.6,15.0
344.70000000000005,23.583725,7.622172,25.449469,4.7502704,9.334688e-05,-0.012120964,23.5,7.6,15.0
344.8,23.588621,7.6214676,25.452974,4.7502704,9.34135e-05,-0.011749505,23.5,7.6,15.0
344.90000000000003,23.593557,7.6207643,25.456709,4.7502704,9.34135e-05,-0.011749505,23.5,7.6,15.0
345.0,23.598537,7.620095,25.460526,4.7502704,9.345278e-05,-0.011423417,23.5,7.6,15.0
345.1,23.603561,7.6194267,25.46447,4.7502704,9.345278e-05,-0.011423417,23.5,7.6,15.0
345.20000000000005,23.608631,7.6188064,25.468607,4.7543135,9.347139e-05,-0.010959494,23.5,7.6,15.0
345.3,23.613747,7.618187,25.472765,4.7543135,9.347139e-05,-0.010959494,23.5,7.6,15.0
345.40000000000003,23.618908,7.617571,25.474207,4.758378,9.517453e-05,-0.010943169,23.5,7.6,15.0
345.5,23.624113,7.6169558,25.476715,4.758378,9.517453e-05,-0.010943169,23.5,7.6,15.0
345.6,23.629364,7.616343,25.478098,4.7629075,9.633166e-05,-0.010936342,23.5,7.6,15.0
345.70000000000005,23.634659,7.6157312,25.480595,4.7629075,9.633166e-05,-0.010936342,23.5,7.6,15.0
345.8,23.63992,7.6150885,25.369637,4.7303343,0.00016310511,-0.011229098,23.5,7.6,15.0
345.90000000000003,23.645117,7.6144466,25.302097,4.7303343,0.00016310511,-0.011229098,23.5,7.6,15.0
346.0,23.647741,7.6098013,20.074724,3.3899002,0.003,-0.05,23.5,7.6,15.0
346.1,23.646648,7.60516,16.351011,3.3899002,0.003,-0.05,23.5,7.6,15.0
346.20000000000005,23.642914,7.602027,13.700564,3.39276,0.003,-0.034963816,23.5,7.6,15.0
346.3,23.637316,7.5988965,11.812104,3.39276,0.003,-0.034963816,23.5,7.6,15.0
346.40000000000003,23.62623,7.6044216,12.345967,5.0,0.003,0.05,23.5,7.6,15.0
346.5,23.615742,7.60994,12.665431,5.0,0.003,0.05,23.5,7.6,15.0
346.6,23.605627,7.6094775,12.855708,5.0,0.003,-0.009785432,23.5,7.6,15.0
346.70000000000005,23.595747,7.6090155,12.968328,5.0,0.003,-0.009785432,23.5,7.6,15.0
346.8,23.586023,7.6075892,13.034009,5.0,0.003,-0.019442165,23.5,7.6,15.0
346.90000000000003,23.576406,7.606165,13.071349,5.0,0.003,-0.019442165,23.5,7.6,15.0
347.0,23.56687,7.6062913,13.09132,5.0,0.003,-0.0039447607,23.5,7.6,15.0
347.1,23.557394,7.6064177,13.100605,5.0,0.003,-0.0039447607,23.5,7.6,15.0
347.20000000000005,23.551498,7.6063848,11.492421,3.5025856,0.003,-0.004066829,23.5,7.6,15.0
347.3,23.544447,7.606352,10.357936,3.5025856,0.003,-0.004066829,23.5,7.6,15.0
347.40000000000003,23.536602,7.6063213,9.557757,3.498958,0.0029968463,-0.0040400154,23.5,7.6,15.0
347.5,23.528194,7.606291,8.991988,3.498958,0.0029968463,-0.0040400154,23.5,7.6,15.0
347.6,23.51825,7.6018147,15.616804,5.0,0.0,-0.05,23.5,7.6,15.0
347.70000000000005,23.514828,7.5973444,19.635805,5.0,0.0,-0.05,23.5,7.6,15.0
347.8,23.519615,7.600632,13.353027,0.1,0.003,0.03248791,23.5,7.6,15.0
347.90000000000003,23.524258,7.60392,7.13278,0.1,0.003,0.03248791,23.5,7.6,15.0
348.0,23.512531,7.599447,14.487779,5.0,0.0,-0.05,23.5,7.6,15.0
348.1,23.508036,7.594979,18.94943,5.0,0.0,-0.05,23.5,7.6,15.0
348.20000000000005,23.504528,7.60051,16.640797,5.0,0.003,0.05,23.5,7.6,15.0
348.3,23.498772,7.6060343,15.237254,5.0,0.003,0.05,23.5,7.6,15.0
348.40000000000003,23.495043,7.6015577,19.398712,5.0,0.0,-0.05,23.5,7.6,15.0
348.5,23.495386,7.5970864,21.924429,5.0,0.0,-0.05,23.5,7.6,15.0
348.6,23.495169,7.592739,18.911385,4.9387403,0.0027037507,-0.0487498,23.5,7.6,15.0
348.70000000000005,23.491993,7.588397,17.072414,4.9387403,0.0027037507,-0.0487498,23.5,7.6,15.0
348.8,23.48683,7.5881724,15.761336,4.9642515,0.0028271228,-0.0076257386,23.5,7.6,15.0
348.90000000000003,23.480371,7.587948,14.96129,4.9642515,0.0028271228,-0.0076257386,23.5,7.6,15.0
349.0,23.473778,7.5889835,15.571677,5.0,0.0021880108,0.0049486244,23.5,7.6,15.0
349.1,23.46777,7.5900173,15.939956,5.0,0.0021880108,0.0049486244,23.5,7.6,15.0
349.20000000000005,23.46276,7.591539,14.209252,4.171001,0.0029320018,0.010691151,23.5,7.6,15.0
349.3,23.456257,7.593058,13.066816,4.171001,0.0029320018,0.010691151,23.5,7.6,15.0
349.40000000000003,23.447514,7.594315,13.061069,4.7543917,0.0028500052,0.007490036,23.5,7.6,15.0
349.5,23.438742,7.59557,13.054726,4.7543917,0.0028500052,0.007490036,23.5,7.6,15.0
349.6,23.42994,7.5966763,13.048336,4.754702,0.0028500052,0.0060204933,23.5,7.6,15.0
349.70000000000005,23.421106,7.5977807,13.041611,4.754702,0.0028500052,0.0060204933,23.5,7.6,15.0
349.8,23.412237,7.5987053,13.034971,4.75498,0.0028500052,0.00423725,23.5,7.6,15.0
349.90000000000003,23.403332,7.5996284,13.028111,4.75498,0.0028500052,0.00423725,23.5,7.6,15.0
350.0,23.407627,7.6031303,13.154729,0.1,0.0,0.03469409,23.5,7.6,15.0
350.1,23.41188,7.6066318,13.280098,0.1,0.0,0.03469409,23.5,7.6,15.0
350.20000000000005,23.41609,7.610622,13.404228,0.1,0.0,0.03958536,23.5,7.6,15.0
350.3,23.420256,7.6146116,13.527131,0.1,0.0,0.03958536,23.5,7.6,15.0
350.40000000000003,23.424314,7.6166525,8.65841,0.1,0.0023597209,0.020100277,23.5,7.6,15.0
350.5,23.428204,7.618693,3.8381512,0.1,0.0023597209,0.020100277,23.5,7.6,15.0
350.6,23.412672,7.614193,12.456231,5.0,0.0,-0.05,23.5,7.6,15.0
350.70000000000005,23.40556,7.6096983,17.683376,5.0,0.0,-0.05,23.5,7.6,15.0
350.8,23.409586,7.604728,17.763655,0.1,0.0,-0.05,23.5,7.6,15.0
350.90000000000003,23.413563,7.599758,17.843193,0.1,0.0,-0.05,23.5,7.6,15.0
351.0,23.41742,7.603788,12.211926,0.1,0.0027,0.04,23.5,7.6,15.0
351.1,23.421087,7.6078176,6.6366954,0.1,0.0027,0.04,23.5,7.6,15.0
351.20000000000005,23.40798,7.60333,14.155197,5.0,0.0,-0.05,23.5,7.6,15.0
351.3,23.40221,7.5988483,18.715673,5.0,0.0,-0.05,23.5,7.6,15.0
351.40000000000003,23.405962,7.603878,18.786674,0.10141677,0.0,0.05,23.5,7.6,15.0
351.5,23.40967,7.6089077,18.856958,0.10141677,0.0,0.05,23.5,7.6,15.0
351.6,23.413263,7.6131134,13.4180765,0.10114031,0.0026047367,0.04176464,23.5,7.6,15.0
351.70000000000005,23.416676,7.617319,8.033928,0.10114031,0.0026047367,0.04176464,23.5,7.6,15.0
351.8,23.404696,7.61282,14.999656,5.0,0.0,-0.05,23.5,7.6,15.0
351.90000000000003,23.399517,7.608327,19.224966,5.0,0.0,-0.05,23.5,7.6,15.0
352.0,23.398457,7.613375,21.787788,5.0,0.0,0.045421433,23.5,7.6,15.0
352.1,23.399893,7.6184177,23.341764,5.0,0.0,0.045421433,23.5,7.6,15.0
352.20000000000005,23.40287,7.6228137,18.720743,0.6959939,0.0023291935,0.043094195,23.5,7.6,15.0
352.3,23.405039,7.6272087,14.410357,0.6959939,0.0023291935,0.043094195,23.5,7.6,15.0
352.40000000000003,23.406393,7.6313953,9.704437,0.69594765,0.002662919,0.041011903,23.5,7.6,15.0
352.5,23.406929,7.6355815,5.314766,0.69594765,0.002662919,0.041011903,23.5,7.6,15.0
352.6,23.392067,7.631061,13.342069,5.0,0.0,-0.05,23.5,7.6,15.0
352.70000000000005,23.38507,7.626547,18.210852,5.0,0.0,-0.05,23.5,7.6,15.0
352.8,23.385677,7.627309,19.617054,2.072676,0.0,0.0054657515,23.5,7.6,15.0
352.90000000000003,23.386925,7.628071,20.76007,2.072676,0.0,0.0054657515,23.5,7.6,15.0
353.0,23.38866,7.628884,21.569773,2.0726492,6.2232575e-05,0.005975367,23.5,7.6,15.0
353.1,23.390762,7.6296964,22.228085,2.0726492,6.2232575e-05,0.005975367,23.5,7.6,15.0
353.20000000000005,23.392418,7.625391,23.604044,5.0,0.0,-0.04794306,23.5,7.6,15.0
353.3,23.395403,7.6210914,24.44067,5.0,0.0,-0.04794306,23.5,7.6,15.0
353.40000000000003,23.39896,7.6173983,24.60878,5.0,0.00020427823,-0.041931674,23.5,7.6,15.0
353.5,23.402668,7.6137104,24.71273,5.0,0.00020427823,-0.041931674,23.5,7.6,15.0
353.6,23.40545,7.6104255,19.865484,1.03172,0.0024504273,-0.034101058,23.5,7.6,15.0
353.70000000000005,23.40705,7.6071415,15.493756,1.03172,0.0024504273,-0.034101058,23.5,7.6,15.0
353.8,23.410173,7.6033316,15.59584,0.1,0.0,-0.038456965,23.5,7.6,15.0
353.90000000000003,23.413313,7.599522,15.696955,0.1,0.0,-0.038456965,23.5,7.6,15.0
354.0,23.41646,7.600298,15.405255,0.101411834,0.00018596028,0.007391405,23.5,7.6,15.0
354.1,23.419619,7.601074,15.116518,0.101411834,0.00018596028,0.007391405,23.5,7.6,15.0
354.20000000000005,23.41683,7.5994596,14.655009,2.5990522,0.0015485415,-0.019014033,23.5,7.6,15.0
354.3,23.4138,7.5978465,14.298844,2.5990522,0.0015485415,-0.019014033,23.5,7.6,15.0
354.40000000000003,23.406723,7.5945115,13.854802,4.0691414,0.002448596,-0.037735306,23.5,7.6,15.0
354.5,23.399302,7.5911803,13.558009,4.0691414,0.002448596,-0.037735306,23.5,7.6,15.0
354.6,23.396042,7.586923,16.66016,2.9351418,0.0,-0.045870192,23.5,7.6,15.0
354.70000000000005,23.394781,7.5826693,18.973534,2.9351418,0.0,-0.045870192,23.5,7.6,15.0
354.8,23.395025,7.5850096,20.699602,2.9372191,0.0,0.020059848,23.5,7.6,15.0
354.90000000000003,23.396408,7.5873485,21.986198,2.9372191,0.0,0.020059848,23.5,7.6,15.0
355.0,23.398026,7.586079,23.468533,5.0,0.0,-0.018150648,23.5,7.6,15.0
355.1,23.401136,7.584811,24.369003,5.0,0.0,-0.018150648,23.5,7.6,15.0
355.20000000000005,23.405178,7.590356,24.915888,5.0,0.0,0.05,23.5,7.6,15.0
355.3,23.409815,7.595894,25.24771,5.0,0.0,0.05,23.5,7.6,15.0
355.40000000000003,23.414831,7.5993733,25.449438,5.0,0.0,0.029475167,23.5,7.6,15.0
355.5,23.4201,7.6028485,25.572544,5.0,0.0,0.029475167,23.5,7.6,15.0
355.6,23.425535,7.602341,25.648514,5.0,0.0,-0.010332177,23.5,7.6,15.0
355.70000000000005,23.43109,7.6018343,25.696352,5.0,0.0,-0.010332177,23.5,7.6,15.0
355.8,23.436728,7.597364,25.72766,5.0,0.0,-0.05,23.5,7.6,15.0
355.90000000000003,23.442427,7.592899,25.749382,5.0,0.0,-0.05,23.5,7.6,15.0
356.0,23.44818,7.588439,25.765306,5.0,0.0,-0.05,23.5,7.6,15.0
356.1,23.45398,7.583985,25.777725,5.0,0.0,-0.05,23.5,7.6,15.0
356.20000000000005,23.458527,7.579536,23.874985,5.0,0.0011443823,-0.05,23.5,7.6,15.0
356.3,23.461237,7.5750923,22.722528,5.0,0.0011443823,-0.05,23.5,7.6,15.0
356.40000000000003,23.461264,7.5706534,19.682894,4.995921,0.0025444382,-0.05,23.5,7.6,15.0
356.5,23.458344,7.56622,17.838324,4.995921,0.0025444382,-0.05,23.5,7.6,15.0
356.6,23.453724,7.5639515,16.684052,4.945686,0.0025444382,-0.028332807,23.5,7.6,15.0
356.70000000000005,23.448027,7.5616856,15.978868,4.945686,0.0025444382,-0.028332807,23.5,7.6,15.0
356.8,23.441751,7.5575457,15.508918,4.9045944,0.0025480224,-0.047063548,23.5,7.6,15.0
356.90000000000003,23.43506,7.5534105,15.220111,4.9045944,0.0025480224,-0.047063548,23.5,7.6,15.0
357.0,23.428034,7.55148,15.110396,4.9662786,0.002538111,-0.025118835,23.5,7.6,15.0
357.1,23.420944,7.5495515,15.041981,4.9662786,0.002538111,-0.025118835,23.5,7.6,15.0
357.20000000000005,23.413855,7.550202,14.98114,4.9533305,0.0025418324,0.00068265724,23.5,7.6,15.0
357.3,23.406754,7.5508513,14.941821,4.9533305,0.0025418324,0.00068265724,23.5,7.6,15.0
357.40000000000003,23.401253,7.552167,17.2849,4.9533305,0.0011275419,0.0073613096,23.5,7.6,15.0
357.5,23.398083,7.5534806,18.711718,4.9533305,0.0011275419,0.0073613096,23.5,7.6,15.0
357.6,23.402796,7.5585155,18.783228,0.10173382,0.0,0.05,23.5,7.6,15.0
357.70000000000005,23.40754,7.5635495,18.854021,0.10173382,0.0,0.05,23.5,7.6,15.0
357.8,23.412313,7.566972,18.924006,0.10158641,0.0,0.03388436,23.5,7.6,15.0
357.90000000000003,23.417114,7.5703936,18.9933,0.10158641,0.0,0.03388436,23.5,7.6,15.0
358.0,23.41541,7.5675926,17.019924,4.0693145,0.00243,-0.032611564,23.5,7.6,15.0
358.1,23.41207,7.5647945,15.705996,4.0693145,0.00243,-0.032611564,23.5,7.6,15.0
358.20000000000005,23.41685,7.5698266,15.806238,0.1,0.0,0.05,23.5,7.6,15.0
358.3,23.421646,7.574858,15.905489,0.1,0.0,0.05,23.5,7.6,15.0
358.40000000000003,23.426453,7.576155,16.004822,0.101076335,0.0,0.012655433,23.5,7.6,15.0
358.5,23.431269,7.5774517,16.103184,0.101076335,0.0,0.012655433,23.5,7.6,15.0
358.6,23.427383,7.576073,15.112444,4.002172,0.00238902,-0.018223785,23.5,7.6,15.0
358.70000000000005,23.422684,7.5746956,14.447593,4.002172,0.00238902,-0.018223785,23.5,7.6,15.0
358.8,23.417522,7.572061,13.928074,3.9526355,0.0024036476,-0.030758929,23.5,7.6,15.0
358.90000000000003,23.41193,7.569429,13.57733,3.9526355,0.0024036476,-0.030758929,23.5,7.6,15.0
359.0,23.409273,7.574427,17.086716,3.393373,0.0,0.046155296,23.5,7.6,15.0
359.1,23.40914,7.579421,19.585241,3.393373,0.0,0.046155296,23.5,7.6,15.0
359.20000000000005,23.410797,7.5822935,21.364573,3.3937578,0.0,0.024971547,23.5,7.6,15.0
359.3,23.413721,7.585163,22.631916,3.3937578,0.0,0.024971547,23.5,7.6,15.0
359.40000000000003,23.417244,7.588616,23.865664,5.0,0.0,0.029168488,23.5,7.6,15.0
359.5,23.42196,7.5920644,24.614698,5.0,0.0,0.029168488,23.5,7.6,15.0
359.6,23.426233,7.590316,23.370262,4.996807,0.0010168334,-0.022788944,23.5,7.6,15.0
359.70000000000005,23.429245,7.5885696,22.616386,4.996807,0.0010168334,-0.022788944,23.5,7.6,15.0
359.8,23.432638,7.592641,23.859915,5.0,0.0,0.035394102,23.5,7.6,15.0
359.90000000000003,23.437227,7.596707,24.614702,5.0,0.0,0.035394102,23.5,7.6,15.0
360.0,23.440754,7.595238,22.458199,4.971376,0.0015614365,-0.019907854,23.5,7.6,15.0
360.1,23.442125,7.593772,21.146969,4.971376,0.0015614365,-0.019907854,23.5,7.6,15.0
360.20000000000005,23.443916,7.589303,22.971706,5.0,0.0,-0.05,23.5,7.6,15.0
360.3,23.447443,7.5848403,24.080788,5.0,0.0,-0.05,23.5,7.6,15.0
360.40000000000003,23.451588,7.579923,18.606556,0.5900169,0.0026999896,-0.049999617,23.5,7.6,15.0
360.5,23.4549,7.575007,13.446298,0.5900169,0.0026999896,-0.049999617,23.5,7.6,15.0
360.6,23.459066,7.5800395,7.2247853,0.1,0.003,0.05,23.5,7.6,15.0
360.70000000000005,23.46303,7.585072,1.0651784,0.1,0.003,0.05,23.5,7.6,15.0
360.8,23.444767,7.580616,10.791394,5.0,0.0,-0.05,23.5,7.6,15.0
360.90000000000003,23.436016,7.5761657,16.690298,5.0,0.0,-0.05,23.5,7.6,15.0
361.0,23.440065,7.5718617,10.436387,0.1,0.003,-0.0433772,23.5,7.6,15.0
361.1,23.443907,7.5675583,4.2447586,0.1,0.003,-0.0433772,23.5,7.6,15.0
361.20000000000005,23.428534,7.5631256,12.719666,5.0,0.0,-0.05,23.5,7.6,15.0
361.3,23.421438,7.558699,17.859943,5.0,0.0,-0.05,23.5,7.6,15.0
361.40000000000003,23.425308,7.563735,11.594361,0.1,0.003,0.05,23.5,7.6,15.0
361.5,23.428972,7.568771,5.391121,0.1,0.003,0.05,23.5,7.6,15.0
361.6,23.414537,7.564338,13.41072,5.0,0.0,-0.05,23.5,7.6,15.0
361.70000000000005,23.407934,7.5599117,18.27493,5.0,0.0,-0.05,23.5,7.6,15.0
361.8,23.411692,7.564949,18.349606,0.1,0.0,0.05,23.5,7.6,15.0
361.90000000000003,23.415403,7.5699863,18.423536,0.1,0.0,0.05,23.5,7.6,15.0
362.0,23.418997,7.575024,12.786682,0.1,0.0027,0.05,23.5,7.6,15.0
362.1,23.422405,7.580062,7.2059116,0.1,0.0027,0.05,23.5,7.6,15.0
362.20000000000005,23.409506,7.5756173,14.507554,5.0,0.0,-0.05,23.5,7.6,15.0
362.3,23.403738,7.5711784,18.936462,5.0,0.0,-0.05,23.5,7.6,15.0
362.40000000000003,23.407238,7.5762177,19.005959,0.10222143,0.0,0.05,23.5,7.6,15.0
362.5,23.4107,7.581257,19.074743,0.10222143,0.0,0.05,23.5,7.6,15.0
362.6,23.414127,7.577811,19.142635,0.10189702,0.0,-0.034854002,23.5,7.6,15.0
362.70000000000005,23.41752,7.574365,19.209887,0.10189702,0.0,-0.034854002,23.5,7.6,15.0
362.8,23.420767,7.570509,14.18978,0.12762451,0.0024164927,-0.03898799,23.5,7.6,15.0
362.90000000000003,23.423824,7.566653,9.233396,0.12762451,0.0024164927,-0.03898799,23.5,7.6,15.0
363.0,23.41259,7.5622263,15.741646,5.0,0.0,-0.05,23.5,7.6,15.0
363.1,23.407722,7.5578055,19.6895,5.0,0.0,-0.05,23.5,7.6,15.0
363.20000000000005,23.403316,7.563384,17.068895,5.0,0.003,0.05,23.5,7.6,15.0
363.3,23.396338,7.5689554,15.475727,5.0,0.003,0.05,23.5,7.6,15.0
363.40000000000003,23.398046,7.5735154,10.168733,0.56403804,0.0028410493,0.044701643,23.5,7.6,15.0
363.5,23.399015,7.5780745,5.1526923,0.56403804,0.0028410493,0.044701643,23.5,7.6,15.0
363.6,23.383724,7.5736337,13.25488,5.0,0.0,-0.05,23.5,7.6,15.0
363.70000000000005,23.376389,7.569198,18.168972,5.0,0.0,-0.05,23.5,7.6,15.0
363.8,23.379553,7.574238,18.24441,0.1,0.0,0.05,23.5,7.6,15.0
363.90000000000003,23.382717,7.579277,18.31909,0.1,0.0,0.05,23.5,7.6,15.0
364.0,23.385859,7.5843163,17.00947,0.10526231,0.0006562146,0.05,23.5,7.6,15.0
364.1,23.388971,7.5893555,15.713557,0.10526231,0.0006562146,0.05,23.5,7.6,15.0
364.20000000000005,23.392008,7.594321,10.542196,0.10526571,0.0024956216,0.0492678,23.5,7.6,15.0
364.3,23.39492,7.5992856,5.4249787,0.10526571,0.0024956216,0.0492678,23.5,7.6,15.0
364.40000000000003,23.379992,7.5948167,13.413949,5.0,0.0,-0.05,23.5,7.6,15.0
364.5,23.372932,7.590353,18.259441,5.0,0.0,-0.05,23.5,7.6,15.0
364.6,23.376165,7.595391,18.339508,0.10768047,0.0,0.05,23.5,7.6,15.0
364.70000000000005,23.379423,7.600428,18.41871,0.10768047,0.0,0.05,23.5,7.6,15.0
364.8,23.38271,7.605465,18.496912,0.10747692,0.0,0.05,23.5,7.6,15.0
364.90000000000003,23.386026,7.610501,18.574272,0.10747692,0.0,0.05,23.5,7.6,15.0
365.0,23.389341,7.615536,15.996147,0.10727182,0.0012556416,0.05,23.5,7.6,15.0
365.1,23.39262,7.620571,13.445524,0.10727182,0.0012556416,0.05,23.5,7.6,15.0
365.20000000000005,23.387926,7.6252074,16.998314,3.6741223,0.00012556415,0.042652678,23.5,7.6,15.0
365.3,23.386013,7.629839,19.457315,3.6741223,0.00012556415,0.042652678,23.5,7.6,15.0
365.40000000000003,23.384333,7.6335497,17.658846,3.6741223,0.0020938641,0.03348972,23.5,7.6,15.0
365.5,23.381323,7.6372566,16.412024,3.6741223,0.0020938641,0.03348972,23.5,7.6,15.0
365.6,23.377407,7.6400867,15.547093,3.6741223,0.0020938641,0.024753515,23.5,7.6,15.0
365.70000000000005,23.37288,7.642914,14.946559,3.6741223,0.0020938641,0.024753515,23.5,7.6,15.0
365.8,23.36795,7.644914,14.529106,3.6741223,0.0020938641,0.016510088,23.5,7.6,15.0
365.90000000000003,23.362755,7.646912,14.238447,3.6741223,0.0020938641,0.016510088,23.5,7.6,15.0
366.0,23.357391,7.648137,14.035631,3.6741223,0.0020938641,0.008799072,23.5,7.6,15.0
366.1,23.351929,7.6493607,13.893689,3.6741223,0.0020938641,0.008799072,23.5,7.6,15.0
366.20000000000005,23.346415,7.6498675,13.793962,3.6741223,0.0020938641,0.0016414855,23.5,7.6,15.0
366.3,23.34088,7.6503735,13.723525,3.6741223,0.0020938641,0.0016414855,23.5,7.6,15.0
366.40000000000003,23.335346,7.650379,13.673422,3.6741223,0.0020938641,-0.0033562267,23.5,7.6,15.0
366.5,23.32983,7.650385,13.637446,3.6741223,0.0020938641,-0.0033562267,23.5,7.6,15.0
366.6,23.324343,7.6503906,13.611261,3.6741223,0.0020938641,-0.0033562267,23.5,7.6,15.0
366.70000000000005,23.318892,7.650396,13.591864,3.6741223,0.0020938641,-0.0033562267,23.5,7.6,15.0
366.8,23.31348,7.650401,13.577176,3.6741223,0.0020938641,-0.0033562267,23.5,7.6,15.0
366.90000000000003,23.308111,7.6504064,13.565761,3.6741223,0.0020938641,-0.0033562267,23.5,7.6,15.0
367.0,23.302788,7.6504116,13.556622,3.6741223,0.0020938641,-0.003356227,23.5,7.6,15.0
367.1,23.29751,7.6504164,13.549068,3.6741223,0.0020938641,-0.003356227,23.5,7.6,15.0
367.20000000000005,23.292278,7.650421,13.542625,3.6741223,0.0020938641,-0.0033562272,23.5,7.6,15.0
367.3,23.28709,7.650426,13.536962,3.6741223,0.0020938641,-0.0033562272,23.5,7.6,15.0
367.40000000000003,23.28429,7.6496863,16.694616,3.3115613,0.00013940898,-0.010488775,23.5,7.6,15.0
367.5,23.283758,7.6489472,18.962006,3.3115613,0.00013940898,-0.010488775,23.5,7.6,15.0
367.6,23.284492,7.648072,19.739595,3.311665,0.0006097571,-0.011861655,23.5,7.6,15.0
367.70000000000005,23.28581,7.6471972,20.298368,3.311665,0.0006097571,-0.011861655,23.5,7.6,15.0
367.8,23.288422,7.6463337,21.068073,2.4956493,0.00021766915,-0.011041109,23.5,7.6,15.0
367.90000000000003,23.291489,7.6454706,21.668373,2.4956493,0.00021766915,-0.011041109,23.5,7.6,15.0
368.0,23.294838,7.644655,21.89017,2.4956841,0.00034876933,-0.010575433,23.5,7.6,15.0
368.1,23.298336,7.6438403,22.063656,2.4956841,0.00034876933,-0.010575433,23.5,7.6,15.0
368.20000000000005,23.301899,7.6430345,22.032085,2.4956872,0.00043778992,-0.010495554,23.5,7.6,15.0
368.3,23.305468,7.642229,22.008184,2.4956872,0.00043778992,-0.010495554,23.5,7.6,15.0
368.40000000000003,23.308943,7.6414723,21.6851,2.4956858,0.0006000263,-0.010017697,23.5,7.6,15.0
368.5,23.312256,7.6407166,21.434032,2.4956858,0.0006000263,-0.010017697,23.5,7.6,15.0
368.6,23.31517,7.6400332,20.399298,2.4957325,0.0010464919,-0.009300919,23.5,7.6,15.0
368.70000000000005,23.317526,7.639351,19.593616,2.4957325,0.0010464919,-0.009300919,23.5,7.6,15.0
368.8,23.319368,7.638716,18.729425,2.4957242,0.0011724331,-0.0088288,23.5,7.6,15.0
368.90000000000003,23.32074,7.6380825,18.056444,2.4957242,0.0011724331,-0.0088288,23.5,7.6,15.0
369.0,23.321526,7.6374474,16.866852,2.495754,0.0015262723,-0.008849536,23.5,7.6,15.0
369.1,23.321655,7.636813,15.940149,2.495754,0.0015262723,-0.008849536,23.5,7.6,15.0
369.20000000000005,23.321415,7.636181,15.659499,2.4957302,0.001291631,-0.008835179,23.5,7.6,15.0
369.3,23.321014,7.6355495,15.440863,2.4957302,0.001291631,-0.008835179,23.5,7.6,15.0
369.40000000000003,23.32029,7.6349535,14.672402,2.495754,0.0016096332,-0.008490528,23.5,7.6,15.0
369.5,23.31913,7.634358,14.073585,2.495754,0.0016096332,-0.008490528,23.5,7.6,15.0
369.6,23.317627,7.63382,13.606882,2.4957614,0.0016096332,-0.007924716,23.5,7.6,15.0
369.70000000000005,23.31585,7.6332827,13.243053,2.4957614,0.0016096332,-0.007924716,23.5,7.6,15.0
369.8,23.313972,7.63268,13.156716,2.4755783,0.0014928591,-0.008568199,23.5,7.6,15.0
369.90000000000003,23.312025,7.6320777,13.089076,2.4755783,0.0014928591,-0.008568199,23.5,7.6,15.0
370.0,23.309961,7.6315026,12.861543,2.4755929,0.0015855399,-0.008303888,24.2,7.9,15.0
370.1,23.307745,7.630928,12.683627,2.4755929,0.0015855399,-0.008303888,24.2,7.9,15.0
370.20000000000005,23.312305,7.6359653,12.812769,0.1,0.0,0.05,24.2,7.9,15.0
370.3,23.316837,7.6410027,12.940629,0.1,0.0,0.05,24.2,7.9,15.0
370.40000000000003,23.321339,7.64604,13.067221,0.1,0.0,0.05,24.2,7.9,15.0
370.5,23.325808,7.6510773,13.192556,0.1,0.0,0.05,24.2,7.9,15.0
370.6,23.33024,7.6561146,13.316648,0.1,0.0,0.05,24.2,7.9,15.0
370.70000000000005,23.334637,7.661152,13.4395075,0.1,0.0,0.05,24.2,7.9,15.0
370.8,23.338993,7.666189,13.561148,0.1,0.0,0.05,24.2,7.9,15.0
370.90000000000003,23.34331,7.6712265,13.68158,0.1,0.0,0.05,24.2,7.9,15.0
371.0,23.347584,7.676264,13.800815,0.1,0.0,0.05,24.2,7.9,15.0
371.1,23.351816,7.681301,13.918865,0.1,0.0,0.05,24.2,7.9,15.0
371.20000000000005,23.356003,7.6863384,14.035743,0.1,0.0,0.05,24.2,7.9,15.0
371.3,23.360146,7.6913753,14.151458,0.1,0.0,0.05,24.2,7.9,15.0
371.40000000000003,23.36424,7.696412,14.266023,0.1,0.0,0.05,24.2,7.9,15.0
371.5,23.36829,7.7014484,14.379448,0.1,0.0,0.05,24.2,7.9,15.0
371.6,23.372292,7.706485,14.491744,0.1,0.0,0.05,24.2,7.9,15.0
371.70000000000005,23.376245,7.7115207,14.602922,0.1,0.0,0.05,24.2,7.9,15.0
371.8,23.380154,7.7165565,14.712995,0.1,0.0,0.05,24.2,7.9,15.0
371.90000000000003,23.384014,7.721592,14.82197,0.1,0.0,0.05,24.2,7.9,15.0
372.0,23.387827,7.726627,14.92986,0.1,0.0,0.05,24.2,7.9,15.0
372.1,23.391594,7.7316613,15.0366745,0.1,0.0,0.05,24.2,7.9,15.0
372.20000000000005,23.395315,7.7366953,15.142424,0.1,0.0,0.05,24.2,7.9,15.0
372.3,23.39899,7.741729,15.247118,0.1,0.0,0.05,24.2,7.9,15.0
372.40000000000003,23.402622,7.746762,15.350768,0.1,0.0,0.05,24.2,7.9,15.0
372.5,23.406212,7.7517943,15.453384,0.1,0.0,0.05,24.2,7.9,15.0
372.6,23.40976,7.756606,15.554976,0.1,0.0,0.04779264,24.2,7.9,15.0
372.70000000000005,23.413267,7.7614174,15.655555,0.1,0.0,0.04779264,24.2,7.9,15.0
372.8,23.416737,7.7652397,15.755133,0.1,0.0,0.037910566,24.2,7.9,15.0
372.90000000000003,23.42017,7.7690616,15.853724,0.1,0.0,0.037910566,24.2,7.9,15.0
373.0,23.423567,7.772823,15.951336,0.1,0.0,0.03730848,24.2,7.9,15.0
373.1,23.426931,7.7765837,16.04798,0.1,0.0,0.03730848,24.2,7.9,15.0
373.20000000000005,23.430265,7.781613,16.14366,0.1,0.0,0.05,24.2,7.9,15.0
373.3,23.43357,7.7866416,16.238382,0.1,0.0,0.05,24.2,7.9,15.0
373.40000000000003,23.436852,7.79167,16.332157,0.1,0.0,0.05,24.2,7.9,15.0
373.5,23.44011,7.7966976,16.424994,0.1,0.0,0.05,24.2,7.9,15.0
373.6,23.443346,7.801725,16.516901,0.1,0.0,0.05,24.2,7.9,15.0
373.70000000000005,23.446566,7.8067517,16.607887,0.1,0.0,0.05,24.2,7.9,15.0
373.8,23.44977,7.811778,16.697964,0.1,0.0,0.05,24.2,7.9,15.0
373.90000000000003,23.452961,7.816804,16.787136,0.1,0.0,0.05,24.2,7.9,15.0
374.0,23.456142,7.8218293,16.875416,0.1,0.0,0.05,24.2,7.9,15.0
374.1,23.459318,7.8268547,16.96281,0.1,0.0,0.05,24.2,7.9,15.0
374.20000000000005,23.46249,7.8318796,17.04933,0.1,0.0,0.05,24.2,7.9,15.0
374.3,23.46566,7.836904,17.134981,0.1,0.0,0.05,24.2,7.9,15.0
374.40000000000003,23.468832,7.841928,17.219774,0.1,0.0,0.05,24.2,7.9,15.0
374.5,23.47201,7.846952,17.303717,0.1,0.0,0.05,24.2,7.9,15.0
374.6,23.475195,7.849514,17.386826,0.1,0.0,0.025386373,24.2,7.9,15.0
374.70000000000005,23.478392,7.852076,17.469116,0.1,0.0,0.025386373,24.2,7.9,15.0
374.8,23.481602,7.853844,17.5506,0.1,0.0,0.017446354,24.2,7.9,15.0
374.90000000000003,23.484829,7.855612,17.631287,0.1,0.0,0.017446354,24.2,7.9,15.0
375.0,23.488075,7.8586946,17.71118,0.1,0.0,0.030597024,24.2,7.9,15.0
375.1,23.491343,7.8617773,17.790283,0.1,0.0,0.030597024,24.2,7.9,15.0
375.20000000000005,23.494637,7.8655233,17.868603,0.1,0.0,0.037230216,24.2,7.9,15.0
375.3,23.497957,7.8692694,17.946146,0.1,0.0,0.037230216,24.2,7.9,15.0
375.40000000000003,23.501308,7.8735914,18.022919,0.1,0.0,0.042989127,24.2,7.9,15.0
375.5,23.504692,7.8779135,18.098927,0.1,0.0,0.042989127,24.2,7.9,15.0
375.6,23.50811,7.8829365,18.174175,0.1,0.0,0.05,24.2,7.9,15.0
375.70000000000005,23.511564,7.8879595,18.24867,0.1,0.0,0.05,24.2,7.9,15.0
375.8,23.511354,7.893076,20.44348,3.5129247,0.0,0.05,24.2,7.9,15.0
375.90000000000003,23.51282,7.898188,21.987484,3.5129247,0.0,0.05,24.2,7.9,15.0
376.0,23.515476,7.9028764,23.073784,3.5129044,0.0,0.0458014,24.2,7.9,15.0
376.1,23.518988,7.907561,23.83821,3.5129044,0.0,0.0458014,24.2,7.9,15.0
376.20000000000005,23.523174,7.9120464,24.422361,3.880405,0.0,0.043765776,24.2,7.9,15.0
376.3,23.527884,7.9165277,24.818897,3.880405,0.0,0.043765776,24.2,7.9,15.0
376.40000000000003,23.533352,7.921651,25.148277,5.0,0.0,0.05,24.2,7.9,15.0
376.5,23.539202,7.9267683,25.348604,5.0,0.0,0.05,24.2,7.9,15.0
376.6,23.545305,7.9318795,25.47072,5.0,0.0,0.05,24.2,7.9,15.0
376.70000000000005,23.551586,7.9369845,25.54544,5.0,0.0,0.05,24.2,7.9,15.0
376.8,23.557999,7.942084,25.59145,5.0,0.0,0.05,24.2,7.9,15.0
376.90000000000003,23.564514,7.947177,25.620073,5.0,0.0,0.05,24.2,7.9,15.0
377.0,23.571115,7.9522643,25.638176,5.0,0.0,0.05,24.2,7.9,15.0
377.1,23.577793,7.9573455,25.64992,5.0,0.0,0.05,24.2,7.9,15.0
377.20000000000005,23.58454,7.962421,25.657827,5.0,0.0,0.05,24.2,7.9,15.0
377.3,23.59135,7.96749,25.66343,5.0,0.0,0.05,24.2,7.9,15.0
377.40000000000003,23.598225,7.9725537,25.667652,5.0,0.0,0.05,24.2,7.9,15.0
377.5,23.605158,7.977611,25.671057,5.0,0.0,0.05,24.2,7.9,15.0
377.6,23.612148,7.98266,25.673985,5.0,0.0,0.049971905,24.2,7.9,15.0
377.70000000000005,23.619196,7.9877024,25.676641,5.0,0.0,0.049971905,24.2,7.9,15.0
377.8,23.626291,7.9873824,25.679838,5.0,0.0,-0.003627069,24.2,7.9,15.0
377.90000000000003,23.633425,7.9870634,25.683952,5.0,0.0,-0.003627069,24.2,7.9,15.0
378.0,23.6406,7.9895644,25.688272,5.0,0.0,0.024585487,24.2,7.9,15.0
378.1,23.64782,7.9920626,25.692427,5.0,0.0,0.024585487,24.2,7.9,15.0
378.20000000000005,23.65508,7.9950013,25.696438,5.0,0.0,0.029021952,24.2,7.9,15.0
378.3,23.662384,7.9979367,25.700327,5.0,0.0,0.029021952,24.2,7.9,15.0
378.40000000000003,23.669727,8.000895,25.704151,5.0,0.0,0.029281948,24.2,7.9,15.0
378.5,23.677107,8.003849,25.707947,5.0,0.0,0.029281948,24.2,7.9,15.0
378.6,23.684519,8.004845,25.711985,5.0,0.0,0.009716906,24.2,7.9,15.0
378.70000000000005,23.691957,8.005838,25.71639,5.0,0.0,0.009716906,24.2,7.9,15.0
378.8,23.699419,8.006526,25.721066,5.0,0.0,0.006657976,24.2,7.9,15.0
378.90000000000003,23.706902,8.007213,25.725945,5.0,0.0,0.006657976,24.2,7.9,15.0
379.0,23.714394,8.002236,25.731678,5.0,0.0,-0.05,24.2,7.9,15.0
379.1,23.721886,7.997266,25.738539,5.0,0.0,-0.05,24.2,7.9,15.0
379.20000000000005,23.729378,7.992496,25.746058,5.0,0.0,-0.048054483,24.2,7.9,15.0
379.3,23.736866,7.987732,25.753954,5.0,0.0,-0.048054483,24.2,7.9,15.0
379.40000000000003,23.744349,7.9830937,25.76206,5.0,0.0,-0.046853494,24.2,7.9,15.0
379.5,23.751822,7.9784613,25.770279,5.0,0.0,-0.046853494,24.2,7.9,15.0
379.6,23.759283,7.9738345,25.77856,5.0,0.0,-0.046853494,24.2,7.9,15.0
379.70000000000005,23.766731,7.969213,25.786875,5.0,0.0,-0.046853494,24.2,7.9,15.0
379.8,23.774164,7.965207,25.795124,5.0,0.0,-0.040748857,24.2,7.9,15.0
379.90000000000003,23.781578,7.961206,25.803263,5.0,0.0,-0.040748857,24.2,7.9,15.0
380.0,23.78897,7.9571505,25.811337,5.0,0.0,-0.041340157,24.2,7.9,15.0
380.1,23.796339,7.9530997,25.819368,5.0,0.0,-0.041340157,24.2,7.9,15.0
380.20000000000005,23.80368,7.949058,25.827364,5.0,0.0,-0.04129951,24.2,7.9,15.0
380.3,23.810991,7.945021,25.83533,5.0,0.0,-0.04129951,24.2,7.9,15.0
380.40000000000003,23.818275,7.945299,25.842712,5.0,0.0,0.0018312709,24.2,7.9,15.0
380.5,23.825537,7.9455767,25.849272,5.0,0.0,0.0018312709,24.2,7.9,15.0
380.6,23.832771,7.9458194,25.855328,5.0,0.0,0.0014941561,24.2,7.9,15.0
380.70000000000005,23.839975,7.9460616,25.861074,5.0,0.0,0.0014941561,24.2,7.9,15.0
380.8,23.847149,7.9463406,25.86662,5.0,0.0,0.0018685095,24.2,7.9,15.0
380.90000000000003,23.854286,7.9466186,25.872028,5.0,0.0,0.0018685095,24.2,7.9,15.0
381.0,23.861387,7.9468455,25.87735,5.0,0.0,0.0013622992,24.2,7.9,15.0
381.1,23.868448,7.9470716,25.882614,5.0,0.0,0.0013622992,24.2,7.9,15.0
381.20000000000005,23.87547,7.9473076,25.887829,5.0,0.0,0.0014663019,24.2,7.9,15.0
381.3,23.882446,7.9475427,25.893002,5.0,0.0,0.0014663019,24.2,7.9,15.0
381.40000000000003,23.88938,7.9477696,25.898136,5.0,0.0,0.0013896071,24.2,7.9,15.0
381.5,23.896267,7.947996,25.903236,5.0,0.0,0.0013896071,24.2,7.9,15.0
381.6,23.903107,7.948279,25.908293,5.0,0.0,0.001961839,24.2,7.9,15.0
381.70000000000005,23.909899,7.948561,25.913303,5.0,0.0,0.001961839,24.2,7.9,15.0
381.8,23.916637,7.946786,25.918537,5.0,0.0,-0.018619223,24.2,7.9,15.0
381.90000000000003,23.92332,7.9450126,25.924109,5.0,0.0,-0.018619223,24.2,7.9,15.0
382.0,23.929947,7.943241,25.92987,5.0,0.0,-0.018619737,24.2,7.9,15.0
382.1,23.936518,7.9414716,25.935728,5.0,0.0,-0.018619737,24.2,7.9,15.0
382.20000000000005,23.943031,7.9397078,25.94163,5.0,0.0,-0.018582178,24.2,7.9,15.0
382.3,23.949488,7.937946,25.947536,5.0,0.0,-0.018582178,24.2,7.9,15.0
382.40000000000003,23.955889,7.9361587,25.953436,5.0,0.0,-0.018856067,24.2,7.9,15.0
382.5,23.962233,7.934374,25.959314,5.0,0.0,-0.018856067,24.2,7.9,15.0
382.6,23.968521,7.9325857,25.965166,5.0,0.0,-0.01891034,24.2,7.9,15.0
382.70000000000005,23.974754,7.9307995,25.970984,5.0,0.0,-0.01891034,24.2,7.9,15.0
382.8,23.980934,7.9290414,25.97676,5.0,0.0,-0.018649979,24.2,7.9,15.0
382.90000000000003,23.98706,7.9272857,25.982494,5.0,0.0,-0.018649979,24.2,7.9,15.0
383.0,23.993134,7.925537,25.988186,5.0,0.0,-0.018599104,24.2,7.9,15.0
383.1,23.999157,7.923791,25.993834,5.0,0.0,-0.018599104,24.2,7.9,15.0
383.20000000000005,24.00513,7.922056,25.999441,5.0,0.0,-0.018505134,24.2,7.9,15.0
383.3,24.011057,7.920324,26.005007,5.0,0.0,-0.018505134,24.2,7.9,15.0
383.40000000000003,24.016937,7.9185987,26.01053,5.0,0.0,-0.018459944,24.2,7.9,15.0
383.5,24.022774,7.9168754,26.016016,5.0,0.0,-0.018459944,24.2,7.9,15.0
383.6,24.028568,7.915162,26.021465,5.0,0.0,-0.01838618,24.2,7.9,15.0
383.70000000000005,24.034323,7.913451,26.026878,5.0,0.0,-0.01838618,24.2,7.9,15.0
383.8,24.04004,7.9117427,26.032257,5.0,0.0,-0.01838618,24.2,7.9,15.0
383.90000000000003,24.045721,7.9100366,26.037603,5.0,0.0,-0.01838618,24.2,7.9,15.0
384.0,24.051374,7.9113436,26.042536,5.0,0.0,0.011738747,24.2,7.9,15.0
384.1,24.057007,7.912649,26.046885,5.0,0.0,0.011738747,24.2,7.9,15.0
384.20000000000005,24.06262,7.914115,26.050852,5.0,0.0,0.013357868,24.2,7.9,15.0
384.3,24.068216,7.9155793,26.054567,5.0,0.0,0.013357868,24.2,7.9,15.0
384.40000000000003,24.0738,7.9169545,26.058136,5.0,0.0,0.012478417,24.2,7.9,15.0
384.5,24.07937,7.9183283,26.06162,5.0,0.0,0.012478417,24.2,7.9,15.0
384.6,24.084934,7.9196343,26.065062,5.0,0.0,0.011815854,24.2,7.9,15.0
384.70000000000005,24.090492,7.9209394,26.068481,5.0,0.0,0.011815854,24.2,7.9,15.0
384.8,24.096048,7.922561,26.071846,5.0,0.0,0.014995682,24.2,7.9,15.0
384.90000000000003,24.101606,7.924181,26.075146,5.0,0.0,0.014995682,24.2,7.9,15.0
385.0,24.107168,7.925703,26.078417,5.0,0.0,0.014031973,24.2,7.9,15.0
385.1,24.112738,7.9272237,26.081684,5.0,0.0,0.014031973,24.2,7.9,15.0
385.20000000000005,24.118317,7.928132,26.085032,5.0,0.0,0.007921703,24.2,7.9,15.0
385.3,24.123907,7.9290395,26.088495,5.0,0.0,0.007921703,24.2,7.9,15.0
385.40000000000003,24.12951,7.9294176,26.092102,5.0,0.0,0.0026324086,24.2,7.9,15.0
385.5,24.13513,7.9297957,26.095856,5.0,0.0,0.0026324086,24.2,7.9,15.0
385.6,24.140768,7.929625,26.099775,5.0,0.0,-0.0028553773,24.2,7.9,15.0
385.70000000000005,24.146425,7.929455,26.103859,5.0,0.0,-0.0028553773,24.2,7.9,15.0
385.8,24.152107,7.9294662,26.108027,5.0,0.0,-0.0010463542,24.2,7.9,15.0
385.90000000000003,24.157814,7.9294777,26.112232,5.0,0.0,-0.0010463542,24.2,7.9,15.0
386.0,24.163544,7.9250174,26.11704,5.0,0.0,-0.04579394,24.2,7.9,15.0
386.1,24.169292,7.9205627,26.122704,5.0,0.0,-0.04579394,24.2,7.9,15.0
386.20000000000005,24.175062,7.9162583,26.12887,5.0,0.0,-0.044349495,24.2,7.9,15.0
386.3,24.180857,7.9119596,26.135332,5.0,0.0,-0.044349495,24.2,7.9,15.0
386.40000000000003,24.186678,7.9077964,26.141964,5.0,0.0,-0.04304934,24.2,7.9,15.0
386.5,24.19253,7.9036384,26.148691,5.0,0.0,-0.04304934,24.2,7.9,15.0
386.6,24.198412,7.899598,26.15547,5.0,0.0,-0.0419257,24.2,7.9,15.0
386.70000000000005,24.204329,7.8955626,26.162275,5.0,0.0,-0.0419257,24.2,7.9,15.0
386.8,24.210278,7.891648,26.165096,5.0,2.3903858e-06,-0.04077186,24.2,7.9,15.0
386.90000000000003,24.216259,7.8877378,26.16949,5.0,2.3903858e-06,-0.04077186,24.2,7.9,15.0
387.0,24.222263,7.8839755,26.162266,4.9896164,9.891394e-06,-0.039340068,24.2,7.9,15.0
387.1,24.228292,7.8802176,26.160536,4.9896164,9.891394e-06,-0.039340068,24.2,7.9,15.0
387.20000000000005,24.234348,7.8765707,26.156862,4.9889483,1.3043089e-05,-0.038276996,24.2,7.9,15.0
387.3,24.240435,7.872928,26.157276,4.9889483,1.3043089e-05,-0.038276996,24.2,7.9,15.0
387.40000000000003,24.246561,7.8733606,26.159662,4.9889483,1.3043089e-05,0.0024553076,24.2,7.9,15.0
387.5,24.252735,7.873792,26.162823,4.9889483,1.3043089e-05,0.0024553076,24.2,7.9,15.0
387.6,24.258959,7.874223,26.166466,4.9889483,1.304309e-05,0.0024553076,24.2,7.9,15.0
387.70000000000005,24.265232,7.8746533,26.170418,4.9889483,1.304309e-05,0.0024553076,24.2,7.9,15.0
387.8,24.271555,7.8750825,26.174572,4.9889483,1.304309e-05,0.0024553076,24.2,7.9,15.0
387.90000000000003,24.277927,7.875511,26.178864,4.9889483,1.304309e-05,0.0024553076,24.2,7.9,15.0
388.0,24.284353,7.875939,26.18955,4.9955196,9.2968885e-06,0.0024553076,24.2,7.9,15.0
388.1,24.290833,7.876366,26.19784,4.9955196,9.2968885e-06,0.0024553076,24.2,7.9,15.0
388.20000000000005,24.297363,7.8767924,26.204689,4.9955196,9.2968885e-06,0.0024553076,24.2,7.9,15.0
388.3,24.30394,7.877218,26.210678,4.9955196,9.2968885e-06,0.0024553076,24.2,7.9,15.0
388.40000000000003,24.308676,7.87663,23.42857,4.1245084,0.0016081815,-0.0074084694,24.2,7.9,15.0
388.5,24.3111,7.876042,21.587467,4.1245084,0.0016081815,-0.0074084694,24.2,7.9,15.0
388.6,24.315655,7.87107,15.289573,0.1,0.003,-0.05,24.2,7.9,15.0
388.70000000000005,24.320091,7.866098,9.054406,0.1,0.003,-0.05,24.2,7.9,15.0
388.8,24.309975,7.8612924,15.826937,5.0,0.0,-0.05,24.2,7.9,15.0
388.90000000000003,24.306543,7.8564925,19.935623,5.0,0.0,-0.05,24.2,7.9,15.0
389.0,24.311201,7.860421,13.654222,0.1,0.003,0.039017774,24.2,7.9,15.0
389.1,24.315733,7.8643494,7.4353313,0.1,0.003,0.039017774,24.2,7.9,15.0
389.20000000000005,24.30415,7.8595448,14.8434,5.0,0.0,-0.05,24.2,7.9,15.0
389.3,24.29987,7.854746,19.337387,5.0,0.0,-0.05,24.2,7.9,15.0
389.40000000000003,24.304617,7.859348,13.061896,0.1,0.003,0.04576166,24.2,7.9,15.0
389.5,24.309229,7.8639493,6.8488555,0.1,0.003,0.04576166,24.2,7.9,15.0
389.6,24.29716,7.8591437,14.485634,5.0,0.0,-0.05,24.2,7.9,15.0
389.70000000000005,24.292604,7.854344,19.118288,5.0,0.0,-0.05,24.2,7.9,15.0
389.8,24.29537,7.8557405,13.820313,1.0950878,0.003,0.013361447,24.2,7.9,15.0
389.90000000000003,24.29677,7.8571367,9.071948,1.0950878,0.003,0.013361447,24.2,7.9,15.0
390.0,24.286915,7.852339,15.832859,5.0,0.0,-0.05,24.2,7.9,15.0
390.1,24.283699,7.8475466,19.93456,5.0,0.0,-0.05,24.2,7.9,15.0
390.20000000000005,24.284502,7.84276,22.424234,5.0,0.0,-0.05,24.2,7.9,15.0
390.3,24.287731,7.8379793,23.936684,5.0,0.0,-0.05,24.2,7.9,15.0
390.40000000000003,24.29242,7.8332043,24.856728,5.0,0.0,-0.05,24.2,7.9,15.0
390.5,24.297983,7.8284354,25.417645,5.0,0.0,-0.05,24.2,7.9,15.0
390.6,24.302916,7.8334594,19.081797,0.1,0.003,0.05,24.2,7.9,15.0
390.70000000000005,24.307674,7.838483,12.808998,0.1,0.003,0.05,24.2,7.9,15.0
390.8,24.312258,7.8435063,6.5986195,0.1,0.003,0.05,24.2,7.9,15.0
390.90000000000003,24.316664,7.84853,0.45003882,0.1,0.003,0.05,24.2,7.9,15.0
391.0,24.298168,7.843742,10.607732,5.0,0.0,-0.05,24.2,7.9,15.0
391.1,24.289629,7.8389597,16.76853,5.0,0.0,-0.05,24.2,7.9,15.0
391.20000000000005,24.28372,7.8441777,15.490054,5.0,0.003,0.05,24.2,7.9,15.0
391.3,24.276543,7.849389,14.711119,5.0,0.003,0.05,24.2,7.9,15.0
391.40000000000003,24.268578,7.847997,14.235847,5.0,0.003,-0.0160124,24.2,7.9,15.0
391.5,24.260113,7.846607,13.945359,5.0,0.003,-0.0160124,24.2,7.9,15.0
391.6,24.25133,7.8467555,13.766679,5.0,0.003,-0.00063925126,24.2,7.9,15.0
391.70000000000005,24.242338,7.846904,13.655601,5.0,0.003,-0.00063925126,24.2,7.9,15.0
391.8,24.233212,7.851013,13.584983,5.0,0.003,0.03899496,24.2,7.9,15.0
391.90000000000003,24.223991,7.855118,13.538458,5.0,0.003,0.03899496,24.2,7.9,15.0
392.0,24.214703,7.860317,13.506389,5.0,0.003,0.05,24.2,7.9,15.0
392.1,24.205359,7.865511,13.482955,5.0,0.003,0.05,24.2,7.9,15.0
392.20000000000005,24.201426,7.867975,10.89938,2.6975315,0.003,0.023519443,24.2,7.9,15.0
392.3,24.19592,7.870438,8.925416,2.6975315,0.003,0.023519443,24.2,7.9,15.0
392.40000000000003,24.185366,7.8656263,15.710955,5.0,0.0,-0.05,24.2,7.9,15.0
392.5,24.181421,7.860821,19.827394,5.0,0.0,-0.05,24.2,7.9,15.0
392.6,24.185453,7.865848,13.546104,0.1,0.003,0.05,24.2,7.9,15.0
392.70000000000005,24.189278,7.870876,7.3273134,0.1,0.003,0.05,24.2,7.9,15.0
392.8,24.176954,7.866065,14.738906,5.0,0.0,-0.05,24.2,7.9,15.0
392.90000000000003,24.17186,7.8612604,19.234802,5.0,0.0,-0.05,24.2,7.9,15.0
393.0,24.17567,7.866289,12.959333,0.1,0.003,0.05,24.2,7.9,15.0
393.1,24.179276,7.8713183,6.7463045,0.1,0.003,0.05,24.2,7.9,15.0
393.20000000000005,24.16619,7.8665085,14.383183,5.0,0.0,-0.05,24.2,7.9,15.0
393.3,24.160557,7.861705,19.015589,5.0,0.0,-0.05,24.2,7.9,15.0
393.40000000000003,24.164165,7.866735,12.742423,0.100204974,0.003,0.05,24.2,7.9,15.0
393.5,24.16757,7.8717656,6.5318003,0.100204974,0.003,0.05,24.2,7.9,15.0
393.6,24.154099,7.8669567,14.249405,5.0,0.0,-0.05,24.2,7.9,15.0
393.70000000000005,24.148165,7.862154,18.930695,5.0,0.0,-0.05,24.2,7.9,15.0
393.8,24.151672,7.8671856,19.0029,0.100468405,0.0,0.05,24.2,7.9,15.0
393.90000000000003,24.155144,7.872217,19.074377,0.100468405,0.0,0.05,24.2,7.9,15.0
394.0,24.158508,7.868249,13.434835,0.10004684,0.0027,-0.04,24.2,7.9,15.0
394.1,24.161695,7.864281,7.8514824,0.10004684,0.0027,-0.04,24.2,7.9,15.0
394.20000000000005,24.149273,7.859483,15.050367,5.0,0.0,-0.05,24.2,7.9,15.0
394.3,24.14389,7.8546906,19.417133,5.0,0.0,-0.05,24.2,7.9,15.0
394.40000000000003,24.147127,7.859723,13.139679,0.1,0.003,0.05,24.2,7.9,15.0
394.5,24.150183,7.8647556,6.9246793,0.1,0.003,0.05,24.2,7.9,15.0
394.6,24.136757,7.8599567,14.48433,5.0,0.0,-0.05,24.2,7.9,15.0
394.70000000000005,24.130737,7.855164,19.069765,5.0,0.0,-0.05,24.2,7.9,15.0
394.8,24.133959,7.860197,19.14072,0.10079817,0.0,0.05,24.2,7.9,15.0
394.90000000000003,24.137169,7.8652296,19.210958,0.10079817,0.0,0.05,24.2,7.9,15.0
395.0,24.140371,7.8655686,19.280006,0.10007982,0.0,0.003067651,24.2,7.9,15.0
395.1,24.143566,7.8659077,19.348389,0.10007982,0.0,0.003067651,24.2,7.9,15.0
395.20000000000005,24.146694,7.8623705,14.2771015,0.10007982,0.00243,-0.035693236,24.2,7.9,15.0
395.3,24.149694,7.8588333,9.256359,0.10007982,0.00243,-0.035693236,24.2,7.9,15.0
395.40000000000003,24.138468,7.854041,15.900762,5.0,0.0,-0.05,24.2,7.9,15.0
395.5,24.133772,7.8492546,19.931345,5.0,0.0,-0.05,24.2,7.9,15.0
395.6,24.129646,7.854468,17.361094,5.0,0.003,0.05,24.2,7.9,15.0
395.70000000000005,24.123026,7.859674,15.79866,5.0,0.003,0.05,24.2,7.9,15.0
395.8,24.124687,7.864722,10.199082,0.59,0.003,0.05,24.2,7.9,15.0
395.90000000000003,24.125565,7.8697686,4.9202027,0.59,0.003,0.05,24.2,7.9,15.0
396.0,24.110209,7.864961,13.2592945,5.0,0.0,-0.05,24.2,7.9,15.0
396.1,24.10307,7.8601594,18.317245,5.0,0.0,-0.05,24.2,7.9,15.0
396.20000000000005,24.106358,7.8651886,18.394894,0.1,0.0,0.05,24.2,7.9,15.0
396.3,24.109676,7.8702173,18.471764,0.1,0.0,0.05,24.2,7.9,15.0
396.40000000000003,24.107775,7.8754015,21.477343,4.9980326,0.0,0.05,24.2,7.9,15.0
396.5,24.108875,7.880579,23.300137,4.9980326,0.0,0.05,24.2,7.9,15.0
396.6,24.11081,7.8780584,22.938799,4.9980497,0.0008780678,-0.026960509,24.2,7.9,15.0
396.70000000000005,24.112415,7.8755403,22.720613,4.9980497,0.0008780678,-0.026960509,24.2,7.9,15.0
396.8,24.114998,7.873459,17.96871,1.030628,0.0025178068,-0.021372678,24.2,7.9,15.0
396.90000000000003,24.116457,7.871378,13.682428,1.030628,0.0025178068,-0.021372678,24.2,7.9,15.0
397.0,24.110786,7.869827,12.651585,3.327411,0.0025178068,-0.016817635,24.2,7.9,15.0
397.1,24.104433,7.8682766,11.911461,3.327411,0.0025178068,-0.016817635,24.2,7.9,15.0
397.20000000000005,24.107943,7.872855,12.052812,0.1,0.0,0.045531396,24.2,7.9,15.0
397.3,24.111502,7.8774333,12.192755,0.1,0.0,0.045531396,24.2,7.9,15.0
397.40000000000003,24.115114,7.8763404,12.331322,0.1,0.0,-0.011175512,24.2,7.9,15.0
397.5,24.118778,7.875247,12.468544,0.1,0.0,-0.011175512,24.2,7.9,15.0
397.6,24.122498,7.878774,12.604421,0.1,0.0,0.035031356,24.2,7.9,15.0
397.70000000000005,24.12627,7.882301,12.738953,0.1,0.0,0.035031356,24.2,7.9,15.0
397.8,24.130098,7.8815055,12.872166,0.1,0.0,-0.008185147,24.2,7.9,15.0
397.90000000000003,24.13398,7.88071,13.004087,0.1,0.0,-0.008185147,24.2,7.9,15.0
398.0,24.137917,7.885733,13.134712,0.1,0.0,0.05,24.2,7.9,15.0
398.1,24.141907,7.8907557,13.264037,0.1,0.0,0.05,24.2,7.9,15.0
398.20000000000005,24.145952,7.8924656,13.392085,0.1,0.0,0.016876554,24.2,7.9,15.0
398.3,24.150051,7.8941755,13.518879,0.1,0.0,0.016876554,24.2,7.9,15.0
398.40000000000003,24.154032,7.891797,13.72323,0.16326,0.0,-0.024025762,24.2,7.9,15.0
398.5,24.15807,7.8894186,13.924344,0.16326,0.0,-0.024025762,24.2,7.9,15.0
398.6,24.161476,7.886205,11.693265,0.38176084,0.0012894168,-0.032437395,24.2,7.9,15.0
398.70000000000005,24.164719,7.882992,9.545919,0.38176084,0.0012894168,-0.032437395,24.2,7.9,15.0
398.8,24.15512,7.8781605,16.075459,5.0,0.0,-0.05,24.2,7.9,15.0
398.90000000000003,24.151976,7.8733354,20.036823,5.0,0.0,-0.05,24.2,7.9,15.0
399.0,24.154139,7.8784,14.9145975,1.4356459,0.003,0.05,24.2,7.9,15.0
399.1,24.154633,7.8834624,10.477114,1.4356459,0.003,0.05,24.2,7.9,15.0
399.20000000000005,24.159056,7.8784876,10.633052,0.1,0.0,-0.049981076,24.2,7.9,15.0
399.3,24.163517,7.8735127,10.787501,0.1,0.0,-0.049981076,24.2,7.9,15.0
399.40000000000003,24.168015,7.878536,10.940448,0.1,0.0,0.05,24.2,7.9,15.0
399.5,24.172548,7.8835597,11.091876,0.1,0.0,0.05,24.2,7.9,15.0
399.6,24.177113,7.8885837,11.241801,0.1,0.0,0.05,24.2,7.9,15.0
399.70000000000005,24.181707,7.8936076,11.390239,0.1,0.0,0.05,24.2,7.9,15.0
399.8,24.18632,7.893329,10.846252,0.1,0.00032672443,-0.0030273215,24.2,7.9,15.0
399.90000000000003,24.190939,7.893051,10.307714,0.1,0.00032672443,-0.0030273215,24.2,7.9,15.0
400.0,24.19557,7.896152,10.4655285,0.1,0.0,0.030760806,24.2,7.9,15.0
400.1,24.20022,7.8992534,10.621789,0.1,0.0,0.030760806,24.2,7.9,15.0
400.20000000000005,24.204884,7.8971424,10.776526,0.1,0.0,-0.021365356,24.2,7.9,15.0
400.3,24.20956,7.895032,10.929771,0.1,0.0,-0.021365356,24.2,7.9,15.0
400.40000000000003,24.201748,7.89353,16.915546,4.989306,0.0,-0.016575746,24.2,7.9,15.0
400.5,24.199812,7.8920302,20.550482,4.989306,0.0,-0.016575746,24.2,7.9,15.0
400.6,24.204659,7.8950567,14.261956,0.1,0.003,0.029994594,24.2,7.9,15.0
400.70000000000005,24.209345,7.8980837,8.03602,0.1,0.003,0.029994594,24.2,7.9,15.0
400.8,24.198664,7.8932395,15.168704,5.0,0.0,-0.05,24.2,7.9,15.0
400.90000000000003,24.194977,7.8884015,19.495817,5.0,0.0,-0.05,24.2,7.9,15.0
401.0,24.199762,7.8923125,13.217769,0.1,0.003,0.038823303,24.2,7.9,15.0
401.1,24.204376,7.896224,7.0021996,0.1,0.003,0.038823303,24.2,7.9,15.0
401.20000000000005,24.192621,7.8913836,14.540199,5.0,0.0,-0.05,24.2,7.9,15.0
401.3,24.18825,7.8865495,19.112995,5.0,0.0,-0.05,24.2,7.9,15.0
401.40000000000003,24.192945,7.890968,12.838715,0.1,0.003,0.043881398,24.2,7.9,15.0
401.5,24.19746,7.895386,6.6268725,0.1,0.003,0.043881398,24.2,7.9,15.0
401.6,24.18524,7.890548,14.31054,5.0,0.0,-0.05,24.2,7.9,15.0
401.70000000000005,24.180536,7.8857164,18.97161,5.0,0.0,-0.05,24.2,7.9,15.0
401.8,24.185108,7.890586,12.698681,0.1,0.003,0.048382267,24.2,7.9,15.0
401.90000000000003,24.189487,7.8954554,6.488174,0.1,0.003,0.048382267,24.2,7.9,15.0
402.0,24.177,7.890618,14.2239685,5.0,0.0,-0.05,24.2,7.9,15.0
402.1,24.172071,7.8857865,18.916595,5.0,0.0,-0.05,24.2,7.9,15.0
402.20000000000005,24.176485,7.8904037,12.644152,0.1,0.003,0.04585188,24.2,7.9,15.0
402.3,24.1807,7.895021,6.4341245,0.1,0.003,0.04585188,24.2,7.9,15.0
402.40000000000003,24.167997,7.8901844,14.188649,5.0,0.0,-0.05,24.2,7.9,15.0
402.5,24.162867,7.885354,18.89258,5.0,0.0,-0.05,24.2,7.9,15.0
402.6,24.1671,7.890039,12.877197,0.10016594,0.0028786098,0.046529807,24.2,7.9,15.0
402.70000000000005,24.171137,7.894724,6.92177,0.10016594,0.0028786098,0.046529807,24.2,7.9,15.0
402.8,24.158731,7.889888,14.481842,5.0,0.0,-0.05,24.2,7.9,15.0
402.90000000000003,24.153702,7.8850574,19.067839,5.0,0.0,-0.05,24.2,7.9,15.0
403.0,24.157774,7.8897696,15.54425,0.100702286,0.0016997188,0.046802606,24.2,7.9,15.0
403.1,24.161709,7.894481,12.055967,0.100702286,0.0016997188,0.046802606,24.2,7.9,15.0
403.20000000000005,24.165476,7.8978558,6.1267667,0.10007023,0.0028699718,0.03343474,24.2,7.9,15.0
403.3,24.169046,7.90123,0.25661114,0.10007023,0.0028699718,0.03343474,24.2,7.9,15.0
403.40000000000003,24.149813,7.8963842,10.434284,5.0,0.0,-0.05,24.2,7.9,15.0
403.5,24.140535,7.891545,16.607002,5.0,0.0,-0.05,24.2,7.9,15.0
403.6,24.144295,7.896575,16.701761,0.1,0.0,0.05,24.2,7.9,15.0
403.70000000000005,24.148008,7.9016047,16.795576,0.1,0.0,0.05,24.2,7.9,15.0
403.8,24.15073,7.9066424,11.589029,0.44502383,0.0027,0.05,24.2,7.9,15.0
403.90000000000003,24.15284,7.9116793,6.609053,0.44502383,0.0027,0.05,24.2,7.9,15.0
404.0,24.139612,7.906819,14.282566,5.0,0.0,-0.05,24.2,7.9,15.0
404.1,24.13388,7.901964,18.937178,5.0,0.0,-0.05,24.2,7.9,15.0
404.20000000000005,24.137428,7.9058266,19.009241,0.10084149,0.0,0.038344353,24.2,7.9,15.0
404.3,24.140938,7.9096885,19.080584,0.10084149,0.0,0.038344353,24.2,7.9,15.0
404.40000000000003,24.144384,7.9123435,16.995798,0.10076551,0.0010192054,0.026281696,24.2,7.9,15.0
404.5,24.147743,7.914998,14.931925,0.10076551,0.0010192054,0.026281696,24.2,7.9,15.0
404.6,24.150993,7.9166174,10.86632,0.100152284,0.0019751708,0.01593368,24.2,7.9,15.0
404.70000000000005,24.15411,7.9182363,6.8412433,0.100152284,0.0019751708,0.01593368,24.2,7.9,15.0
404.8,24.140839,7.9133644,14.4222765,5.0,0.0,-0.05,24.2,7.9,15.0
404.90000000000003,24.134989,7.9084983,19.020752,5.0,0.0,-0.05,24.2,7.9,15.0
405.0,24.138002,7.9130497,19.241888,0.31663162,0.0,0.045218274,24.2,7.9,15.0
405.1,24.141012,7.9176,19.456118,0.31663162,0.0,0.045218274,24.2,7.9,15.0
405.20000000000005,24.144203,7.921714,16.2699,0.121955805,0.0015464668,0.040896367,24.2,7.9,15.0
405.3,24.147282,7.925827,13.122301,0.121955805,0.0015464668,0.040896367,24.2,7.9,15.0
405.40000000000003,24.1503,7.9295516,12.952756,0.12169243,0.00015464668,0.037014842,24.2,7.9,15.0
405.5,24.153301,7.933276,12.785262,0.12169243,0.00015464668,0.037014842,24.2,7.9,15.0
405.6,24.156296,7.928299,12.947038,0.12208269,0.0,-0.05,24.2,7.9,15.0
405.70000000000005,24.15929,7.9233217,13.106914,0.12208269,0.0,-0.05,24.2,7.9,15.0
405.8,24.162313,7.9205627,13.253185,0.11297476,0.0,-0.027811674,24.2,7.9,15.0
405.90000000000003,24.165344,7.917804,13.397858,0.11297476,0.0,-0.027811674,24.2,7.9,15.0
406.0,24.165255,7.914789,15.011063,1.3543278,0.0,-0.030626737,24.2,7.9,15.0
406.1,24.165682,7.9117756,16.420183,1.3543278,0.0,-0.030626737,24.2,7.9,15.0
406.20000000000005,24.16612,7.9094033,15.091542,1.3543735,0.001287659,-0.024223201,24.2,7.9,15.0
406.3,24.16615,7.9070315,13.931396,1.3543735,0.001287659,-0.024223201,24.2,7.9,15.0
406.40000000000003,24.16923,7.9047046,9.567742,0.1,0.0021208085,-0.023488738,24.2,7.9,15.0
406.5,24.172222,7.9023776,5.2475452,0.1,0.0021208085,-0.023488738,24.2,7.9,15.0
406.6,24.157282,7.897522,13.46406,5.0,0.0,-0.05,24.2,7.9,15.0
406.70000000000005,24.15044,7.8926725,18.447748,5.0,0.0,-0.05,24.2,7.9,15.0
406.8,24.153746,7.89702,15.675237,0.10163578,0.0013478611,0.043248516,24.2,7.9,15.0
406.90000000000003,24.157011,7.901367,12.93076,0.10163578,0.0013478611,0.043248516,24.2,7.9,15.0
407.0,24.148993,7.9052067,13.298547,4.1085997,0.0023409117,0.03720045,24.2,7.9,15.0
407.1,24.141335,7.9090424,13.539702,4.1085997,0.0023409117,0.03720045,24.2,7.9,15.0
407.20000000000005,24.132723,7.9122195,13.299089,4.4700074,0.0027853986,0.03057036,24.2,7.9,15.0
407.3,24.12395,7.9153934,13.142135,4.4700074,0.0027853986,0.03057036,24.2,7.9,15.0
407.40000000000003,24.115091,7.917925,13.038737,4.4700074,0.0027853986,0.02417419,24.2,7.9,15.0
407.5,24.106197,7.9204535,12.969648,4.4700074,0.0027853986,0.02417419,24.2,7.9,15.0
407.6,24.0973,7.9225135,12.922557,4.4700074,0.0027853986,0.019506792,24.2,7.9,15.0
407.70000000000005,24.088417,7.9245715,12.8895855,4.4700074,0.0027853986,0.019506792,24.2,7.9,15.0
407.8,24.079565,7.9263086,12.865691,4.4700074,0.0027853986,0.016316343,24.2,7.9,15.0
407.90000000000003,24.070751,7.9280443,12.847644,4.4700074,0.0027853986,0.016316343,24.2,7.9,15.0
408.0,24.061983,7.9295464,12.833376,4.4700074,0.0027853986,0.013997937,24.2,7.9,15.0
408.1,24.053263,7.9310474,12.821562,4.4700074,0.0027853986,0.013997937,24.2,7.9,15.0
408.20000000000005,24.044592,7.9319263,12.811403,4.4700074,0.0027853986,0.0077877087,24.2,7.9,15.0
408.3,24.035973,7.9328046,12.80238,4.4700074,0.0027853986,0.0077877087,24.2,7.9,15.0
408.40000000000003,24.02748,7.9330716,12.842653,4.4541063,0.002747229,0.0016799035,24.2,7.9,15.0
408.5,24.019081,7.9333386,12.866125,4.4541063,0.002747229,0.0016799035,24.2,7.9,15.0
408.6,24.010763,7.9330564,12.883203,4.4541063,0.0027447303,-0.0038191546,24.2,7.9,15.0
408.70000000000005,24.002518,7.9327745,12.8919735,4.4541063,0.0027447303,-0.0038191546,24.2,7.9,15.0
408.8,23.994337,7.9320846,12.898888,4.454106,0.0027427475,-0.007909447,24.2,7.9,15.0
408.90000000000003,23.986217,7.931396,12.901271,4.454106,0.0027427475,-0.007909447,24.2,7.9,15.0
409.0,23.981794,7.930682,11.161573,2.922028,0.0027433352,-0.007907517,24.2,7.9,15.0
409.1,23.976318,7.9299693,9.861814,2.922028,0.0027433352,-0.007907517,24.2,7.9,15.0
409.20000000000005,23.967316,7.925087,16.200596,5.0,0.0,-0.05,24.2,7.9,15.0
409.3,23.964579,7.9202113,20.04637,5.0,0.0,-0.05,24.2,7.9,15.0
409.40000000000003,23.965666,7.924905,22.379652,5.0,0.0,0.04568893,24.2,7.9,15.0
409.5,23.969099,7.9295926,23.795042,5.0,0.0,0.04568893,24.2,7.9,15.0
409.6,23.97397,7.933007,24.654179,5.0,0.0,0.03299996,24.2,7.9,15.0
409.70000000000005,23.979727,7.936417,25.176262,5.0,0.0,0.03299996,24.2,7.9,15.0
409.8,23.986027,7.9341173,25.494766,5.0,0.0,-0.024093471,24.2,7.9,15.0
409.90000000000003,23.992659,7.931821,25.690483,5.0,0.0,-0.024093471,24.2,7.9,15.0
410.0,23.99951,7.936932,25.810823,5.0,0.0,0.05,24.2,7.9,15.0
410.1,24.006516,7.9420366,25.884686,5.0,0.0,0.05,24.2,7.9,15.0
410.20000000000005,24.013626,7.947135,25.930382,5.0,0.0,0.05,24.2,7.9,15.0
410.3,24.020813,7.952227,25.959017,5.0,0.0,0.05,24.2,7.9,15.0
410.40000000000003,24.028051,7.9543715,25.977697,5.0,0.0,0.02056923,24.2,7.9,15.0
410.5,24.035324,7.9565134,25.990667,5.0,0.0,0.02056923,24.2,7.9,15.0
410.6,24.042614,7.953686,26.000816,5.0,0.0,-0.029124945,24.2,7.9,15.0
410.70000000000005,24.04991,7.9508624,26.009792,5.0,0.0,-0.029124945,24.2,7.9,15.0
410.8,24.057205,7.9463787,26.018269,5.0,0.0,-0.04577055,24.2,7.9,15.0
410.90000000000003,24.064493,7.9419003,26.026619,5.0,0.0,-0.04577055,24.2,7.9,15.0
411.0,24.071775,7.9398665,26.034578,5.0,0.0,-0.021360608,24.2,7.9,15.0
411.1,24.07905,7.937835,26.042034,5.0,0.0,-0.021360608,24.2,7.9,15.0
411.20000000000005,24.086317,7.936486,26.049093,5.0,0.0,-0.014560582,24.2,7.9,15.0
411.3,24.093573,7.9351377,26.055836,5.0,0.0,-0.014560582,24.2,7.9,15.0
411.40000000000003,24.100815,7.934067,26.062347,5.0,0.0,-0.011802687,24.2,7.9,15.0
411.5,24.10804,7.9329967,26.068684,5.0,0.0,-0.011802687,24.2,7.9,15.0
411.6,24.115248,7.932893,26.074785,5.0,0.0,-0.0021503929,24.2,7.9,15.0
411.70000000000005,24.122437,7.9327884,26.080635,5.0,0.0,-0.0021503929,24.2,7.9,15.0
411.8,24.1296,7.932346,26.086369,5.0,0.0,-0.005533025,24.2,7.9,15.0
411.90000000000003,24.13674,7.9319034,26.09206,5.0,0.0,-0.005533025,24.2,7.9,15.0
412.0,24.143848,7.9309096,26.09779,5.0,0.0,-0.0110497,24.2,7.9,15.0
412.1,24.150925,7.929917,26.103592,5.0,0.0,-0.0110497,24.2,7.9,15.0
412.20000000000005,24.157965,7.9287586,26.10945,5.0,0.0,-0.01271621,24.2,7.9,15.0
412.3,24.164967,7.9276013,26.115347,5.0,0.0,-0.01271621,24.2,7.9,15.0
412.40000000000003,24.171928,7.926733,26.12122,5.0,0.0,-0.009833825,24.2,7.9,15.0
412.5,24.178848,7.9258657,26.127035,5.0,0.0,-0.009833825,24.2,7.9,15.0
412.6,24.185726,7.9252553,26.132769,5.0,0.0,-0.0072656074,24.2,7.9,15.0
412.70000000000005,24.192558,7.9246454,26.138412,5.0,0.0,-0.0072656074,24.2,7.9,15.0
412.8,24.19934,7.9219627,26.144255,5.0,0.0,-0.028012393,24.2,7.9,15.0
412.90000000000003,24.20607,7.919283,26.150423,5.0,0.0,-0.028012393,24.2,7.9,15.0
413.0,24.212746,7.9166803,26.156765,5.0,0.0,-0.027270338,24.2,7.9,15.0
413.1,24.219366,7.9140806,26.163187,5.0,0.0,-0.027270338,24.2,7.9,15.0
413.20000000000005,24.22593,7.911484,26.169632,4.999992,4.878085e-09,-0.027270272,24.2,7.9,15.0
413.3,24.232437,7.90889,26.17608,4.999992,4.878085e-09,-0.027270272,24.2,7.9,15.0
413.40000000000003,24.238886,7.906299,26.182514,4.999992,5.273875e-09,-0.027270027,24.2,7.9,15.0
413.5,24.245277,7.9037113,26.188923,4.999992,5.273875e-09,-0.027270027,24.2,7.9,15.0
413.6,24.25161,7.9011264,26.195297,4.9999986,5.3079883e-09,-0.027269928,24.2,7.9,15.0
413.70000000000005,24.257885,7.898545,26.201632,4.9999986,5.3079883e-09,-0.027269928,24.2,7.9,15.0
413.8,24.264101,7.895966,26.207926,4.9999986,4.9606e-09,-0.02726983,24.2,7.9,15.0
413.90000000000003,24.27026,7.8933907,26.214176,4.9999986,4.9606e-09,-0.02726983,24.2,7.9,15.0
414.0,24.276365,7.8935347,26.21977,4.9997387,1.641299e-07,-8.556497e-05,24.2,7.9,15.0
414.1,24.282421,7.8936787,26.224924,4.9997387,1.641299e-07,-8.556497e-05,24.2,7.9,15.0
414.20000000000005,24.286293,7.888701,19.880564,0.1,0.003,-0.05,24.2,7.9,15.0
414.3,24.28996,7.8837233,13.599389,0.1,0.003,-0.05,24.2,7.9,15.0
414.40000000000003,24.280037,7.888885,13.55597,5.0,0.003,0.05,24.2,7.9,15.0
414.5,24.27005,7.89404,13.525471,5.0,0.003,0.05,24.2,7.9,15.0
414.6,24.260008,7.8935895,13.503512,5.0,0.003,-0.0060317987,24.2,7.9,15.0
414.70000000000005,24.24991,7.8931394,13.487324,5.0,0.003,-0.0060317987,24.2,7.9,15.0
414.8,24.239765,7.8921075,13.474696,5.0,0.003,-0.011859987,24.2,7.9,15.0
414.90000000000003,24.229576,7.891077,13.464278,5.0,0.003,-0.011859987,24.2,7.9,15.0
415.0,24.219347,7.8895698,13.45525,5.0,0.003,-0.016648388,24.2,7.9,15.0
415.1,24.209082,7.8880644,13.447104,5.0,0.003,-0.016648388,24.2,7.9,15.0
415.20000000000005,24.201258,7.8861923,17.08737,4.9999895,0.00081785745,-0.020340547,24.2,7.9,15.0
415.3,24.196983,7.8843226,19.294931,4.9999895,0.00081785745,-0.020340547,24.2,7.9,15.0
415.40000000000003,24.200222,7.8893466,13.018912,0.1,0.003,0.05,24.2,7.9,15.0
415.5,24.203281,7.894371,6.805334,0.1,0.003,0.05,24.2,7.9,15.0
415.6,24.189775,7.889528,14.420578,5.0,0.0,-0.05,24.2,7.9,15.0
415.70000000000005,24.183733,7.884691,19.039743,5.0,0.0,-0.05,24.2,7.9,15.0
415.8,24.186884,7.879717,12.7661915,0.1,0.003,-0.05,24.2,7.9,15.0
415.90000000000003,24.189865,7.874743,6.555115,0.1,0.003,-0.05,24.2,7.9,15.0
416.0,24.176012,7.869926,14.269364,5.0,0.0,-0.05,24.2,7.9,15.0
416.1,24.16973,7.865115,18.948513,5.0,0.0,-0.05,24.2,7.9,15.0
416.20000000000005,24.172842,7.8701425,12.675852,0.1,0.003,0.05,24.2,7.9,15.0
416.3,24.175798,7.87517,6.4655967,0.1,0.003,0.05,24.2,7.9,15.0
416.40000000000003,24.161861,7.870354,14.210783,5.0,0.0,-0.05,24.2,7.9,15.0
416.5,24.155539,7.8655443,18.908686,5.0,0.0,-0.05,24.2,7.9,15.0
416.6,24.158676,7.8705735,13.827659,0.101583645,0.0024374006,0.05,24.2,7.9,15.0
416.70000000000005,24.161695,7.8756027,8.797978,0.101583645,0.0024374006,0.05,24.2,7.9,15.0
416.8,24.150103,7.8707876,15.62215,5.0,0.0,-0.05,24.2,7.9,15.0
416.90000000000003,24.14523,7.8659787,19.761744,5.0,0.0,-0.05,24.2,7.9,15.0
417.0,24.146133,7.8710504,14.613251,1.3612872,0.003,0.05,24.2,7.9,15.0
417.1,24.145426,7.8761206,10.119622,1.3612872,0.003,0.05,24.2,7.9,15.0
417.20000000000005,24.148521,7.8711514,10.279088,0.1,0.0,-0.05,24.2,7.9,15.0
417.3,24.151648,7.866183,10.43702,0.1,0.0,-0.05,24.2,7.9,15.0
417.40000000000003,24.154808,7.8623657,10.5934305,0.1,0.0,-0.038487524,24.2,7.9,15.0
417.5,24.158005,7.858549,10.748331,0.1,0.0,-0.038487524,24.2,7.9,15.0
417.6,24.16124,7.863581,10.9017105,0.1,0.0,0.05,24.2,7.9,15.0
417.70000000000005,24.164516,7.8686132,11.053558,0.1,0.0,0.05,24.2,7.9,15.0
417.8,24.167837,7.872495,11.203893,0.1,0.0,0.038496163,24.2,7.9,15.0
417.90000000000003,24.171202,7.876377,11.352733,0.1,0.0,0.038496163,24.2,7.9,15.0
418.0,24.174614,7.8790708,11.500097,0.1,0.0,0.026613764,24.2,7.9,15.0
418.1,24.178074,7.8817644,11.646006,0.1,0.0,0.026613764,24.2,7.9,15.0
418.20000000000005,24.181583,7.883449,11.790475,0.1,0.0,0.01652465,24.2,7.9,15.0
418.3,24.185144,7.8851337,11.933523,0.1,0.0,0.01652465,24.2,7.9,15.0
418.40000000000003,24.188757,7.880166,12.075185,0.1,0.0,-0.05,24.2,7.9,15.0
418.5,24.192421,7.8751984,12.215493,0.1,0.0,-0.05,24.2,7.9,15.0
418.6,24.196138,7.871404,12.341725,0.1,6.021428e-06,-0.038263336,24.2,7.9,15.0
418.70000000000005,24.19991,7.86761,12.466752,0.1,6.021428e-06,-0.038263336,24.2,7.9,15.0
418.8,24.203733,7.864844,12.564072,0.1,1.8557177e-05,-0.02798229,24.2,7.9,15.0
418.90000000000003,24.207611,7.8620777,12.660468,0.1,1.8557177e-05,-0.02798229,24.2,7.9,15.0
419.0,24.205925,7.86084,10.156276,1.7947211,0.0024302488,-0.013282626,24.2,7.9,15.0
419.1,24.20326,7.8596025,8.063341,1.7947211,0.0024302488,-0.013282626,24.2,7.9,15.0
419.20000000000005,24.191816,7.854809,15.192438,5.0,0.0,-0.05,24.2,7.9,15.0
419.3,24.187426,7.850021,19.517147,5.0,0.0,-0.05,24.2,7.9,15.0
419.40000000000003,24.19165,7.855052,13.239054,0.1,0.003,0.05,24.2,7.9,15.0
419.5,24.195768,7.8600826,7.0234294,0.1,0.003,0.05,24.2,7.9,15.0
419.6,24.183508,7.855287,14.558983,5.0,0.0,-0.05,24.2,7.9,15.0
419.70000000000005,24.178698,7.8504972,19.130146,5.0,0.0,-0.05,24.2,7.9,15.0
419.8,24.183102,7.855527,12.855836,0.1,0.003,0.05,24.2,7.9,15.0
419.90000000000003,24.187393,7.860556,6.643959,0.1,0.003,0.05,24.2,7.9,15.0
420.0,24.174948,7.8557587,14.326115,5.0,0.0,-0.05,24.2,7.9,15.0
420.1,24.170088,7.8509665,18.986202,5.0,0.0,-0.05,24.2,7.9,15.0
420.20000000000005,24.17465,7.855994,12.713258,0.1,0.003,0.05,24.2,7.9,15.0
420.3,24.179092,7.8610215,6.502734,0.1,0.003,0.05,24.2,7.9,15.0
420.40000000000003,24.166664,7.8562217,14.237867,5.0,0.0,-0.05,24.2,7.9,15.0
420.5,24.161865,7.8514276,18.930113,5.0,0.0,-0.05,24.2,7.9,15.0
420.6,24.166555,7.856454,12.657663,0.1,0.003,0.05,24.2,7.9,15.0
420.70000000000005,24.171114,7.8614798,6.44763,0.1,0.003,0.05,24.2,7.9,15.0
420.8,24.158749,7.856678,14.20198,5.0,0.0,-0.05,24.2,7.9,15.0
420.90000000000003,24.15402,7.851882,18.905907,5.0,0.0,-0.05,24.2,7.9,15.0
421.0,24.158792,7.856907,12.635272,0.10157966,0.003,0.05,24.2,7.9,15.0
421.1,24.16342,7.861932,6.428017,0.10157966,0.003,0.05,24.2,7.9,15.0
421.20000000000005,24.151108,7.857128,14.187712,5.0,0.0,-0.05,24.2,7.9,15.0
421.3,24.146425,7.85233,18.894897,5.0,0.0,-0.05,24.2,7.9,15.0
421.40000000000003,24.151241,7.857354,13.086648,0.10159074,0.002781373,0.05,24.2,7.9,15.0
421.5,24.155912,7.8623776,7.337112,0.10159074,0.002781373,0.05,24.2,7.9,15.0
421.6,24.144516,7.8575726,14.7371645,5.0,0.0,-0.05,24.2,7.9,15.0
421.70000000000005,24.140383,7.852773,19.226336,5.0,0.0,-0.05,24.2,7.9,15.0
421.8,24.145273,7.8577967,19.295267,0.1,0.0,0.05,24.2,7.9,15.0
421.90000000000003,24.150156,7.8628197,19.363518,0.1,0.0,0.05,24.2,7.9,15.0
422.0,24.154955,7.858843,13.721077,0.1,0.0027,-0.04,24.2,7.9,15.0
422.1,24.159595,7.854866,8.134838,0.1,0.0027,-0.04,24.2,7.9,15.0
422.20000000000005,24.148886,7.85007,15.224179,5.0,0.0,-0.05,24.2,7.9,15.0
422.3,24.145115,7.84528,19.524963,5.0,0.0,-0.05,24.2,7.9,15.0
422.40000000000003,24.149824,7.8503036,13.45634,0.10160476,0.0029015117,0.05,24.2,7.9,15.0
422.5,24.154354,7.855327,7.449068,0.10160476,0.0029015117,0.05,24.2,7.9,15.0
422.6,24.142872,7.8505306,14.806287,5.0,0.0,-0.05,24.2,7.9,15.0
422.70000000000005,24.138582,7.8457403,19.269428,5.0,0.0,-0.05,24.2,7.9,15.0
422.8,24.143173,7.8507643,14.295627,0.10159342,0.002384974,0.05,24.2,7.9,15.0
422.90000000000003,24.147602,7.855788,9.372103,0.10159342,0.002384974,0.05,24.2,7.9,15.0
423.0,24.137873,7.850992,15.971334,5.0,0.0,-0.05,24.2,7.9,15.0
423.1,24.134583,7.8462024,19.974937,5.0,0.0,-0.05,24.2,7.9,15.0
423.20000000000005,24.131783,7.8514123,17.388718,5.0,0.003,0.05,24.2,7.9,15.0
423.3,24.126415,7.856616,15.816974,5.0,0.003,0.05,24.2,7.9,15.0
423.40000000000003,24.129255,7.86155,10.216624,0.59,0.003,0.04891271,24.2,7.9,15.0
423.5,24.131247,7.866483,4.937071,0.59,0.003,0.04891271,24.2,7.9,15.0
423.6,24.116936,7.8616757,13.272148,5.0,0.0,-0.05,24.2,7.9,15.0
423.70000000000005,24.110765,7.8568745,18.32796,5.0,0.0,-0.05,24.2,7.9,15.0
423.8,24.11495,7.8619013,18.406122,0.10070117,0.0,0.05,24.2,7.9,15.0
423.90000000000003,24.119087,7.866928,18.483503,0.10070117,0.0,0.05,24.2,7.9,15.0
424.0,24.12312,7.8717113,14.220524,0.10067953,0.0020520391,0.047559213,24.2,7.9,15.0
424.1,24.126993,7.876495,10.000249,0.10067953,0.0020520391,0.047559213,24.2,7.9,15.0
424.20000000000005,24.117386,7.871677,16.341543,5.0,0.0,-0.05,24.2,7.9,15.0
424.3,24.113953,7.8668656,20.188633,5.0,0.0,-0.05,24.2,7.9,15.0
424.40000000000003,24.11378,7.872054,21.82468,5.0,0.0004173905,0.05,24.2,7.9,15.0
424.5,24.115177,7.877237,22.816385,5.0,0.0004173905,0.05,24.2,7.9,15.0
424.6,24.117987,7.8824134,24.115221,5.0,0.0,0.05,24.2,7.9,15.0
424.70000000000005,24.122036,7.8875837,24.903141,5.0,0.0,0.05,24.2,7.9,15.0
424.8,24.12682,7.8916163,25.381475,5.0,0.0,0.038676273,24.2,7.9,15.0
424.90000000000003,24.132034,7.895644,25.67225,5.0,0.0,0.038676273,24.2,7.9,15.0
425.0,24.137491,7.896319,25.849745,5.0,0.0,0.0051734312,24.2,7.9,15.0
425.1,24.143074,7.896993,25.958916,5.0,0.0,0.0051734312,24.2,7.9,15.0
425.20000000000005,24.148726,7.9016986,26.02614,5.0,0.0,0.045517344,24.2,7.9,15.0
425.3,24.15441,7.906399,26.067493,5.0,0.0,0.045517344,24.2,7.9,15.0
425.40000000000003,24.160105,7.911093,26.093157,5.0,0.0,0.045517344,24.2,7.9,15.0
425.5,24.165798,7.915782,26.1093,5.0,0.0,0.045517344,24.2,7.9,15.0
425.6,24.17148,7.919679,26.119768,5.0,0.0,0.03765626,24.2,7.9,15.0
425.70000000000005,24.177147,7.9235716,26.126875,5.0,0.0,0.03765626,24.2,7.9,15.0
425.8,24.182795,7.9257283,26.13216,5.0,0.0,0.020334905,24.2,7.9,15.0
425.90000000000003,24.188423,7.9278827,26.13652,5.0,0.0,0.020334905,24.2,7.9,15.0
426.0,24.194025,7.9253826,26.140911,5.0,0.0,-0.026210312,24.2,7.9,15.0
426.1,24.199598,7.9228854,26.145811,5.0,0.0,-0.026210312,24.2,7.9,15.0
426.20000000000005,24.205145,7.919974,26.151066,5.0,0.0,-0.030387579,24.2,7.9,15.0
426.3,24.210669,7.917066,26.156574,5.0,0.0,-0.030387579,24.2,7.9,15.0
426.40000000000003,24.216179,7.919376,26.16156,5.0,0.0,0.021783961,24.2,7.9,15.0
426.5,24.221687,7.9216824,26.165665,5.0,0.0,0.021783961,24.2,7.9,15.0
426.6,24.226036,7.9229727,24.462393,5.0,0.0010211112,0.011643062,24.2,7.9,15.0
426.70000000000005,24.228708,7.924261,23.429585,5.0,0.0010211112,0.011643062,24.2,7.9,15.0
426.8,24.231224,7.9242473,24.002361,4.729469,0.0002731801,-0.0013182525,24.2,7.9,15.0
426.90000000000003,24.23428,7.9242334,24.360203,4.729469,0.0002731801,-0.0013182525,24.2,7.9,15.0
427.0,24.236376,7.9192944,18.77227,1.6788152,0.003,-0.05,24.2,7.9,15.0
427.1,24.236317,7.914357,14.048493,1.6788152,0.003,-0.05,24.2,7.9,15.0
427.20000000000005,24.234444,7.91335,10.055267,1.6790919,0.003,-0.010706472,24.2,7.9,15.0
427.3,24.231043,7.912343,6.679051,1.6790919,0.003,-0.010706472,24.2,7.9,15.0
427.40000000000003,24.217426,7.9074826,14.347883,5.0,0.0,-0.05,24.2,7.9,15.0
427.5,24.211367,7.902628,18.999552,5.0,0.0,-0.05,24.2,7.9,15.0
427.6,24.206554,7.906638,16.779184,4.9597535,0.003,0.03865877,24.2,7.9,15.0
427.70000000000005,24.19962,7.910643,15.423803,4.9597535,0.003,0.03865877,24.2,7.9,15.0
427.8,24.201384,7.913806,9.841967,0.58597535,0.003,0.031246612,24.2,7.9,15.0
427.90000000000003,24.202387,7.916968,4.577764,0.58597535,0.003,0.031246612,24.2,7.9,15.0
428.0,24.186922,7.9120994,13.063018,5.0,0.0,-0.05,24.2,7.9,15.0
428.1,24.179832,7.9072366,18.209665,5.0,0.0,-0.05,24.2,7.9,15.0
428.20000000000005,24.174437,7.907244,16.316774,5.0,0.003,-0.0013187571,24.2,7.9,15.0
428.3,24.167227,7.907252,15.166314,5.0,0.003,-0.0013187571,24.2,7.9,15.0
428.40000000000003,24.158937,7.9072247,14.465936,5.0,0.003,-0.0016634433,24.2,7.9,15.0
428.5,24.150013,7.907197,14.038418,5.0,0.003,-0.0016634433,24.2,7.9,15.0
428.6,24.146011,7.905803,17.818932,3.7512636,0.0,-0.015037243,24.2,7.9,15.0
428.70000000000005,24.145012,7.9044104,20.416851,3.7512636,0.0,-0.015037243,24.2,7.9,15.0
428.8,24.14609,7.9034452,22.202574,3.7513053,0.0,-0.010766473,24.2,7.9,15.0
428.90000000000003,24.148607,7.902481,23.43045,3.7513053,0.0,-0.010766473,24.2,7.9,15.0
429.0,24.152136,7.9006405,24.241943,3.5729856,0.0,-0.019497067,24.2,7.9,15.0
429.1,24.156319,7.898801,24.81088,3.5729856,0.0,-0.019497067,24.2,7.9,15.0
429.20000000000005,24.16129,7.903722,25.332874,5.0,0.0,0.047772963,24.2,7.9,15.0
429.3,24.166834,7.9086366,25.65001,5.0,0.0,0.047772963,24.2,7.9,15.0
429.40000000000003,24.172735,7.903774,25.844227,5.0,0.0,-0.05,24.2,7.9,15.0
429.5,24.178858,7.898917,25.964998,5.0,0.0,-0.05,24.2,7.9,15.0
429.6,24.185143,7.9035044,26.040047,5.0,0.0,0.044437956,24.2,7.9,15.0
429.70000000000005,24.191559,7.9080853,26.086378,5.0,0.0,0.044437956,24.2,7.9,15.0
429.8,24.198076,7.912353,26.115358,5.0,0.0,0.041361447,24.2,7.9,15.0
429.90000000000003,24.204676,7.9166155,26.133873,5.0,0.0,0.041361447,24.2,7.9,15.0
430.0,24.211348,7.9206295,26.146091,5.0,0.0,0.038927056,24.2,7.9,15.0
430.1,24.218082,7.9246383,26.154537,5.0,0.0,0.038927056,24.2,7.9,15.0
430.20000000000005,24.224874,7.928459,26.160736,5.0,0.0,0.037096985,24.2,7.9,15.0
430.3,24.23172,7.9322753,26.165607,5.0,0.0,0.037096985,24.2,7.9,15.0
430.40000000000003,24.238617,7.9359603,26.169706,5.0,0.0,0.03583019,24.2,7.9,15.0
430.5,24.245562,7.939641,26.173367,5.0,0.0,0.03583019,24.2,7.9,15.0
430.6,24.252548,7.942238,26.176912,5.0,0.0,0.025031451,24.2,7.9,15.0
430.70000000000005,24.259575,7.944832,26.18052,5.0,0.0,0.025031451,24.2,7.9,15.0
430.8,24.266619,7.9439445,26.1713,4.9870048,7.956254e-06,-0.009770784,24.2,7.9,15.0
430.90000000000003,24.273674,7.9430585,26.167984,4.9870048,7.956254e-06,-0.009770784,24.2,7.9,15.0
431.0,24.280725,7.942158,26.14927,4.9685283,1.9268457e-05,-0.009922881,24.2,7.9,15.0
431.1,24.287773,7.9412594,26.140158,4.9685283,1.9268457e-05,-0.009922881,24.2,7.9,15.0
431.20000000000005,24.294806,7.9403467,26.118015,4.950234,3.0469168e-05,-0.010073478,24.2,7.9,15.0
431.3,24.301826,7.9394355,26.106783,4.950234,3.0469168e-05,-0.010073478,24.2,7.9,15.0
431.40000000000003,24.308823,7.93851,26.082748,4.9314637,4.196106e-05,-0.010227991,24.2,7.9,15.0
431.5,24.315802,7.9375863,26.07032,4.9314637,4.196106e-05,-0.010227991,24.2,7.9,15.0
431.6,24.322739,7.9366407,26.033388,4.9054246,6.056612e-05,-0.010454283,24.2,7.9,15.0
431.70000000000005,24.329638,7.935697,26.012997,4.9054246,6.056612e-05,-0.010454283,24.2,7.9,15.0
431.8,24.33321,7.9308043,21.091242,5.0,0.003,-0.05,24.2,7.9,15.0
431.90000000000003,24.331932,7.925918,18.106228,5.0,0.003,-0.05,24.2,7.9,15.0
432.0,24.327707,7.921038,16.295273,5.0,0.003,-0.05,24.2,7.9,15.0
432.1,24.32169,7.916165,15.196031,5.0,0.003,-0.05,24.2,7.9,15.0
432.20000000000005,24.314577,7.911298,14.528227,5.0,0.003,-0.05,24.2,7.9,15.0
432.3,24.306793,7.9064374,14.121956,5.0,0.003,-0.05,24.2,7.9,15.0
432.40000000000003,24.298594,7.9032507,13.874007,5.0,0.003,-0.03331563,24.2,7.9,15.0
432.5,24.290134,7.9000683,13.721848,5.0,0.003,-0.03331563,24.2,7.9,15.0
432.6,24.281513,7.9019394,13.627102,5.0,0.003,0.017205294,24.2,7.9,15.0
432.70000000000005,24.272793,7.9038086,13.566612,5.0,0.003,0.017205294,24.2,7.9,15.0
432.8,24.264002,7.9041357,13.5270815,5.0,0.003,0.0017979991,24.2,7.9,15.0
432.90000000000003,24.255156,7.904463,13.500416,5.0,0.003,0.0017979991,24.2,7.9,15.0
433.0,24.246265,7.9047995,13.481542,5.0,0.003,0.0018938933,24.2,7.9,15.0
433.1,24.237335,7.9051356,13.4673815,5.0,0.003,0.0018938933,24.2,7.9,15.0
433.20000000000005,24.228367,7.9041004,13.456245,5.0,0.003,-0.0118269585,24.2,7.9,15.0
433.3,24.219357,7.9030666,13.447082,5.0,0.003,-0.0118269585,24.2,7.9,15.0
433.40000000000003,24.212542,7.901558,16.73485,5.0,0.0010285191,-0.01659582,24.2,7.9,15.0
433.5,24.20892,7.900051,18.728674,5.0,0.0010285191,-0.01659582,24.2,7.9,15.0
433.6,24.209105,7.8988276,20.344484,3.6541827,0.00037285194,-0.01344373,24.2,7.9,15.0
433.70000000000005,24.21048,7.8976054,21.466208,3.6541827,0.00037285194,-0.01344373,24.2,7.9,15.0
433.8,24.213049,7.8946443,19.173124,1.8913542,0.0016037187,-0.030393397,24.2,7.9,15.0
433.90000000000003,24.21458,7.8916845,17.27576,1.8913542,0.0016037187,-0.030393397,24.2,7.9,15.0
434.0,24.215185,7.889143,15.706194,1.9200023,0.0016166394,-0.026233515,24.2,7.9,15.0
434.1,24.215054,7.886603,14.411111,1.9200023,0.0016166394,-0.026233515,24.2,7.9,15.0
434.20000000000005,24.206556,7.8917704,14.025968,5.0,0.003,0.05,24.2,7.9,15.0
434.3,24.197655,7.8969316,13.78848,5.0,0.003,0.05,24.2,7.9,15.0
434.40000000000003,24.19403,7.9006205,17.568346,3.644212,0.0,0.03567489,24.2,7.9,15.0
434.5,24.193253,7.9043055,20.192886,3.644212,0.0,0.03567489,24.2,7.9,15.0
434.6,24.194433,7.907493,22.015509,3.6443071,0.0,0.030731391,24.2,7.9,15.0
434.70000000000005,24.19696,7.9106774,23.28144,3.6443071,0.0,0.030731391,24.2,7.9,15.0
434.8,24.199764,7.9086566,19.700464,1.6828035,0.0020587344,-0.02086728,24.2,7.9,15.0
434.90000000000003,24.201128,7.9066367,16.674543,1.6828035,0.0020587344,-0.02086728,24.2,7.9,15.0
435.0,24.20091,7.9040585,12.460463,1.6828688,0.0029058733,-0.026454376,24.2,7.9,15.0
435.1,24.19901,7.901481,8.899202,1.6828688,0.0029058733,-0.026454376,24.2,7.9,15.0
435.20000000000005,24.188053,7.896634,15.688577,5.0,0.0,-0.05,24.2,7.9,15.0
435.3,24.183716,7.891793,19.807234,5.0,0.0,-0.05,24.2,7.9,15.0
435.40000000000003,24.184156,7.892115,18.22222,2.4371367,0.0015691,0.0023033323,24.2,7.9,15.0
435.5,24.183697,7.892437,16.979965,2.4371367,0.0015691,0.0023033323,24.2,7.9,15.0
435.6,24.182526,7.8927584,16.006208,2.4371367,0.0015691,0.0023033323,24.2,7.9,15.0
435.70000000000005,24.180788,7.8930793,15.242776,2.4371367,0.0015691,0.0023033323,24.2,7.9,15.0
435.8,24.178602,7.8933992,14.644096,2.4371367,0.0015691,0.0023033323,24.2,7.9,15.0
435.90000000000003,24.176058,7.8937187,14.174473,2.4371367,0.0015691,0.0023033323,24.2,7.9,15.0
436.0,24.17323,7.8940377,13.805941,2.4371367,0.0015691,0.0023033323,24.2,7.9,15.0
436.1,24.170172,7.8943563,13.516595,2.4371367,0.0015691,0.0023033323,24.2,7.9,15.0
436.20000000000005,24.166931,7.894674,13.289276,2.4371367,0.0015691,0.0023033323,24.2,7.9,15.0
436.3,24.163542,7.894991,13.110542,2.4371367,0.0015691,0.0023033323,24.2,7.9,15.0
436.40000000000003,24.160034,7.8953075,12.969864,2.4371367,0.0015691,0.0023033323,24.2,7.9,15.0
436.5,24.156433,7.8956237,12.858994,2.4371367,0.0015691,0.0023033323,24.2,7.9,15.0
436.6,24.154675,7.89675,15.262612,1.9967119,0.0,0.010528655,24.2,7.9,15.0
436.70000000000005,24.15399,7.8978753,17.2309,1.9967119,0.0,0.010528655,24.2,7.9,15.0
436.8,24.154184,7.897321,18.842873,1.9967089,0.0,-0.0062617785,24.2,7.9,15.0
436.90000000000003,24.155096,7.896767,20.163221,1.9967089,0.0,-0.0062617785,24.2,7.9,15.0
437.0,24.154732,7.9017043,22.511925,4.999764,0.0,0.0479057,24.2,7.9,15.0
437.1,24.156685,7.906635,23.936214,4.999764,0.0,0.0479057,24.2,7.9,15.0
437.20000000000005,24.160034,7.901775,24.801394,5.0,0.0,-0.05,24.2,7.9,15.0
437.3,24.164217,7.8969207,25.328638,5.0,0.0,-0.05,24.2,7.9,15.0
437.40000000000003,24.166674,7.8968463,22.351013,5.0,0.0019736998,-0.0022329353,24.2,7.9,15.0
437.5,24.16621,7.896772,20.54451,5.0,0.0019736998,-0.0022329353,24.2,7.9,15.0
437.6,24.164347,7.896651,19.985165,5.0,0.0016523418,-0.0026978222,24.2,7.9,15.0
437.70000000000005,24.16195,7.8965297,19.645157,5.0,0.0016523418,-0.0026978222,24.2,7.9,15.0
437.8,24.15896,7.8989315,18.195723,4.5984683,0.0022566451,0.022646869,24.2,7.9,15.0
437.90000000000003,24.154665,7.9013305,17.27878,4.5984683,0.0022566451,0.022646869,24.2,7.9,15.0
438.0,24.156734,7.904935,11.702176,0.5498468,0.0029256644,0.035716265,24.2,7.9,15.0
438.1,24.158085,7.908539,6.423875,0.5498468,0.0029256644,0.035716265,24.2,7.9,15.0
438.20000000000005,24.14438,7.903676,14.172414,5.0,0.0,-0.05,24.2,7.9,15.0
438.3,24.138319,7.8988194,18.872435,5.0,0.0,-0.05,24.2,7.9,15.0
438.40000000000003,24.14173,7.9028153,18.945072,0.100665115,0.0,0.039733924,24.2,7.9,15.0
438.5,24.145176,7.906811,19.016983,0.100665115,0.0,0.039733924,24.2,7.9,15.0
438.6,24.148611,7.9096274,15.098505,0.10006651,0.0018863276,0.027936341,24.2,7.9,15.0
438.70000000000005,24.151987,7.9124436,11.219051,0.10006651,0.0018863276,0.027936341,24.2,7.9,15.0
438.8,24.155357,7.91714,11.367382,0.1,0.0,0.046734843,24.2,7.9,15.0
438.90000000000003,24.158773,7.9218364,11.514234,0.1,0.0,0.046734843,24.2,7.9,15.0
439.0,24.162237,7.9210544,11.659638,0.1,0.0,-0.008051684,24.2,7.9,15.0
439.1,24.165749,7.920273,11.803627,0.1,0.0,-0.008051684,24.2,7.9,15.0
439.20000000000005,24.16931,7.919309,11.946215,0.1,0.0,-0.009876559,24.2,7.9,15.0
439.3,24.17292,7.918346,12.087416,0.1,0.0,-0.009876559,24.2,7.9,15.0
439.40000000000003,24.176582,7.9175367,12.227244,0.1,0.0,-0.008339908,24.2,7.9,15.0
439.5,24.180296,7.916728,12.365714,0.1,0.0,-0.008339908,24.2,7.9,15.0
439.6,24.18404,7.916485,10.687286,0.1,0.0008584844,-0.0026881557,24.2,7.9,15.0
439.70000000000005,24.187792,7.916242,9.025589,0.1,0.0008584844,-0.0026881557,24.2,7.9,15.0
439.8,24.177313,7.911374,15.758554,5.0,0.0,-0.05,24.2,7.9,15.0
439.90000000000003,24.173494,7.9065127,19.843136,5.0,0.0,-0.05,24.2,7.9,15.0
440.0,24.177567,7.9015403,13.561387,0.1,0.003,-0.05,23.2,8.0,15.0
440.1,24.18153,7.8965683,7.342202,0.1,0.003,-0.05,23.2,8.0,15.0
440.20000000000005,24.169542,7.8917265,14.739652,5.0,0.0,-0.05,23.2,8.0,15.0
440.3,24.16487,7.886891,19.227085,5.0,0.0,-0.05,23.2,8.0,15.0
440.40000000000003,24.164644,7.882062,21.950464,5.0,0.0,-0.05,23.2,8.0,15.0
440.5,24.167126,7.877239,23.604473,5.0,0.0,-0.05,23.2,8.0,15.0
440.6,24.171576,7.8722696,17.285427,0.1,0.003,-0.05,23.2,8.0,15.0
440.70000000000005,24.17591,7.8673005,11.029319,0.1,0.003,-0.05,23.2,8.0,15.0
440.8,24.164352,7.872491,11.966466,5.0,0.003,0.05,23.2,8.0,15.0
440.90000000000003,24.153782,7.877675,12.530638,5.0,0.003,0.05,23.2,8.0,15.0
441.0,24.143831,7.882853,12.868729,5.0,0.003,0.05,23.2,8.0,15.0
441.1,24.134275,7.888025,13.069784,5.0,0.003,0.05,23.2,8.0,15.0
441.20000000000005,24.124979,7.8931904,13.187786,5.0,0.003,0.05,23.2,8.0,15.0
441.3,24.115856,7.89835,13.255456,5.0,0.003,0.05,23.2,8.0,15.0
441.40000000000003,24.106855,7.9035025,13.292629,5.0,0.003,0.05,23.2,8.0,15.0
441.5,24.097944,7.908649,13.311331,5.0,0.003,0.05,23.2,8.0,15.0
441.6,24.089102,7.9137893,13.318848,5.0,0.003,0.05,23.2,8.0,15.0
441.70000000000005,24.080313,7.918923,13.319598,5.0,0.003,0.05,23.2,8.0,15.0
441.8,24.07157,7.9240503,13.316258,5.0,0.003,0.05,23.2,8.0,15.0
441.90000000000003,24.062866,7.929171,13.310451,5.0,0.003,0.05,23.2,8.0,15.0
442.0,24.054195,7.9342856,13.303158,5.0,0.003,0.05,23.2,8.0,15.0
442.1,24.045553,7.9393935,13.294974,5.0,0.003,0.05,23.2,8.0,15.0
442.20000000000005,24.036938,7.944495,13.286261,5.0,0.003,0.05,23.2,8.0,15.0
442.3,24.028343,7.94959,13.277233,5.0,0.003,0.05,23.2,8.0,15.0
442.40000000000003,24.019768,7.9546785,13.268023,5.0,0.003,0.05,23.2,8.0,15.0
442.5,24.011208,7.9597607,13.258707,5.0,0.003,0.05,23.2,8.0,15.0
442.6,24.002659,7.964836,13.249333,5.0,0.003,0.05,23.2,8.0,15.0
442.70000000000005,23.99412,7.969905,13.23993,5.0,0.003,0.05,23.2,8.0,15.0
442.8,23.985586,7.974967,13.230512,5.0,0.003,0.05,23.2,8.0,15.0
442.90000000000003,23.977057,7.9800224,13.221087,5.0,0.003,0.05,23.2,8.0,15.0
443.0,23.968527,7.985071,13.211661,5.0,0.003,0.05,23.2,8.0,15.0
443.1,23.959993,7.9901133,13.202235,5.0,0.003,0.05,23.2,8.0,15.0
443.20000000000005,23.951454,7.995149,13.192809,5.0,0.003,0.05,23.2,8.0,15.0
443.3,23.942907,8.000178,13.183383,5.0,0.003,0.05,23.2,8.0,15.0
443.40000000000003,23.934338,7.9971056,13.174992,5.0,0.003,-0.031,23.2,8.0,15.0
443.5,23.925732,7.9940367,13.168091,5.0,0.003,-0.031,23.2,8.0,15.0
443.6,23.917099,7.998256,13.161151,5.0,0.003,0.0419,23.2,8.0,15.0
443.70000000000005,23.90845,8.00247,13.153397,5.0,0.003,0.0419,23.2,8.0,15.0
443.8,23.899769,8.000121,13.145983,5.0,0.003,-0.02371,23.2,8.0,15.0
443.90000000000003,23.891045,7.997775,13.139471,5.0,0.003,-0.02371,23.2,8.0,15.0
444.0,23.882278,7.995432,13.133493,5.0,0.003,-0.02371,23.2,8.0,15.0
444.1,23.873466,7.993091,13.127827,5.0,0.003,-0.02371,23.2,8.0,15.0
444.20000000000005,23.864613,7.992775,13.122075,5.0,0.003,-0.003474597,23.2,8.0,15.0
444.3,23.855717,7.992459,13.116042,5.0,0.003,-0.003474597,23.2,8.0,15.0
444.40000000000003,23.846779,7.9918714,13.10986,5.0,0.003,-0.006190427,23.2,8.0,15.0
444.5,23.837795,7.9912844,13.103604,5.0,0.003,-0.006190427,23.2,8.0,15.0
444.6,23.828764,7.989867,13.097397,5.0,0.003,-0.014500127,23.2,8.0,15.0
444.70000000000005,23.819683,7.988452,13.091292,5.0,0.003,-0.014500127,23.2,8.0,15.0
444.8,23.810558,7.9904027,13.0848055,5.0,0.003,0.019168867,23.2,8.0,15.0
444.90000000000003,23.801392,7.992351,13.077712,5.0,0.003,0.019168867,23.2,8.0,15.0
445.0,23.792183,7.9942966,13.070238,5.0,0.003,0.019168867,23.2,8.0,15.0
445.1,23.782932,7.996239,13.062522,5.0,0.003,0.019168867,23.2,8.0,15.0
445.20000000000005,23.77364,7.9981794,13.054647,5.0,0.003,0.019168867,23.2,8.0,15.0
445.3,23.764305,8.000117,13.046664,5.0,0.003,0.019168867,23.2,8.0,15.0
445.40000000000003,23.754929,8.002052,13.038604,5.0,0.003,0.019168867,23.2,8.0,15.0
445.5,23.74551,8.003985,13.030485,5.0,0.003,0.019168867,23.2,8.0,15.0
445.6,23.73605,8.005316,13.022395,5.0,0.003,0.013170207,23.2,8.0,15.0
445.70000000000005,23.726547,8.006645,13.014376,5.0,0.003,0.013170207,23.2,8.0,15.0
445.8,23.717005,8.008115,13.00637,5.0,0.003,0.014588747,23.2,8.0,15.0
445.90000000000003,23.707424,8.0095825,12.998344,5.0,0.003,0.014588747,23.2,8.0,15.0
446.0,23.697805,8.011406,12.990252,5.0,0.003,0.018171549,23.2,8.0,15.0
446.1,23.688152,8.013227,12.982069,5.0,0.003,0.018171549,23.2,8.0,15.0
446.20000000000005,23.678465,8.013544,12.974014,5.0,0.003,0.0031311696,23.2,8.0,15.0
446.3,23.668741,8.01386,12.96619,5.0,0.003,0.0031311696,23.2,8.0,15.0
446.40000000000003,23.658983,8.013924,12.958528,5.0,0.003,0.0006145754,23.2,8.0,15.0
446.5,23.649195,8.0139885,12.950979,5.0,0.003,0.0006145754,23.2,8.0,15.0
446.6,23.63938,8.015892,12.943257,5.0,0.003,0.019017704,23.2,8.0,15.0
446.70000000000005,23.629541,8.017794,12.935225,5.0,0.003,0.019017704,23.2,8.0,15.0
446.8,23.619686,8.021082,12.92682,5.0,0.003,0.03291104,23.2,8.0,15.0
446.90000000000003,23.609818,8.024366,12.918036,5.0,0.003,0.03291104,23.2,8.0,15.0
447.0,23.599937,8.026734,12.909137,5.0,0.003,0.023785036,23.2,8.0,15.0
447.1,23.590046,8.0291,12.900263,5.0,0.003,0.023785036,23.2,8.0,15.0
447.20000000000005,23.580137,8.024905,12.8922415,5.0,0.003,-0.04184035,23.2,8.0,15.0
447.3,23.570204,8.020716,12.885437,5.0,0.003,-0.04184035,23.2,8.0,15.0
447.40000000000003,23.560251,8.016741,12.879337,5.0,0.003,-0.039748166,23.2,8.0,15.0
447.5,23.550283,8.012772,12.873635,5.0,0.003,-0.039748166,23.2,8.0,15.0
447.6,23.540304,8.008991,12.868146,5.0,0.003,-0.03791262,23.2,8.0,15.0
447.70000000000005,23.530317,8.005216,12.862762,5.0,0.003,-0.03791262,23.2,8.0,15.0
447.8,23.520329,8.002768,12.85727,5.0,0.003,-0.024682583,23.2,8.0,15.0
447.90000000000003,23.510342,8.000322,12.851569,5.0,0.003,-0.024682583,23.2,8.0,15.0
448.0,23.500362,7.9995646,12.845527,5.0,0.003,-0.007834003,23.2,8.0,15.0
448.1,23.490396,7.9988084,12.839098,5.0,0.003,-0.007834003,23.2,8.0,15.0
448.20000000000005,23.480446,7.9988155,12.832341,5.0,0.003,-0.00020496068,23.2,8.0,15.0
448.3,23.470516,7.998823,12.825308,5.0,0.003,-0.00020496068,23.2,8.0,15.0
448.40000000000003,23.460604,7.9953475,12.81856,5.0,0.003,-0.03506576,23.2,8.0,15.0
448.5,23.450706,7.991876,12.812364,5.0,0.003,-0.03506576,23.2,8.0,15.0
448.6,23.440828,7.9888253,12.806454,5.0,0.003,-0.0309071,23.2,8.0,15.0
448.70000000000005,23.430973,7.9857783,12.800677,5.0,0.003,-0.0309071,23.2,8.0,15.0
448.8,23.421144,7.983111,12.79494,5.0,0.003,-0.02714844,23.2,8.0,15.0
448.90000000000003,23.411345,7.9804473,12.789193,5.0,0.003,-0.02714844,23.2,8.0,15.0
449.0,23.40158,7.980878,12.783053,5.0,0.003,0.0037784528,23.2,8.0,15.0
449.1,23.39186,7.981308,12.776354,5.0,0.003,0.0037784528,23.2,8.0,15.0
449.20000000000005,23.382181,7.981738,12.769327,5.0,0.003,0.0037784528,23.2,8.0,15.0
449.3,23.37255,7.9821677,12.7621155,5.0,0.003,0.0037784528,23.2,8.0,15.0
449.40000000000003,23.362963,7.982597,12.754806,5.0,0.003,0.0037784528,23.2,8.0,15.0
449.5,23.353426,7.9830256,12.747449,5.0,0.003,0.0037784528,23.2,8.0,15.0
449.6,23.343939,7.9834538,12.74008,5.0,0.003,0.0037784535,23.2,8.0,15.0
449.70000000000005,23.334503,7.9838815,12.7327175,5.0,0.003,0.0037784535,23.2,8.0,15.0
449.8,23.325119,7.9843082,12.725375,5.0,0.003,0.0037784535,23.2,8.0,15.0
449.90000000000003,23.315788,7.9847345,12.7180605,5.0,0.003,0.0037784535,23.2,8.0,15.0
450.0,23.30651,7.9851604,12.710778,5.0,0.003,0.0037784276,23.2,8.0,15.0
450.1,23.297287,7.985585,12.703531,5.0,0.003,0.0037784276,23.2,8.0,15.0
450.20000000000005,23.288118,7.985985,12.696326,5.0,0.003,0.0035317545,23.2,8.0,15.0
450.3,23.279005,7.986384,12.689164,5.0,0.003,0.0035317545,23.2,8.0,15.0
450.40000000000003,23.269947,7.9867606,12.682049,5.0,0.003,0.0033174388,23.2,8.0,15.0
450.5,23.260944,7.987137,12.67498,5.0,0.003,0.0033174388,23.2,8.0,15.0
450.6,23.251995,7.9873223,12.66798,5.0,0.003,0.001415081,23.2,8.0,15.0
450.70000000000005,23.2431,7.9875073,12.661058,5.0,0.003,0.001415081,23.2,8.0,15.0
450.8,23.23426,7.9901505,12.653885,5.0,0.003,0.026017603,23.2,8.0,15.0
450.90000000000003,23.22548,7.9927897,12.646312,5.0,0.003,0.026017603,23.2,8.0,15.0
451.0,23.219841,7.993126,17.137964,4.9818616,0.0003,0.003008963,23.2,8.0,15.0
451.1,23.218657,7.9934616,19.867329,4.9818616,0.0003,0.003008963,23.2,8.0,15.0
451.20000000000005,23.223104,7.994184,13.577679,0.1,0.003,0.00696474,23.2,8.0,15.0
451.3,23.22744,7.994906,7.3506403,0.1,0.003,0.00696474,23.2,8.0,15.0
451.40000000000003,23.217087,7.9899406,14.440475,5.0,0.0,-0.05,23.2,8.0,15.0
451.5,23.213736,7.984981,18.741716,5.0,0.0,-0.05,23.2,8.0,15.0
451.6,23.218319,7.990006,12.463268,0.1,0.003,0.05,23.2,8.0,15.0
451.70000000000005,23.222782,7.99503,6.2472954,0.1,0.003,0.05,23.2,8.0,15.0
451.8,23.211498,7.9900627,13.769432,5.0,0.0,-0.05,23.2,8.0,15.0
451.90000000000003,23.207632,7.985101,18.332777,5.0,0.0,-0.05,23.2,8.0,15.0
452.0,23.20488,7.9901395,16.08617,5.0,0.003,0.05,23.2,8.0,15.0
452.1,23.199965,7.995171,14.720619,5.0,0.003,0.05,23.2,8.0,15.0
452.20000000000005,23.193739,7.991801,13.890255,5.0,0.003,-0.034003954,23.2,8.0,15.0
452.3,23.186714,7.9884343,13.385233,5.0,0.003,-0.034003954,23.2,8.0,15.0
452.40000000000003,23.179209,7.9861097,13.077306,5.0,0.003,-0.023618026,23.2,8.0,15.0
452.5,23.171417,7.983788,12.888749,5.0,0.003,-0.023618026,23.2,8.0,15.0
452.6,23.169888,7.986557,16.158842,3.0450568,0.0,0.027368413,23.2,8.0,15.0
452.70000000000005,23.170519,7.9893236,18.57006,3.0450568,0.0,0.027368413,23.2,8.0,15.0
452.8,23.17274,7.9904966,20.348364,3.0450854,0.0,0.011448993,23.2,8.0,15.0
452.90000000000003,23.176132,7.9916687,21.660254,3.0450854,0.0,0.011448993,23.2,8.0,15.0
453.0,23.181047,7.986689,15.352476,0.1,0.003,-0.05,23.2,8.0,15.0
453.1,23.185802,7.9817095,9.107528,0.1,0.003,-0.05,23.2,8.0,15.0
453.20000000000005,23.177507,7.976755,15.49769,5.0,0.0,-0.05,23.2,8.0,15.0
453.3,23.175474,7.971807,19.374865,5.0,0.0,-0.05,23.2,8.0,15.0
453.40000000000003,23.177225,7.966865,21.728647,5.0,0.0,-0.05,23.2,8.0,15.0
453.5,23.181255,7.961929,23.158932,5.0,0.0,-0.05,23.2,8.0,15.0
453.6,23.186138,7.9669495,16.836428,0.1,0.003,0.05,23.2,8.0,15.0
453.70000000000005,23.190842,7.9719696,10.576839,0.1,0.003,0.05,23.2,8.0,15.0
453.8,23.195444,7.975706,10.724039,0.1,0.0,0.037161164,23.2,8.0,15.0
453.90000000000003,23.200024,7.9794426,10.869786,0.1,0.0,0.037161164,23.2,8.0,15.0
454.0,23.204426,7.981745,10.9824505,0.14889213,4.8198133e-05,0.022818713,23.2,8.0,15.0
454.1,23.2088,7.9840474,11.093477,0.14889213,4.8198133e-05,0.022818713,23.2,8.0,15.0
454.20000000000005,23.213062,7.984975,11.240766,0.17574047,4.8198133e-05,0.009067464,23.2,8.0,15.0
454.3,23.217295,7.985903,11.385534,0.17574047,4.8198133e-05,0.009067464,23.2,8.0,15.0
454.40000000000003,23.221497,7.9879675,11.610073,0.17574047,9.157646e-06,0.020436205,23.2,8.0,15.0
454.5,23.225666,7.990032,11.830733,0.17574047,9.157646e-06,0.020436205,23.2,8.0,15.0
454.6,23.22952,7.992449,12.05023,0.2755976,7.106495e-05,0.023950856,23.2,8.0,15.0
454.70000000000005,23.233345,7.994866,12.263799,0.2755976,7.106495e-05,0.023950856,23.2,8.0,15.0
454.8,23.229883,7.9972563,9.645532,2.5937967,0.003,0.023660002,23.2,8.0,15.0
454.90000000000003,23.224886,7.999645,7.624372,2.5937967,0.003,0.023660002,23.2,8.0,15.0
455.0,23.21457,7.9946713,14.604708,5.0,0.0,-0.05,23.2,8.0,15.0
455.1,23.211058,7.9897037,18.839485,5.0,0.0,-0.05,23.2,8.0,15.0
455.20000000000005,23.215216,7.984727,12.560044,0.1,0.003,-0.05,23.2,8.0,15.0
455.3,23.219166,7.9797506,6.343145,0.1,0.003,-0.05,23.2,8.0,15.0
455.40000000000003,23.207335,7.974803,13.83004,5.0,0.0,-0.05,23.2,8.0,15.0
455.5,23.202805,7.969862,18.371817,5.0,0.0,-0.05,23.2,8.0,15.0
455.6,23.199287,7.974921,16.111906,5.0,0.003,0.05,23.2,8.0,15.0
455.70000000000005,23.193518,7.9799743,14.738036,5.0,0.003,0.05,23.2,8.0,15.0
455.8,23.186354,7.9750276,13.902559,5.0,0.003,-0.05,23.2,8.0,15.0
455.90000000000003,23.17831,7.9700875,13.394517,5.0,0.003,-0.05,23.2,8.0,15.0
456.0,23.169886,7.9693604,12.998702,4.910617,0.003,-0.00790513,23.2,8.0,15.0
456.1,23.161034,7.9686346,12.754032,4.910617,0.003,-0.00790513,23.2,8.0,15.0
456.20000000000005,23.164612,7.9736624,12.879358,0.1,0.0,0.05,23.2,8.0,15.0
456.3,23.168146,7.97869,13.003434,0.1,0.0,0.05,23.2,8.0,15.0
456.40000000000003,23.164724,7.9783225,16.604534,3.4498198,0.0,-0.004135363,23.2,8.0,15.0
456.5,23.163887,7.977956,19.154724,3.4498198,0.0,-0.004135363,23.2,8.0,15.0
456.6,23.167366,7.9734163,12.8718605,0.1,0.003,-0.045682553,23.2,8.0,15.0
456.70000000000005,23.170649,7.9688773,6.651565,0.1,0.003,-0.045682553,23.2,8.0,15.0
456.8,23.158478,7.963948,14.005384,5.0,0.0,-0.05,23.2,8.0,15.0
456.90000000000003,23.153494,7.9590244,18.466291,5.0,0.0,-0.05,23.2,8.0,15.0
457.0,23.156807,7.964054,12.190285,0.1,0.003,0.05,23.2,8.0,15.0
457.1,23.159933,7.969084,5.976719,0.1,0.003,0.05,23.2,8.0,15.0
457.20000000000005,23.14698,7.9641547,13.592565,5.0,0.0,-0.05,23.2,8.0,15.0
457.3,23.141481,7.959232,18.212276,5.0,0.0,-0.05,23.2,8.0,15.0
457.40000000000003,23.144678,7.964262,11.938705,0.1,0.003,0.05,23.2,8.0,15.0
457.5,23.147697,7.969292,5.7275505,0.1,0.003,0.05,23.2,8.0,15.0
457.6,23.134424,7.9643626,13.437664,5.0,0.0,-0.05,23.2,8.0,15.0
457.70000000000005,23.12871,7.9594393,18.114498,5.0,0.0,-0.05,23.2,8.0,15.0
457.8,23.131847,7.9644694,12.502171,0.1,0.0026877448,0.05,23.2,8.0,15.0
457.90000000000003,23.134836,7.969499,6.945679,0.1,0.0026877448,0.05,23.2,8.0,15.0
458.0,23.122732,7.964569,14.173151,5.0,0.0,-0.05,23.2,8.0,15.0
458.1,23.117725,7.9596453,18.557398,5.0,0.0,-0.05,23.2,8.0,15.0
458.20000000000005,23.120893,7.964675,15.931912,0.10161136,0.0012739035,0.05,23.2,8.0,15.0
458.3,23.123999,7.969704,13.332963,0.10161136,0.0012739035,0.05,23.2,8.0,15.0
458.40000000000003,23.127008,7.974115,7.4730296,0.100161135,0.0028273903,0.043820586,23.2,8.0,15.0
458.5,23.12988,7.978525,1.6714925,0.100161135,0.0028273903,0.043820586,23.2,8.0,15.0
458.6,23.11266,7.9735827,10.968449,5.0,0.0,-0.05,23.2,8.0,15.0
458.70000000000005,23.104591,7.968646,16.607248,5.0,0.0,-0.05,23.2,8.0,15.0
458.8,23.107815,7.973674,16.693811,0.1,0.0,0.05,23.2,8.0,15.0
458.90000000000003,23.111063,7.978701,16.779509,0.1,0.0,0.05,23.2,8.0,15.0
459.0,23.10815,7.982768,14.287281,3.2992895,0.0027,0.040248856,23.2,8.0,15.0
459.1,23.103525,7.986831,12.493855,3.2992895,0.0027,0.040248856,23.2,8.0,15.0
459.20000000000005,23.10675,7.981857,12.621262,0.1,0.0,-0.05,23.2,8.0,15.0
459.3,23.11001,7.9768825,12.747454,0.1,0.0,-0.05,23.2,8.0,15.0
459.40000000000003,23.113308,7.9789357,12.872423,0.1,0.0,0.0202834,23.2,8.0,15.0
459.5,23.116646,7.980989,12.996161,0.1,0.0,0.0202834,23.2,8.0,15.0
459.6,23.120026,7.9828067,13.118682,0.1,0.0,0.017932804,23.2,8.0,15.0
459.70000000000005,23.12345,7.984624,13.239998,0.1,0.0,0.017932804,23.2,8.0,15.0
459.8,23.12142,7.9860377,16.125795,2.7324235,0.0,0.01380749,23.2,8.0,15.0
459.90000000000003,23.121162,7.98745,18.321264,2.7324235,0.0,0.01380749,23.2,8.0,15.0
460.0,23.122265,7.988514,19.991762,2.7324421,0.0,0.010334066,23.2,8.0,15.0
460.1,23.124413,7.989577,21.263023,2.7324421,0.0,0.010334066,23.2,8.0,15.0
460.20000000000005,23.127369,7.990341,22.230688,2.732456,0.0,0.0073584686,23.2,8.0,15.0
460.3,23.130953,7.9911046,22.967484,2.732456,0.0,0.0073584686,23.2,8.0,15.0
460.40000000000003,23.135193,7.991077,23.669044,5.0,0.00013259545,-0.0005971069,23.2,8.0,15.0
460.5,23.14017,7.9910493,24.096115,5.0,0.00013259545,-0.0005971069,23.2,8.0,15.0
460.6,23.14577,7.996074,24.577759,4.9992585,0.0,0.04996395,23.2,8.0,15.0
460.70000000000005,23.151901,8.001093,24.870586,4.9992585,0.0,0.04996395,23.2,8.0,15.0
460.8,23.156134,8.002945,21.682049,3.4534626,0.0018481073,0.018340718,23.2,8.0,15.0
460.90000000000003,23.158092,8.004796,19.424843,3.4534626,0.0018481073,0.018340718,23.2,8.0,15.0
461.0,23.157759,8.006637,16.295694,3.4534607,0.0027,0.018256124,23.2,8.0,15.0
461.1,23.155195,8.008475,14.079545,3.4534607,0.0027,0.018256124,23.2,8.0,15.0
461.20000000000005,23.159359,8.004277,12.958442,0.100358546,0.00058321905,-0.0421725,23.2,8.0,15.0
461.3,23.163544,8.000079,11.84859,0.100358546,0.00058321905,-0.0421725,23.2,8.0,15.0
461.40000000000003,23.167765,8.005098,11.9827585,0.1,0.0,0.05,23.2,8.0,15.0
461.5,23.172037,8.010118,12.115594,0.1,0.0,0.05,23.2,8.0,15.0
461.6,23.176357,8.007776,12.247132,0.1,0.0,-0.023603735,23.2,8.0,15.0
461.70000000000005,23.180725,8.005435,12.377408,0.1,0.0,-0.023603735,23.2,8.0,15.0
461.8,23.182024,8.005576,14.026137,1.3600901,0.0,0.0012348415,23.2,8.0,15.0
461.90000000000003,23.183886,8.005717,15.465348,1.3600901,0.0,0.0012348415,23.2,8.0,15.0
462.0,23.186008,8.006311,15.375716,1.3601338,0.0006773459,0.005760848,23.2,8.0,15.0
462.1,23.188139,8.006906,15.29764,1.3601338,0.0006773459,0.005760848,23.2,8.0,15.0
462.20000000000005,23.188583,8.007805,16.124224,2.355854,0.0006773459,0.008827697,23.2,8.0,15.0
462.3,23.189495,8.008703,16.777315,2.355854,0.0006773459,0.008827697,23.2,8.0,15.0
462.40000000000003,23.190779,8.009799,17.293392,2.3558695,0.0006773459,0.010798498,23.2,8.0,15.0
462.5,23.19236,8.010894,17.70124,2.3558695,0.0006773459,0.010798498,23.2,8.0,15.0
462.6,23.19418,8.012104,18.023617,2.3558803,0.0006773459,0.011959122,23.2,8.0,15.0
462.70000000000005,23.19619,8.013314,18.27848,2.3558803,0.0006773459,0.011959122,23.2,8.0,15.0
462.8,23.198353,8.014582,18.480028,2.3558867,0.0006773459,0.012535926,23.2,8.0,15.0
462.90000000000003,23.200638,8.015849,18.639465,2.3558867,0.0006773459,0.012535926,23.2,8.0,15.0
463.0,23.203033,8.016989,18.622458,2.3045967,0.0007367511,0.011262667,23.2,8.0,15.0
463.1,23.20543,8.018128,18.609179,2.3045967,0.0007367511,0.011262667,23.2,8.0,15.0
463.20000000000005,23.20781,8.018076,18.549599,2.304595,0.000762742,-0.00065786944,23.2,8.0,15.0
463.3,23.210161,8.0180235,18.502655,2.304595,0.000762742,-0.00065786944,23.2,8.0,15.0
463.40000000000003,23.214989,8.013236,12.226392,0.1,0.003,-0.048119474,23.2,8.0,15.0
463.5,23.219658,8.008449,6.0126424,0.1,0.003,-0.048119474,23.2,8.0,15.0
463.6,23.208357,8.003467,13.62296,5.0,0.0,-0.05,23.2,8.0,15.0
463.70000000000005,23.204521,7.998491,18.239819,5.0,0.0,-0.05,23.2,8.0,15.0
463.8,23.202856,8.00043,17.574183,5.0,0.0020739322,0.019131072,23.2,8.0,15.0
463.90000000000003,23.200531,8.002368,17.169231,5.0,0.0020739322,0.019131072,23.2,8.0,15.0
464.0,23.19734,8.001322,16.254593,5.0,0.0024735858,-0.010703121,23.2,8.0,15.0
464.1,23.19323,8.0002775,15.698763,5.0,0.0024735858,-0.010703121,23.2,8.0,15.0
464.20000000000005,23.1885,7.999597,15.282121,5.0,0.0025204066,-0.0070793945,23.2,8.0,15.0
464.3,23.183336,7.9989176,15.028005,5.0,0.0025204066,-0.0070793945,23.2,8.0,15.0
464.40000000000003,23.17736,8.001986,14.070198,5.0,0.003,0.030409358,23.2,8.0,15.0
464.5,23.170427,8.005051,13.486377,5.0,0.003,0.030409358,23.2,8.0,15.0
464.6,23.16814,8.00478,17.117033,3.660099,0.0,-0.002949776,23.2,8.0,15.0
464.70000000000005,23.1686,8.004509,19.634945,3.660099,0.0,-0.002949776,23.2,8.0,15.0
464.8,23.173159,8.001661,13.347178,0.1,0.003,-0.028763281,23.2,8.0,15.0
464.90000000000003,23.17752,7.998814,7.122027,0.1,0.003,-0.028763281,23.2,8.0,15.0
465.0,23.166956,7.993848,14.286079,5.0,0.0,-0.05,23.2,8.0,15.0
465.1,23.163382,7.988888,18.632288,5.0,0.0,-0.05,23.2,8.0,15.0
465.20000000000005,23.167746,7.9934535,12.35453,0.1,0.003,0.045361027,23.2,8.0,15.0
465.3,23.171907,7.9980187,6.1392417,0.1,0.003,0.045361027,23.2,8.0,15.0
465.40000000000003,23.1602,7.9930534,13.688089,5.0,0.0,-0.05,23.2,8.0,15.0
465.5,23.155859,7.9880943,18.26751,5.0,0.0,-0.05,23.2,8.0,15.0
465.6,23.154314,7.9901667,17.064009,4.2537913,0.002109448,0.020314936,23.2,8.0,15.0
465.70000000000005,23.151684,7.9922366,16.276371,4.2537913,0.002109448,0.020314936,23.2,8.0,15.0
465.8,23.149094,7.9911256,17.51381,4.4036856,0.0011553022,-0.011489927,23.2,8.0,15.0
465.90000000000003,23.147554,7.9900155,18.310339,4.4036856,0.0011553022,-0.011489927,23.2,8.0,15.0
466.0,23.151522,7.995044,12.036134,0.10047161,0.003,0.05,23.2,8.0,15.0
466.1,23.155281,8.0000725,5.8246493,0.10047161,0.003,0.05,23.2,8.0,15.0
466.20000000000005,23.14289,7.995104,13.491703,5.0,0.0,-0.05,23.2,8.0,15.0
466.3,23.137981,7.990141,18.142668,5.0,0.0,-0.05,23.2,8.0,15.0
466.40000000000003,23.140575,7.994303,12.63259,0.7039801,0.002922484,0.041332256,23.2,8.0,15.0
466.5,23.142187,7.9984646,7.497009,0.7039801,0.002922484,0.041332256,23.2,8.0,15.0
466.6,23.131254,7.9934964,14.503216,5.0,0.0,-0.05,23.2,8.0,15.0
466.70000000000005,23.127155,7.9885345,18.753513,5.0,0.0,-0.05,23.2,8.0,15.0
466.8,23.130669,7.9835615,18.91402,0.24766037,0.0,-0.05,23.2,8.0,15.0
466.90000000000003,23.134148,7.9785886,19.07074,0.24766037,0.0,-0.05,23.2,8.0,15.0
467.0,23.136988,7.9787273,13.453515,0.49230096,0.0028533146,0.0011049008,23.2,8.0,15.0
467.1,23.139112,7.9788656,8.1062155,0.49230096,0.0028533146,0.0011049008,23.2,8.0,15.0
467.20000000000005,23.12847,7.97392,14.876634,5.0,0.0,-0.05,23.2,8.0,15.0
467.3,23.124437,7.96898,18.983904,5.0,0.0,-0.05,23.2,8.0,15.0
467.40000000000003,23.1278,7.9740047,12.702471,0.1,0.003,0.05,23.2,8.0,15.0
467.5,23.130976,7.979029,6.483533,0.1,0.003,0.05,23.2,8.0,15.0
467.6,23.118614,7.9740815,13.889302,5.0,0.0,-0.05,23.2,8.0,15.0
467.70000000000005,23.1135,7.96914,18.38169,5.0,0.0,-0.05,23.2,8.0,15.0
467.8,23.116814,7.974163,18.451942,0.101868846,0.0,0.05,23.2,8.0,15.0
467.90000000000003,23.120108,7.9791856,18.521479,0.101868846,0.0,0.05,23.2,8.0,15.0
468.0,23.11991,7.978145,18.478327,3.0735736,0.0010056803,-0.010787526,23.2,8.0,15.0
468.1,23.119665,7.977105,18.446712,3.0735736,0.0010056803,-0.010787526,23.2,8.0,15.0
468.20000000000005,23.121145,7.9755783,13.468732,1.0366194,0.002800568,-0.015539864,23.2,8.0,15.0
468.3,23.12139,7.974052,8.981085,1.0366194,0.002800568,-0.015539864,23.2,8.0,15.0
468.40000000000003,23.111338,7.969108,15.403494,5.0,0.0,-0.05,23.2,8.0,15.0
468.5,23.107588,7.96417,19.29972,5.0,0.0,-0.05,23.2,8.0,15.0
468.6,23.107653,7.959238,21.66456,5.0,0.0,-0.05,23.2,8.0,15.0
468.70000000000005,23.110027,7.954312,23.10106,5.0,0.0,-0.05,23.2,8.0,15.0
468.8,23.113802,7.949392,23.974792,5.0,0.0,-0.05,23.2,8.0,15.0
468.90000000000003,23.118423,7.944478,24.507368,5.0,0.0,-0.05,23.2,8.0,15.0
469.0,23.121922,7.949564,22.39798,5.0,0.0014559417,0.05,23.2,8.0,15.0
469.1,23.123373,7.9546432,21.11754,5.0,0.0014559417,0.05,23.2,8.0,15.0
469.20000000000005,23.124952,7.959692,20.09007,2.7336657,0.0010941728,0.05,23.2,8.0,15.0
469.3,23.125944,7.9647374,19.307848,2.7336657,0.0010941728,0.05,23.2,8.0,15.0
469.40000000000003,23.122705,7.9697976,16.658371,4.9998503,0.003,0.05,23.2,8.0,15.0
469.5,23.116905,7.9748516,15.048129,4.9998503,0.003,0.05,23.2,8.0,15.0
469.6,23.118773,7.9797406,9.444347,0.589985,0.003,0.048660886,23.2,8.0,15.0
469.70000000000005,23.119867,7.984629,4.1615114,0.589985,0.003,0.048660886,23.2,8.0,15.0
469.8,23.10531,7.9796715,12.475389,5.0,0.0,-0.05,23.2,8.0,15.0
469.90000000000003,23.098957,7.97472,17.518309,5.0,0.0,-0.05,23.2,8.0,15.0
470.0,23.10243,7.979741,17.59573,0.1,0.0,0.05,23.2,8.0,15.0
470.1,23.105944,7.984762,17.672377,0.1,0.0,0.05,23.2,8.0,15.0
470.20000000000005,23.10235,7.989797,15.821412,4.5099964,0.002699998,0.049999923,23.2,8.0,15.0
470.3,23.097137,7.994827,14.639768,4.5099964,0.002699998,0.049999923,23.2,8.0,15.0
470.40000000000003,23.100702,7.990908,14.745724,0.1,0.0,-0.039401747,23.2,8.0,15.0
470.5,23.104313,7.98699,14.850676,0.1,0.0,-0.039401747,23.2,8.0,15.0
470.6,23.10793,7.984059,11.887452,0.10163089,0.0014512339,-0.029533643,23.2,8.0,15.0
470.70000000000005,23.111517,7.981128,8.954236,0.10163089,0.0014512339,-0.029533643,23.2,8.0,15.0
470.8,23.102085,7.9761777,15.382722,5.0,0.0,-0.05,23.2,8.0,15.0
470.90000000000003,23.099012,7.971234,19.282831,5.0,0.0,-0.05,23.2,8.0,15.0
471.0,23.09642,7.97629,16.633911,5.0,0.003,0.05,23.2,8.0,15.0
471.1,23.091293,7.9813404,15.024224,5.0,0.003,0.05,23.2,8.0,15.0
471.20000000000005,23.093838,7.986367,9.42052,0.59,0.003,0.05,23.2,8.0,15.0
471.3,23.09563,7.9913936,4.1377892,0.59,0.003,0.05,23.2,8.0,15.0
471.40000000000003,23.08181,7.9864326,12.452369,5.0,0.0,-0.05,23.2,8.0,15.0
471.5,23.076206,7.981478,17.495935,5.0,0.0,-0.05,23.2,8.0,15.0
471.6,23.077543,7.9825087,19.25619,2.5643036,0.0,0.009932273,23.2,8.0,15.0
471.70000000000005,23.079924,7.983539,20.618488,2.5643036,0.0,0.009932273,23.2,8.0,15.0
471.8,23.08143,7.984681,16.611147,2.5642724,0.0027,0.011052619,23.2,8.0,15.0
471.90000000000003,23.080719,7.9858227,13.510081,2.5642724,0.0027,0.011052619,23.2,8.0,15.0
472.0,23.074175,7.987044,13.188514,4.5372148,0.0027,0.011784116,23.2,8.0,15.0
472.1,23.067392,7.9882636,12.982092,4.5372148,0.0027,0.011784116,23.2,8.0,15.0
472.20000000000005,23.060474,7.989511,12.848783,4.5372148,0.0027,0.012068353,23.2,8.0,15.0
472.3,23.053486,7.990757,12.761901,4.5372148,0.0027,0.012068353,23.2,8.0,15.0
472.40000000000003,23.046467,7.991995,12.704508,4.5372148,0.0027,0.011996897,23.2,8.0,15.0
472.5,23.039444,7.9932313,12.665849,4.5372148,0.0027,0.011996897,23.2,8.0,15.0
472.6,23.03243,7.9944315,12.639099,4.5372148,0.0027,0.011645101,23.2,8.0,15.0
472.70000000000005,23.025436,7.9956303,12.619925,4.5372148,0.0027,0.011645101,23.2,8.0,15.0
472.8,23.018465,7.9967713,12.605576,4.5372148,0.0027,0.011078142,23.2,8.0,15.0
472.90000000000003,23.01152,7.9979115,12.594306,4.5372148,0.0027,0.011078142,23.2,8.0,15.0
473.0,23.0046,7.9989777,12.58501,4.5372148,0.0027,0.010351081,23.2,8.0,15.0
473.1,22.997705,8.000043,12.576981,4.5372148,0.0027,0.010351081,23.2,8.0,15.0
473.20000000000005,22.990833,8.001022,12.569774,4.5372148,0.0027,0.009510146,23.2,8.0,15.0
473.3,22.983982,8.002001,12.563105,4.5372148,0.0027,0.009510146,23.2,8.0,15.0
473.40000000000003,22.977148,8.002887,12.556793,4.5372148,0.0027,0.008592656,23.2,8.0,15.0
473.5,22.970331,8.003772,12.550723,4.5372148,0.0027,0.008592656,23.2,8.0,15.0
473.6,22.963526,8.0045595,12.544822,4.5372148,0.0027,0.0076305205,23.2,8.0,15.0
473.70000000000005,22.956732,8.005345,12.539041,4.5372148,0.0027,0.0076305205,23.2,8.0,15.0
473.8,22.949944,8.006032,12.53335,4.5372148,0.0027,0.0066484907,23.2,8.0,15.0
473.90000000000003,22.94316,8.006718,12.527728,4.5372148,0.0027,0.0066484907,23.2,8.0,15.0
474.0,22.936377,8.007305,12.522162,4.5372148,0.0027,0.0056672012,23.2,8.0,15.0
474.1,22.929592,8.007892,12.516643,4.5372148,0.0027,0.0056672012,23.2,8.0,15.0
474.20000000000005,22.922802,8.008381,12.511163,4.5372148,0.0027,0.004702432,23.2,8.0,15.0
474.3,22.916004,8.008869,12.505716,4.5372148,0.0027,0.004702432,23.2,8.0,15.0
474.40000000000003,22.909195,8.009263,12.500299,4.5372148,0.0027,0.0037661495,23.2,8.0,15.0
474.5,22.90237,8.009656,12.494907,4.5372148,0.0027,0.0037661495,23.2,8.0,15.0
474.6,22.897533,8.010045,11.472046,3.5789385,0.0027,0.0037152134,23.2,8.0,15.0
474.70000000000005,22.891909,8.010433,10.755607,3.5789385,0.0027,0.0037152134,23.2,8.0,15.0
474.8,22.896496,8.005459,10.898593,0.1,0.0,-0.05,23.2,8.0,15.0
474.90000000000003,22.901058,8.000484,11.040221,0.1,0.0,-0.05,23.2,8.0,15.0
475.0,22.905594,7.9955096,11.180504,0.1,0.0,-0.05,23.2,8.0,15.0
475.1,22.9101,7.9905343,11.319453,0.1,0.0,-0.05,23.2,8.0,15.0
475.20000000000005,22.914576,7.988288,11.457075,0.1,0.0,-0.022709975,23.2,8.0,15.0
475.3,22.919016,7.986041,11.593375,0.1,0.0,-0.022709975,23.2,8.0,15.0
475.40000000000003,22.923422,7.9835825,11.728366,0.1,0.0,-0.02482429,23.2,8.0,15.0
475.5,22.92779,7.9811234,11.862061,0.1,0.0,-0.02482429,23.2,8.0,15.0
475.6,22.93212,7.97663,11.994478,0.1,0.0,-0.04516368,23.2,8.0,15.0
475.70000000000005,22.936407,7.972137,12.125637,0.1,0.0,-0.04516368,23.2,8.0,15.0
475.8,22.940653,7.9726024,12.255535,0.1,0.0,0.0044283327,23.2,8.0,15.0
475.90000000000003,22.944855,7.9730678,12.38417,0.1,0.0,0.0044283327,23.2,8.0,15.0
476.0,22.949013,7.9733706,12.511553,0.1,0.0,0.0028088237,23.2,8.0,15.0
476.1,22.953125,7.9736733,12.637697,0.1,0.0,0.0028088237,23.2,8.0,15.0
476.20000000000005,22.957191,7.974179,12.762615,0.1,0.0,0.004840004,23.2,8.0,15.0
476.3,22.961212,7.974684,12.886317,0.1,0.0,0.004840004,23.2,8.0,15.0
476.40000000000003,22.965185,7.9724503,13.008823,0.1,0.0,-0.02254311,23.2,8.0,15.0
476.5,22.96911,7.9702168,13.130153,0.1,0.0,-0.02254311,23.2,8.0,15.0
476.6,22.972988,7.9687195,13.250316,0.1,0.0,-0.01517927,23.2,8.0,15.0
476.70000000000005,22.976818,7.967222,13.369321,0.1,0.0,-0.01517927,23.2,8.0,15.0
476.8,22.9806,7.9717107,13.487161,0.1,0.0,0.044681665,23.2,8.0,15.0
476.90000000000003,22.984337,7.976199,13.603829,0.1,0.0,0.044681665,23.2,8.0,15.0
477.0,22.988028,7.9805436,13.719338,0.1,0.0,0.04324299,23.2,8.0,15.0
477.1,22.991674,7.9848876,13.8337,0.1,0.0,0.04324299,23.2,8.0,15.0
477.20000000000005,22.995277,7.9899073,13.946923,0.1,0.0,0.05,23.2,8.0,15.0
477.3,22.998838,7.994927,14.059016,0.1,0.0,0.05,23.2,8.0,15.0
477.40000000000003,23.002357,7.9923887,14.170012,0.1,0.0,-0.025577305,23.2,8.0,15.0
477.5,23.005836,7.989851,14.279945,0.1,0.0,-0.025577305,23.2,8.0,15.0
477.6,23.009277,7.9851155,14.388832,0.1,0.0,-0.047557727,23.2,8.0,15.0
477.70000000000005,23.012682,7.98038,14.49669,0.1,0.0,-0.047557727,23.2,8.0,15.0
477.8,23.01605,7.983745,14.603503,0.1,0.0,0.03344227,23.2,8.0,15.0
477.90000000000003,23.019386,7.98711,14.709259,0.1,0.0,0.03344227,23.2,8.0,15.0
478.0,23.022635,7.990475,10.18883,0.1,0.0021869997,0.033442266,23.2,8.0,15.0
478.1,23.025742,7.9938407,5.713384,0.1,0.0021869997,0.033442266,23.2,8.0,15.0
478.20000000000005,23.012749,7.9888725,13.387361,5.0,0.0,-0.05,23.2,8.0,15.0
478.3,23.007269,7.983911,18.04235,5.0,0.0,-0.05,23.2,8.0,15.0
478.40000000000003,23.010551,7.9886374,18.11382,0.1,0.0,0.04704436,23.2,8.0,15.0
478.5,23.013817,7.9933643,18.184572,0.1,0.0,0.04704436,23.2,8.0,15.0
478.6,23.017067,7.9977403,18.254618,0.1,0.0,0.04353319,23.2,8.0,15.0
478.70000000000005,23.020306,8.002116,18.323965,0.1,0.0,0.04353319,23.2,8.0,15.0
478.8,23.023506,8.006159,16.164774,0.1,0.001053439,0.040194053,23.2,8.0,15.0
478.90000000000003,23.026646,8.010201,14.027067,0.1,0.001053439,0.040194053,23.2,8.0,15.0
479.0,23.021435,8.013929,13.38958,3.6721,0.0022923439,0.03714903,23.2,8.0,15.0
479.1,23.015743,8.017654,12.946032,3.6721,0.0022923439,0.03714903,23.2,8.0,15.0
479.20000000000005,23.013712,8.017476,15.64789,2.488584,0.0,-0.0019244899,23.2,8.0,15.0
479.3,23.013172,8.017298,17.754345,2.488584,0.0,-0.0019244899,23.2,8.0,15.0
479.40000000000003,23.0138,8.016736,19.396809,2.4885833,0.0,-0.0057707382,23.2,8.0,15.0
479.5,23.015339,8.016174,20.677694,2.4885833,0.0,-0.0057707382,23.2,8.0,15.0
479.6,23.017035,8.012275,22.461348,5.0,0.0,-0.039078843,23.2,8.0,15.0
479.70000000000005,23.020485,8.008381,23.545341,5.0,0.0,-0.039078843,23.2,8.0,15.0
479.8,23.025015,8.012047,24.204231,5.0,0.0,0.036520295,23.2,8.0,15.0
479.90000000000003,23.03022,8.015709,24.604614,5.0,0.0,0.036520295,23.2,8.0,15.0
480.0,23.034554,8.0164175,24.723372,2.1260097,0.0,0.0068945186,23.2,8.0,15.0
480.1,23.038969,8.017126,24.819931,2.1260097,0.0,0.0068945186,23.2,8.0,15.0
480.20000000000005,23.044031,8.018954,24.935759,3.3161323,0.0,0.018148884,23.2,8.0,15.0
480.3,23.049208,8.0207815,25.019674,3.3161323,0.0,0.018148884,23.2,8.0,15.0
480.40000000000003,23.054476,8.022321,25.080717,3.3152006,0.0,0.015285944,23.2,8.0,15.0
480.5,23.059822,8.023859,25.1254,3.3152006,0.0,0.015285944,23.2,8.0,15.0
480.6,23.065237,8.025311,25.158358,3.314426,0.0,0.014439759,23.2,8.0,15.0
480.70000000000005,23.070715,8.026763,25.182924,3.314426,0.0,0.014439759,23.2,8.0,15.0
480.8,23.076252,8.028186,25.20148,3.313788,0.0,0.014164697,23.2,8.0,15.0
480.90000000000003,23.081844,8.029608,25.21574,3.313788,0.0,0.014164697,23.2,8.0,15.0
481.0,23.08749,8.030983,25.226929,3.3132663,0.0,0.0137132155,23.2,8.0,15.0
481.1,23.09319,8.032357,25.23593,3.3132663,0.0,0.0137132155,23.2,8.0,15.0
481.20000000000005,23.09907,8.030494,25.244133,3.5470235,0.0,-0.018647358,23.2,8.0,15.0
481.3,23.104996,8.028632,25.251543,3.5470235,0.0,-0.018647358,23.2,8.0,15.0
481.40000000000003,23.111242,8.02528,25.25939,4.0431085,0.0,-0.033537034,23.2,8.0,15.0
481.5,23.117533,8.021932,25.266861,4.0431085,0.0,-0.033537034,23.2,8.0,15.0
481.6,23.123867,8.0201645,25.27392,4.041825,0.0,-0.017745376,23.2,8.0,15.0
481.70000000000005,23.130249,8.018399,25.28057,4.041825,0.0,-0.017745376,23.2,8.0,15.0
481.8,23.134365,8.018916,20.937841,3.5443833,0.00243,0.0050547784,23.2,8.0,15.0
481.90000000000003,23.135292,8.019433,17.891363,3.5443833,0.00243,0.0050547784,23.2,8.0,15.0
482.0,23.13552,8.019688,14.895965,2.4192858,0.00243,0.002382296,23.2,8.0,15.0
482.1,23.134192,8.019941,12.544088,2.4192858,0.00243,0.002382296,23.2,8.0,15.0
482.20000000000005,23.134281,8.017907,14.678895,1.8316512,0.0,-0.020529157,23.2,8.0,15.0
482.3,23.135311,8.015874,16.456682,1.8316512,0.0,-0.020529157,23.2,8.0,15.0
482.40000000000003,23.139578,8.0209,10.200199,0.1,0.003,0.05,23.2,8.0,15.0
482.5,23.143736,8.025926,4.005971,0.1,0.003,0.05,23.2,8.0,15.0
482.6,23.130184,8.020923,12.378471,5.0,0.0,-0.05,23.2,8.0,15.0
482.70000000000005,23.1249,8.015925,17.457281,5.0,0.0,-0.05,23.2,8.0,15.0
482.8,23.126144,8.01432,19.503227,3.025358,0.0,-0.016186541,23.2,8.0,15.0
482.90000000000003,23.12876,8.012716,21.015747,3.025358,0.0,-0.016186541,23.2,8.0,15.0
483.0,23.129128,8.011535,18.093943,4.802536,0.0027,-0.011916915,23.2,8.0,15.0
483.1,23.126745,8.010354,16.285776,4.802536,0.0027,-0.011916915,23.2,8.0,15.0
483.20000000000005,23.12581,8.00843,17.22025,3.6537044,0.0010244689,-0.019393776,23.2,8.0,15.0
483.3,23.125618,8.006507,17.869,3.6537044,0.0010244689,-0.019393776,23.2,8.0,15.0
483.40000000000003,23.123077,8.00694,15.925108,4.731101,0.002802447,0.004183811,23.2,8.0,15.0
483.5,23.118738,8.007372,14.712475,4.731101,0.002802447,0.004183811,23.2,8.0,15.0
483.6,23.113287,8.007881,13.955239,4.7311554,0.002802447,0.0049613677,23.2,8.0,15.0
483.70000000000005,23.107151,8.008389,13.48153,4.7311554,0.002802447,0.0049613677,23.2,8.0,15.0
483.8,23.100628,8.008898,13.185395,4.7174835,0.002794146,0.0049684797,23.2,8.0,15.0
483.90000000000003,23.09385,8.009405,12.998585,4.7174835,0.002794146,0.0049684797,23.2,8.0,15.0
484.0,23.094543,8.006198,15.151427,1.9279959,0.0,-0.032242883,23.2,8.0,15.0
484.1,23.096188,8.002992,16.927261,1.9279959,0.0,-0.032242883,23.2,8.0,15.0
484.20000000000005,23.101067,8.006842,17.010382,0.1,0.0,0.0382979,23.2,8.0,15.0
484.3,23.10595,8.010692,17.09269,0.1,0.0,0.0382979,23.2,8.0,15.0
484.40000000000003,23.110193,8.013847,12.512268,0.38112465,0.0023432702,0.03137004,23.2,8.0,15.0
484.5,23.114006,8.017003,8.103174,0.38112465,0.0023432702,0.03137004,23.2,8.0,15.0
484.6,23.104904,8.012005,14.85864,5.0,0.0,-0.05,23.2,8.0,15.0
484.70000000000005,23.102425,8.007012,18.957306,5.0,0.0,-0.05,23.2,8.0,15.0
484.8,23.10396,8.010656,21.444294,5.0,0.0,0.03635951,23.2,8.0,15.0
484.90000000000003,23.107933,8.014297,22.953342,5.0,0.0,0.03635951,23.2,8.0,15.0
485.0,23.112478,8.016967,17.5142,0.59,0.0027,0.026527636,23.2,8.0,15.0
485.1,23.116224,8.019636,12.38677,0.59,0.0027,0.026527636,23.2,8.0,15.0
485.20000000000005,23.119898,8.015243,12.993348,0.48157904,0.0,-0.04410675,23.2,8.0,15.0
485.3,23.123613,8.01085,13.571661,0.48157904,0.0,-0.04410675,23.2,8.0,15.0
485.40000000000003,23.128242,8.00587,13.6883545,0.1,0.0,-0.05,23.2,8.0,15.0
485.5,23.132843,8.00089,13.803951,0.1,0.0,-0.05,23.2,8.0,15.0
485.6,23.126965,8.004825,13.364329,4.469809,0.0026753934,0.039179776,23.2,8.0,15.0
485.70000000000005,23.12067,8.008756,13.080603,4.469809,0.0026753934,0.039179776,23.2,8.0,15.0
485.8,23.119947,8.013769,15.81856,2.5385804,0.0,0.05,23.2,8.0,15.0
485.90000000000003,23.120726,8.01878,17.942038,2.5385804,0.0,0.05,23.2,8.0,15.0
486.0,23.120914,8.018724,20.830368,4.9982963,0.0,-0.0005328353,23.2,8.0,15.0
486.1,23.123896,8.018669,22.583775,4.9982963,0.0,-0.0005328353,23.2,8.0,15.0
486.20000000000005,23.127907,8.017613,17.333605,0.6849226,0.0026430606,-0.01074212,23.2,8.0,15.0
486.3,23.131,8.016559,12.4312105,0.6849226,0.0026430606,-0.01074212,23.2,8.0,15.0
486.40000000000003,23.133934,8.012363,9.261941,0.4961284,0.001828826,-0.042152796,23.2,8.0,15.0
486.5,23.136433,8.008169,6.2462916,0.4961284,0.001828826,-0.042152796,23.2,8.0,15.0
486.6,23.124788,8.003185,13.740202,5.0,0.0,-0.05,23.2,8.0,15.0
486.70000000000005,23.120453,7.998208,18.2863,5.0,0.0,-0.05,23.2,8.0,15.0
486.8,23.122093,8.000086,15.318559,1.6418682,0.0020559991,0.018533302,23.2,8.0,15.0
486.90000000000003,23.12256,8.001963,12.800124,1.6418682,0.0020559991,0.018533302,23.2,8.0,15.0
487.0,23.11542,8.003838,13.965585,4.6641865,0.002055999,0.018533297,23.2,8.0,15.0
487.1,23.109324,8.005711,14.694569,4.6641865,0.002055999,0.018533297,23.2,8.0,15.0
487.20000000000005,23.103867,8.007582,15.149927,4.6641865,0.002055999,0.018533297,23.2,8.0,15.0
487.3,23.098793,8.009451,15.433746,4.6641865,0.002055999,0.018533297,23.2,8.0,15.0
487.40000000000003,23.102547,8.004949,15.53173,0.1,0.0,-0.045280322,23.2,8.0,15.0
487.5,23.106255,8.000447,15.628793,0.1,0.0,-0.045280322,23.2,8.0,15.0
487.6,23.109837,7.997186,10.018564,0.10295576,0.0027,-0.032878697,23.2,8.0,15.0
487.70000000000005,23.113228,7.9939256,4.465847,0.10295576,0.0027,-0.032878697,23.2,8.0,15.0
487.8,23.099215,7.9889636,12.655991,5.0,0.0,-0.05,23.2,8.0,15.0
487.90000000000003,23.093204,7.9840083,17.62396,5.0,0.0,-0.05,23.2,8.0,15.0
488.0,23.093897,7.9851284,19.371857,2.588146,0.0,0.010821643,23.2,8.0,15.0
488.1,23.095547,7.986248,20.721245,2.588146,0.0,0.010821643,23.2,8.0,15.0
488.20000000000005,23.094604,7.9875493,17.774565,4.5355587,0.0027,0.01257853,23.2,8.0,15.0
488.3,23.090946,7.988849,15.900937,4.5355587,0.0027,0.01257853,23.2,8.0,15.0
488.40000000000003,23.094284,7.9927793,15.994309,0.1,0.0,0.039008606,23.2,8.0,15.0
488.5,23.097591,7.9967093,16.086754,0.1,0.0,0.039008606,23.2,8.0,15.0
488.6,23.10085,7.993089,14.601882,0.101734996,0.0007462236,-0.036494106,23.2,8.0,15.0
488.70000000000005,23.104042,7.989469,13.132087,0.101734996,0.0007462236,-0.036494106,23.2,8.0,15.0
488.8,23.097109,7.986958,12.82397,4.0691733,0.0025046223,-0.0255207,23.2,8.0,15.0
488.90000000000003,23.089897,7.98445,12.617556,4.0691733,0.0025046223,-0.0255207,23.2,8.0,15.0
489.0,23.089727,7.9831524,14.348011,1.4685985,0.0,-0.0133248,23.2,8.0,15.0
489.1,23.090132,7.9818554,15.842234,1.4685985,0.0,-0.0133248,23.2,8.0,15.0
489.20000000000005,23.09103,7.9772587,17.133495,1.4695971,0.0,-0.046332482,23.2,8.0,15.0
489.3,23.092356,7.9726634,18.248772,1.4695971,0.0,-0.046332482,23.2,8.0,15.0
489.40000000000003,23.09143,7.977723,21.016457,4.994199,0.0,0.05,23.2,8.0,15.0
489.5,23.093235,7.9827766,22.695786,4.994199,0.0,0.05,23.2,8.0,15.0
489.6,23.096087,7.9878073,17.271605,0.58967423,0.0027,0.05,23.2,8.0,15.0
489.70000000000005,23.098166,7.992837,12.157959,0.58967423,0.0027,0.05,23.2,8.0,15.0
489.8,23.100294,7.992616,12.735362,0.44969225,0.0,-0.0024954947,23.2,8.0,15.0
489.90000000000003,23.102495,7.9923954,13.287453,0.44969225,0.0,-0.0024954947,23.2,8.0,15.0
490.0,23.104765,7.9933767,13.817559,0.45163518,0.0,0.009531899,23.2,8.0,15.0
490.1,23.10711,7.9943576,14.324307,0.45163518,0.0,0.009531899,23.2,8.0,15.0
490.20000000000005,23.109524,7.995787,14.810573,0.45339736,0.0,0.014020121,23.2,8.0,15.0
490.3,23.112013,7.997216,15.275326,0.45339736,0.0,0.014020121,23.2,8.0,15.0
490.40000000000003,23.114574,7.9987864,15.721011,0.45495206,0.0,0.015437862,23.2,8.0,15.0
490.5,23.117212,8.000356,16.14692,0.45495206,0.0,0.015437862,23.2,8.0,15.0
490.6,23.11969,8.001872,12.465675,0.4563257,0.0019683,0.014907215,23.2,8.0,15.0
490.70000000000005,23.12179,8.003387,8.948677,0.4563257,0.0019683,0.014907215,23.2,8.0,15.0
490.8,23.111998,7.998411,15.377072,5.0,0.0,-0.05,23.2,8.0,15.0
490.90000000000003,23.108553,7.9934406,19.277023,5.0,0.0,-0.05,23.2,8.0,15.0
491.0,23.106104,7.998446,17.401234,5.0,0.002537395,0.049762692,23.2,8.0,15.0
491.1,23.10187,8.003445,16.260847,5.0,0.002537395,0.049762692,23.2,8.0,15.0
491.20000000000005,23.105408,7.998468,16.35066,0.1,0.0,-0.05,23.2,8.0,15.0
491.3,23.108992,7.9934907,16.439636,0.1,0.0,-0.05,23.2,8.0,15.0
491.40000000000003,23.109426,7.993413,18.29493,2.350872,0.0,-0.0010401807,23.2,8.0,15.0
491.5,23.11088,7.993335,19.761717,2.350872,0.0,-0.0010401807,23.2,8.0,15.0
491.6,23.109537,7.99326,17.388687,4.51,0.0025621916,-0.0010401807,23.2,8.0,15.0
491.70000000000005,23.106092,7.993185,15.876065,4.51,0.0025621916,-0.0010401807,23.2,8.0,15.0
491.8,23.109903,7.9972568,15.969774,0.1,0.0,0.040507525,23.2,8.0,15.0
491.90000000000003,23.113768,8.001328,16.062555,0.1,0.0,0.040507525,23.2,8.0,15.0
492.0,23.117613,8.00453,11.555025,0.106941015,0.0021785812,0.031807646,23.2,8.0,15.0
492.1,23.12139,8.0077305,7.095452,0.106941015,0.0021785812,0.031807646,23.2,8.0,15.0
492.20000000000005,23.110435,8.002744,14.251237,5.0,0.0,-0.05,23.2,8.0,15.0
492.3,23.10656,7.997763,18.592335,5.0,0.0,-0.05,23.2,8.0,15.0
492.40000000000003,23.110744,8.0015,18.660143,0.101730175,0.0,0.037175454,23.2,8.0,15.0
492.5,23.11498,8.005238,18.727274,0.101730175,0.0,0.037175454,23.2,8.0,15.0
492.6,23.119198,8.007725,13.082729,0.10017302,0.0027,0.024677241,23.2,8.0,15.0
492.70000000000005,23.123323,8.010212,7.4944615,0.10017302,0.0027,0.024677241,23.2,8.0,15.0
492.8,23.113066,8.005221,14.493446,5.0,0.0,-0.05,23.2,8.0,15.0
492.90000000000003,23.109726,8.000237,18.73958,5.0,0.0,-0.05,23.2,8.0,15.0
493.0,23.112396,8.0041895,19.954842,2.0514724,0.0,0.03933277,23.2,8.0,15.0
493.1,23.115679,8.00814,20.944685,2.0514724,0.0,0.03933277,23.2,8.0,15.0
493.20000000000005,23.11999,8.011085,15.416354,0.29514724,0.0027,0.029256603,23.2,8.0,15.0
493.3,23.123938,8.0140295,10.048845,0.29514724,0.0027,0.029256603,23.2,8.0,15.0
493.40000000000003,23.128366,8.009049,10.200574,0.1,0.0,-0.05,23.2,8.0,15.0
493.5,23.132835,8.004069,10.350856,0.1,0.0,-0.05,23.2,8.0,15.0
493.6,23.132133,7.9996614,12.983386,1.9359046,0.0,-0.044272654,23.2,8.0,15.0
493.70000000000005,23.132616,7.995256,15.15304,1.9359046,0.0,-0.044272654,23.2,8.0,15.0
493.8,23.137302,7.9922385,15.254153,0.1,0.0,-0.030382419,23.2,8.0,15.0
493.90000000000003,23.142017,7.9892216,15.354313,0.1,0.0,-0.030382419,23.2,8.0,15.0
494.0,23.137537,7.989515,14.353741,4.51,0.0027,0.0025998557,23.2,8.0,15.0
494.1,23.132175,7.989808,13.714818,4.51,0.0027,0.0025998557,23.2,8.0,15.0
494.20000000000005,23.126263,7.991911,13.305915,4.51,0.0027,0.020706538,23.2,8.0,15.0
494.3,23.120005,7.994012,13.043267,4.51,0.0027,0.020706538,23.2,8.0,15.0
494.40000000000003,23.113535,7.9976687,12.8735485,4.51,0.0027,0.036293663,23.2,8.0,15.0
494.5,23.106937,8.001322,12.762837,4.51,0.0027,0.036293663,23.2,8.0,15.0
494.6,23.100513,8.004784,12.693234,4.413901,0.0026411638,0.03441322,23.2,8.0,15.0
494.70000000000005,23.094046,8.008242,12.645994,4.413901,0.0026411638,0.03441322,23.2,8.0,15.0
494.8,23.087553,8.011696,12.6131315,4.413901,0.0026411638,0.03441322,23.2,8.0,15.0
494.90000000000003,23.081043,8.015147,12.589514,4.413901,0.0026411638,0.03441322,23.2,8.0,15.0
495.0,23.074522,8.018595,12.571839,4.413901,0.0026411638,0.03441322,23.2,8.0,15.0
495.1,23.067991,8.022039,12.557986,4.413901,0.0026411638,0.03441322,23.2,8.0,15.0
495.20000000000005,23.069431,8.017058,14.311957,1.4872915,0.0,-0.05,23.2,8.0,15.0
495.3,23.071457,8.012079,15.824129,1.4872915,0.0,-0.05,23.2,8.0,15.0
495.40000000000003,23.076242,8.00855,15.91801,0.1,0.0,-0.035559956,23.2,8.0,15.0
495.5,23.081009,8.00502,16.011013,0.1,0.0,-0.035559956,23.2,8.0,15.0
495.6,23.085714,8.004731,12.883643,0.1,0.0015223407,-0.003160713,23.2,8.0,15.0
495.70000000000005,23.090317,8.004442,9.787427,0.1,0.0015223407,-0.003160713,23.2,8.0,15.0
495.8,23.0827,7.999468,15.87683,5.0,0.0,-0.05,23.2,8.0,15.0
495.90000000000003,23.08103,7.9944997,19.571663,5.0,0.0,-0.05,23.2,8.0,15.0
496.0,23.082943,7.989538,21.814882,5.0,0.0,-0.05,23.2,8.0,15.0
496.1,23.08701,7.984583,23.178112,5.0,0.0,-0.05,23.2,8.0,15.0
496.20000000000005,23.092373,7.989505,24.006607,5.0,0.0,0.048770115,23.2,8.0,15.0
496.3,23.09852,7.994421,24.509872,5.0,0.0,0.048770115,23.2,8.0,15.0
496.40000000000003,23.10341,7.9959917,24.560486,0.67201436,0.0,0.015410413,23.2,8.0,15.0
496.5,23.108267,7.9975624,24.607986,0.67201436,0.0,0.015410413,23.2,8.0,15.0
496.6,23.113651,7.996357,24.73868,2.109728,0.0,-0.012360191,23.2,8.0,15.0
496.70000000000005,23.11905,7.9951525,24.845423,2.109728,0.0,-0.012360191,23.2,8.0,15.0
496.8,23.124447,7.9945254,24.9327,2.1087441,0.0,-0.00658987,23.2,8.0,15.0
496.90000000000003,23.129835,7.993899,25.004223,2.1087441,0.0,-0.00658987,23.2,8.0,15.0
497.0,23.136244,7.9977446,25.110704,4.2412868,0.0,0.03812189,23.2,8.0,15.0
497.1,23.142698,8.001586,25.181261,4.2412868,0.0,0.03812189,23.2,8.0,15.0
497.20000000000005,23.149239,8.001631,25.230022,4.3841124,0.0,0.00017886638,23.2,8.0,15.0
497.3,23.155766,8.001676,25.263212,4.3841124,0.0,0.00017886638,23.2,8.0,15.0
497.40000000000003,23.15955,8.001257,20.453827,3.5551946,0.0027,-0.004458124,23.2,8.0,15.0
497.5,23.159683,8.000838,17.083614,3.5551946,0.0027,-0.004458124,23.2,8.0,15.0
497.6,23.160837,8.000631,12.820251,1.4146923,0.0027,-0.0023469212,23.2,8.0,15.0
497.70000000000005,23.160536,8.000424,9.119357,1.4146923,0.0027,-0.0023469212,23.2,8.0,15.0
497.8,23.151287,7.995455,15.49285,5.0,0.0,-0.05,23.2,8.0,15.0
497.90000000000003,23.148247,7.990491,19.359625,5.0,0.0,-0.05,23.2,8.0,15.0
498.0,23.151953,7.995501,13.074503,0.1,0.003,0.04982907,23.2,8.0,15.0
498.1,23.155457,8.000511,6.8519163,0.1,0.003,0.04982907,23.2,8.0,15.0
498.20000000000005,23.143799,7.99554,14.115099,5.0,0.0,-0.05,23.2,8.0,15.0
498.3,23.13923,7.990575,18.521154,5.0,0.0,-0.05,23.2,8.0,15.0
498.40000000000003,23.142761,7.994784,14.315779,0.10168759,0.0020212114,0.04183418,23.2,8.0,15.0
498.5,23.146145,7.9989924,10.15295,0.10168759,0.0020212114,0.04183418,23.2,8.0,15.0
498.6,23.149445,7.9940176,10.303894,0.1,0.0,-0.049999814,23.2,8.0,15.0
498.70000000000005,23.152712,7.9890423,10.45339,0.1,0.0,-0.049999814,23.2,8.0,15.0
498.8,23.155949,7.984067,10.601453,0.1,0.0,-0.04999957,23.2,8.0,15.0
498.90000000000003,23.159155,7.979091,10.748096,0.1,0.0,-0.04999957,23.2,8.0,15.0
499.0,23.162336,7.9837494,10.893306,0.1,0.0,0.04634677,23.2,8.0,15.0
499.1,23.165493,7.988407,11.0370655,0.1,0.0,0.04634677,23.2,8.0,15.0
499.20000000000005,23.168629,7.9921584,11.179393,0.1,0.0,0.037286393,23.2,8.0,15.0
499.3,23.171745,7.995909,11.320306,0.1,0.0,0.037286393,23.2,8.0,15.0
499.40000000000003,23.174847,7.9958553,11.459828,0.1,0.0,-0.0007582045,23.2,8.0,15.0
499.5,23.177935,7.995801,11.597986,0.1,0.0,-0.0007582045,23.2,8.0,15.0
499.6,23.181013,7.9946957,11.734796,0.1,0.0,-0.011268661,23.2,8.0,15.0
499.70000000000005,23.184082,7.99359,11.870274,0.1,0.0,-0.011268661,23.2,8.0,15.0
499.8,23.186722,7.9922066,12.207724,0.2534627,0.0,-0.014043402,23.2,8.0,15.0
499.90000000000003,23.189377,7.9908233,12.5367985,0.2534627,0.0,-0.014043402,23.2,8.0,15.0
